host nfh-005 job 16546497 task 5 phi 0.15 exps fig3 fig4
NVIDIA H200, 143771 MiB
[cases] 160 configurations: fig3:20, fig4:140
cluster created
Converged after 69 iterations (max diff = 8.461302e-09)
Elapsed time (GPU): 13.474 seconds
[truth] N=200 phi=0.15 seed=126: 15.4 s -> /mnt/ffs24/home/khanmd/pinn-stokes/tmp/nbody_moments_truth/uniform_N200_phi0.15_seed126.npz
cluster created
Converged after 70 iterations (max diff = 8.043182e-09)
Elapsed time (GPU): 10.998 seconds
[truth] N=200 phi=0.15 seed=127: 12.9 s -> /mnt/ffs24/home/khanmd/pinn-stokes/tmp/nbody_moments_truth/uniform_N200_phi0.15_seed127.npz
cluster created
Converged after 70 iterations (max diff = 9.749007e-09)
Elapsed time (GPU): 10.996 seconds
[truth] N=200 phi=0.15 seed=128: 12.9 s -> /mnt/ffs24/home/khanmd/pinn-stokes/tmp/nbody_moments_truth/uniform_N200_phi0.15_seed128.npz
cluster created
Converged after 67 iterations (max diff = 7.398888e-09)
Elapsed time (GPU): 10.527 seconds
[truth] N=200 phi=0.15 seed=129: 12.4 s -> /mnt/ffs24/home/khanmd/pinn-stokes/tmp/nbody_moments_truth/uniform_N200_phi0.15_seed129.npz
cluster created
Converged after 70 iterations (max diff = 8.233512e-09)
Elapsed time (GPU): 10.996 seconds
[truth] N=200 phi=0.15 seed=130: 12.9 s -> /mnt/ffs24/home/khanmd/pinn-stokes/tmp/nbody_moments_truth/uniform_N200_phi0.15_seed130.npz
cluster created
Converged after 71 iterations (max diff = 8.085566e-09)
Elapsed time (GPU): 11.153 seconds
[truth] N=200 phi=0.15 seed=131: 13.0 s -> /mnt/ffs24/home/khanmd/pinn-stokes/tmp/nbody_moments_truth/uniform_N200_phi0.15_seed131.npz
cluster created
Converged after 71 iterations (max diff = 7.469446e-09)
Elapsed time (GPU): 11.153 seconds
[truth] N=200 phi=0.15 seed=132: 13.0 s -> /mnt/ffs24/home/khanmd/pinn-stokes/tmp/nbody_moments_truth/uniform_N200_phi0.15_seed132.npz
cluster created
Converged after 69 iterations (max diff = 8.822585e-09)
Elapsed time (GPU): 23.245 seconds
[truth] N=300 phi=0.15 seed=123: 25.2 s -> /mnt/ffs24/home/khanmd/pinn-stokes/tmp/nbody_moments_truth/uniform_N300_phi0.15_seed123.npz
cluster created
Converged after 69 iterations (max diff = 7.932045e-09)
Elapsed time (GPU): 23.245 seconds
[truth] N=300 phi=0.15 seed=124: 25.2 s -> /mnt/ffs24/home/khanmd/pinn-stokes/tmp/nbody_moments_truth/uniform_N300_phi0.15_seed124.npz
cluster created
Converged after 70 iterations (max diff = 7.901869e-09)
Elapsed time (GPU): 23.580 seconds
[truth] N=300 phi=0.15 seed=125: 25.6 s -> /mnt/ffs24/home/khanmd/pinn-stokes/tmp/nbody_moments_truth/uniform_N300_phi0.15_seed125.npz
cluster created
Converged after 70 iterations (max diff = 9.856347e-09)
Elapsed time (GPU): 23.578 seconds
[truth] N=300 phi=0.15 seed=126: 25.5 s -> /mnt/ffs24/home/khanmd/pinn-stokes/tmp/nbody_moments_truth/uniform_N300_phi0.15_seed126.npz
cluster created
Converged after 70 iterations (max diff = 9.148927e-09)
Elapsed time (GPU): 23.582 seconds
[truth] N=300 phi=0.15 seed=127: 25.6 s -> /mnt/ffs24/home/khanmd/pinn-stokes/tmp/nbody_moments_truth/uniform_N300_phi0.15_seed127.npz
cluster created
Converged after 70 iterations (max diff = 9.213310e-09)
Elapsed time (GPU): 23.571 seconds
[truth] N=300 phi=0.15 seed=128: 25.5 s -> /mnt/ffs24/home/khanmd/pinn-stokes/tmp/nbody_moments_truth/uniform_N300_phi0.15_seed128.npz
cluster created
Converged after 69 iterations (max diff = 8.736261e-09)
Elapsed time (GPU): 23.236 seconds
[truth] N=300 phi=0.15 seed=129: 25.2 s -> /mnt/ffs24/home/khanmd/pinn-stokes/tmp/nbody_moments_truth/uniform_N300_phi0.15_seed129.npz
cluster created
Converged after 72 iterations (max diff = 7.355156e-09)
Elapsed time (GPU): 24.247 seconds
[truth] N=300 phi=0.15 seed=130: 26.2 s -> /mnt/ffs24/home/khanmd/pinn-stokes/tmp/nbody_moments_truth/uniform_N300_phi0.15_seed130.npz
cluster created
Converged after 69 iterations (max diff = 9.338205e-09)
Elapsed time (GPU): 23.236 seconds
[truth] N=300 phi=0.15 seed=131: 25.2 s -> /mnt/ffs24/home/khanmd/pinn-stokes/tmp/nbody_moments_truth/uniform_N300_phi0.15_seed131.npz
cluster created
Converged after 70 iterations (max diff = 7.868798e-09)
Elapsed time (GPU): 23.571 seconds
[truth] N=300 phi=0.15 seed=132: 25.5 s -> /mnt/ffs24/home/khanmd/pinn-stokes/tmp/nbody_moments_truth/uniform_N300_phi0.15_seed132.npz
cluster created
Converged after 69 iterations (max diff = 9.043240e-09)
Elapsed time (GPU): 0.435 seconds
[truth] N=20 phi=0.15 seed=5123: 2.2 s -> /mnt/ffs24/home/khanmd/pinn-stokes/tmp/nbody_moments_truth/uniform_N20_phi0.15_seed5123.npz
cluster created
Converged after 60 iterations (max diff = 7.209386e-09)
Elapsed time (GPU): 0.378 seconds
[truth] N=20 phi=0.15 seed=5124: 2.2 s -> /mnt/ffs24/home/khanmd/pinn-stokes/tmp/nbody_moments_truth/uniform_N20_phi0.15_seed5124.npz
cluster created
Converged after 63 iterations (max diff = 9.630281e-09)
Elapsed time (GPU): 0.397 seconds
[truth] N=20 phi=0.15 seed=5125: 2.2 s -> /mnt/ffs24/home/khanmd/pinn-stokes/tmp/nbody_moments_truth/uniform_N20_phi0.15_seed5125.npz
cluster created
Converged after 60 iterations (max diff = 7.200058e-09)
Elapsed time (GPU): 0.378 seconds
[truth] N=20 phi=0.15 seed=5126: 2.2 s -> /mnt/ffs24/home/khanmd/pinn-stokes/tmp/nbody_moments_truth/uniform_N20_phi0.15_seed5126.npz
cluster created
Converged after 37 iterations (max diff = 5.504860e-09)
Elapsed time (GPU): 0.234 seconds
[truth] N=20 phi=0.15 seed=5127: 2.0 s -> /mnt/ffs24/home/khanmd/pinn-stokes/tmp/nbody_moments_truth/uniform_N20_phi0.15_seed5127.npz
cluster created
Converged after 63 iterations (max diff = 7.766182e-09)
Elapsed time (GPU): 0.397 seconds
[truth] N=20 phi=0.15 seed=5128: 2.2 s -> /mnt/ffs24/home/khanmd/pinn-stokes/tmp/nbody_moments_truth/uniform_N20_phi0.15_seed5128.npz
cluster created
Converged after 55 iterations (max diff = 6.730276e-09)
Elapsed time (GPU): 0.347 seconds
[truth] N=20 phi=0.15 seed=5129: 2.1 s -> /mnt/ffs24/home/khanmd/pinn-stokes/tmp/nbody_moments_truth/uniform_N20_phi0.15_seed5129.npz
cluster created
Converged after 62 iterations (max diff = 8.351780e-09)
Elapsed time (GPU): 0.391 seconds
[truth] N=20 phi=0.15 seed=5130: 2.2 s -> /mnt/ffs24/home/khanmd/pinn-stokes/tmp/nbody_moments_truth/uniform_N20_phi0.15_seed5130.npz
cluster created
Converged after 52 iterations (max diff = 9.836747e-09)
Elapsed time (GPU): 0.328 seconds
[truth] N=20 phi=0.15 seed=5131: 2.1 s -> /mnt/ffs24/home/khanmd/pinn-stokes/tmp/nbody_moments_truth/uniform_N20_phi0.15_seed5131.npz
cluster created
Converged after 61 iterations (max diff = 7.542041e-09)
Elapsed time (GPU): 0.385 seconds
[truth] N=20 phi=0.15 seed=5132: 2.2 s -> /mnt/ffs24/home/khanmd/pinn-stokes/tmp/nbody_moments_truth/uniform_N20_phi0.15_seed5132.npz
cluster created
Converged after 62 iterations (max diff = 9.641350e-09)
Elapsed time (GPU): 0.583 seconds
[truth] N=30 phi=0.15 seed=5223: 2.4 s -> /mnt/ffs24/home/khanmd/pinn-stokes/tmp/nbody_moments_truth/uniform_N30_phi0.15_seed5223.npz
cluster created
Converged after 53 iterations (max diff = 7.250593e-09)
Elapsed time (GPU): 0.498 seconds
[truth] N=30 phi=0.15 seed=5224: 2.3 s -> /mnt/ffs24/home/khanmd/pinn-stokes/tmp/nbody_moments_truth/uniform_N30_phi0.15_seed5224.npz
cluster created
Converged after 66 iterations (max diff = 7.109224e-09)
Elapsed time (GPU): 0.620 seconds
[truth] N=30 phi=0.15 seed=5225: 2.4 s -> /mnt/ffs24/home/khanmd/pinn-stokes/tmp/nbody_moments_truth/uniform_N30_phi0.15_seed5225.npz
cluster created
Converged after 69 iterations (max diff = 7.373133e-09)
Elapsed time (GPU): 0.648 seconds
[truth] N=30 phi=0.15 seed=5226: 2.4 s -> /mnt/ffs24/home/khanmd/pinn-stokes/tmp/nbody_moments_truth/uniform_N30_phi0.15_seed5226.npz
cluster created
Converged after 56 iterations (max diff = 9.543729e-09)
Elapsed time (GPU): 0.527 seconds
[truth] N=30 phi=0.15 seed=5227: 2.3 s -> /mnt/ffs24/home/khanmd/pinn-stokes/tmp/nbody_moments_truth/uniform_N30_phi0.15_seed5227.npz
cluster created
Converged after 68 iterations (max diff = 8.531272e-09)
Elapsed time (GPU): 0.639 seconds
[truth] N=30 phi=0.15 seed=5228: 2.4 s -> /mnt/ffs24/home/khanmd/pinn-stokes/tmp/nbody_moments_truth/uniform_N30_phi0.15_seed5228.npz
cluster created
Converged after 68 iterations (max diff = 9.069735e-09)
Elapsed time (GPU): 0.639 seconds
[truth] N=30 phi=0.15 seed=5229: 2.4 s -> /mnt/ffs24/home/khanmd/pinn-stokes/tmp/nbody_moments_truth/uniform_N30_phi0.15_seed5229.npz
cluster created
Converged after 59 iterations (max diff = 7.259804e-09)
Elapsed time (GPU): 0.555 seconds
[truth] N=30 phi=0.15 seed=5230: 2.4 s -> /mnt/ffs24/home/khanmd/pinn-stokes/tmp/nbody_moments_truth/uniform_N30_phi0.15_seed5230.npz
cluster created
Converged after 70 iterations (max diff = 8.535490e-09)
Elapsed time (GPU): 0.658 seconds
[truth] N=30 phi=0.15 seed=5231: 2.4 s -> /mnt/ffs24/home/khanmd/pinn-stokes/tmp/nbody_moments_truth/uniform_N30_phi0.15_seed5231.npz
cluster created
Converged after 66 iterations (max diff = 7.764732e-09)
Elapsed time (GPU): 0.621 seconds
[truth] N=30 phi=0.15 seed=5232: 2.4 s -> /mnt/ffs24/home/khanmd/pinn-stokes/tmp/nbody_moments_truth/uniform_N30_phi0.15_seed5232.npz
cluster created
Converged after 68 iterations (max diff = 8.877191e-09)
Elapsed time (GPU): 0.866 seconds
[truth] N=40 phi=0.15 seed=5323: 2.7 s -> /mnt/ffs24/home/khanmd/pinn-stokes/tmp/nbody_moments_truth/uniform_N40_phi0.15_seed5323.npz
cluster created
Converged after 60 iterations (max diff = 8.894188e-09)
Elapsed time (GPU): 0.764 seconds
[truth] N=40 phi=0.15 seed=5324: 2.6 s -> /mnt/ffs24/home/khanmd/pinn-stokes/tmp/nbody_moments_truth/uniform_N40_phi0.15_seed5324.npz
cluster created
Converged after 67 iterations (max diff = 7.825548e-09)
Elapsed time (GPU): 0.853 seconds
[truth] N=40 phi=0.15 seed=5325: 2.7 s -> /mnt/ffs24/home/khanmd/pinn-stokes/tmp/nbody_moments_truth/uniform_N40_phi0.15_seed5325.npz
cluster created
Converged after 61 iterations (max diff = 9.976760e-09)
Elapsed time (GPU): 0.777 seconds
[truth] N=40 phi=0.15 seed=5326: 2.6 s -> /mnt/ffs24/home/khanmd/pinn-stokes/tmp/nbody_moments_truth/uniform_N40_phi0.15_seed5326.npz
cluster created
Converged after 62 iterations (max diff = 8.725993e-09)
Elapsed time (GPU): 0.790 seconds
[truth] N=40 phi=0.15 seed=5327: 2.6 s -> /mnt/ffs24/home/khanmd/pinn-stokes/tmp/nbody_moments_truth/uniform_N40_phi0.15_seed5327.npz
cluster created
Converged after 58 iterations (max diff = 7.853859e-09)
Elapsed time (GPU): 0.739 seconds
[truth] N=40 phi=0.15 seed=5328: 2.5 s -> /mnt/ffs24/home/khanmd/pinn-stokes/tmp/nbody_moments_truth/uniform_N40_phi0.15_seed5328.npz
cluster created
Converged after 57 iterations (max diff = 8.948174e-09)
Elapsed time (GPU): 0.726 seconds
[truth] N=40 phi=0.15 seed=5329: 2.6 s -> /mnt/ffs24/home/khanmd/pinn-stokes/tmp/nbody_moments_truth/uniform_N40_phi0.15_seed5329.npz
cluster created
Converged after 69 iterations (max diff = 7.853156e-09)
Elapsed time (GPU): 0.879 seconds
[truth] N=40 phi=0.15 seed=5330: 2.7 s -> /mnt/ffs24/home/khanmd/pinn-stokes/tmp/nbody_moments_truth/uniform_N40_phi0.15_seed5330.npz
cluster created
Converged after 53 iterations (max diff = 9.142856e-09)
Elapsed time (GPU): 0.675 seconds
[truth] N=40 phi=0.15 seed=5331: 2.5 s -> /mnt/ffs24/home/khanmd/pinn-stokes/tmp/nbody_moments_truth/uniform_N40_phi0.15_seed5331.npz
cluster created
Converged after 63 iterations (max diff = 9.697661e-09)
Elapsed time (GPU): 0.803 seconds
[truth] N=40 phi=0.15 seed=5332: 2.6 s -> /mnt/ffs24/home/khanmd/pinn-stokes/tmp/nbody_moments_truth/uniform_N40_phi0.15_seed5332.npz
cluster created
Converged after 57 iterations (max diff = 9.680985e-09)
Elapsed time (GPU): 0.928 seconds
[truth] N=50 phi=0.15 seed=5423: 2.7 s -> /mnt/ffs24/home/khanmd/pinn-stokes/tmp/nbody_moments_truth/uniform_N50_phi0.15_seed5423.npz
cluster created
Converged after 64 iterations (max diff = 7.579731e-09)
Elapsed time (GPU): 1.042 seconds
[truth] N=50 phi=0.15 seed=5424: 2.8 s -> /mnt/ffs24/home/khanmd/pinn-stokes/tmp/nbody_moments_truth/uniform_N50_phi0.15_seed5424.npz
cluster created
Converged after 47 iterations (max diff = 9.711887e-09)
Elapsed time (GPU): 0.766 seconds
[truth] N=50 phi=0.15 seed=5425: 2.6 s -> /mnt/ffs24/home/khanmd/pinn-stokes/tmp/nbody_moments_truth/uniform_N50_phi0.15_seed5425.npz
cluster created
Converged after 63 iterations (max diff = 9.277227e-09)
Elapsed time (GPU): 1.026 seconds
[truth] N=50 phi=0.15 seed=5426: 2.8 s -> /mnt/ffs24/home/khanmd/pinn-stokes/tmp/nbody_moments_truth/uniform_N50_phi0.15_seed5426.npz
cluster created
Converged after 66 iterations (max diff = 9.274768e-09)
Elapsed time (GPU): 1.075 seconds
[truth] N=50 phi=0.15 seed=5427: 2.9 s -> /mnt/ffs24/home/khanmd/pinn-stokes/tmp/nbody_moments_truth/uniform_N50_phi0.15_seed5427.npz
cluster created
Converged after 65 iterations (max diff = 7.855867e-09)
Elapsed time (GPU): 1.058 seconds
[truth] N=50 phi=0.15 seed=5428: 2.8 s -> /mnt/ffs24/home/khanmd/pinn-stokes/tmp/nbody_moments_truth/uniform_N50_phi0.15_seed5428.npz
cluster created
Converged after 65 iterations (max diff = 9.637410e-09)
Elapsed time (GPU): 1.058 seconds
[truth] N=50 phi=0.15 seed=5429: 2.8 s -> /mnt/ffs24/home/khanmd/pinn-stokes/tmp/nbody_moments_truth/uniform_N50_phi0.15_seed5429.npz
cluster created
Converged after 70 iterations (max diff = 8.592064e-09)
Elapsed time (GPU): 1.140 seconds
[truth] N=50 phi=0.15 seed=5430: 2.9 s -> /mnt/ffs24/home/khanmd/pinn-stokes/tmp/nbody_moments_truth/uniform_N50_phi0.15_seed5430.npz
cluster created
Converged after 61 iterations (max diff = 6.859938e-09)
Elapsed time (GPU): 0.993 seconds
[truth] N=50 phi=0.15 seed=5431: 2.8 s -> /mnt/ffs24/home/khanmd/pinn-stokes/tmp/nbody_moments_truth/uniform_N50_phi0.15_seed5431.npz
cluster created
Converged after 59 iterations (max diff = 7.229270e-09)
Elapsed time (GPU): 0.961 seconds
[truth] N=50 phi=0.15 seed=5432: 2.8 s -> /mnt/ffs24/home/khanmd/pinn-stokes/tmp/nbody_moments_truth/uniform_N50_phi0.15_seed5432.npz
cluster created
Converged after 52 iterations (max diff = 8.088057e-09)
Elapsed time (GPU): 1.040 seconds
[truth] N=60 phi=0.15 seed=5523: 2.8 s -> /mnt/ffs24/home/khanmd/pinn-stokes/tmp/nbody_moments_truth/uniform_N60_phi0.15_seed5523.npz
cluster created
Converged after 73 iterations (max diff = 9.938068e-09)
Elapsed time (GPU): 1.460 seconds
[truth] N=60 phi=0.15 seed=5524: 3.3 s -> /mnt/ffs24/home/khanmd/pinn-stokes/tmp/nbody_moments_truth/uniform_N60_phi0.15_seed5524.npz
cluster created
Converged after 63 iterations (max diff = 7.698687e-09)
Elapsed time (GPU): 1.260 seconds
[truth] N=60 phi=0.15 seed=5525: 3.1 s -> /mnt/ffs24/home/khanmd/pinn-stokes/tmp/nbody_moments_truth/uniform_N60_phi0.15_seed5525.npz
cluster created
Converged after 60 iterations (max diff = 8.259581e-09)
Elapsed time (GPU): 1.200 seconds
[truth] N=60 phi=0.15 seed=5526: 3.0 s -> /mnt/ffs24/home/khanmd/pinn-stokes/tmp/nbody_moments_truth/uniform_N60_phi0.15_seed5526.npz
cluster created
Converged after 68 iterations (max diff = 8.894763e-09)
Elapsed time (GPU): 1.360 seconds
[truth] N=60 phi=0.15 seed=5527: 3.2 s -> /mnt/ffs24/home/khanmd/pinn-stokes/tmp/nbody_moments_truth/uniform_N60_phi0.15_seed5527.npz
cluster created
Converged after 63 iterations (max diff = 9.032503e-09)
Elapsed time (GPU): 1.261 seconds
[truth] N=60 phi=0.15 seed=5528: 3.1 s -> /mnt/ffs24/home/khanmd/pinn-stokes/tmp/nbody_moments_truth/uniform_N60_phi0.15_seed5528.npz
cluster created
Converged after 64 iterations (max diff = 8.666696e-09)
Elapsed time (GPU): 1.280 seconds
[truth] N=60 phi=0.15 seed=5529: 3.1 s -> /mnt/ffs24/home/khanmd/pinn-stokes/tmp/nbody_moments_truth/uniform_N60_phi0.15_seed5529.npz
cluster created
Converged after 62 iterations (max diff = 7.754037e-09)
Elapsed time (GPU): 1.240 seconds
[truth] N=60 phi=0.15 seed=5530: 3.0 s -> /mnt/ffs24/home/khanmd/pinn-stokes/tmp/nbody_moments_truth/uniform_N60_phi0.15_seed5530.npz
cluster created
Converged after 67 iterations (max diff = 8.798162e-09)
Elapsed time (GPU): 1.340 seconds
[truth] N=60 phi=0.15 seed=5531: 3.1 s -> /mnt/ffs24/home/khanmd/pinn-stokes/tmp/nbody_moments_truth/uniform_N60_phi0.15_seed5531.npz
cluster created
Converged after 63 iterations (max diff = 8.740675e-09)
Elapsed time (GPU): 1.261 seconds
[truth] N=60 phi=0.15 seed=5532: 3.1 s -> /mnt/ffs24/home/khanmd/pinn-stokes/tmp/nbody_moments_truth/uniform_N60_phi0.15_seed5532.npz
cluster created
Converged after 64 iterations (max diff = 7.423083e-09)
Elapsed time (GPU): 1.674 seconds
[truth] N=70 phi=0.15 seed=5623: 3.5 s -> /mnt/ffs24/home/khanmd/pinn-stokes/tmp/nbody_moments_truth/uniform_N70_phi0.15_seed5623.npz
cluster created
Converged after 69 iterations (max diff = 7.327514e-09)
Elapsed time (GPU): 1.801 seconds
[truth] N=70 phi=0.15 seed=5624: 3.6 s -> /mnt/ffs24/home/khanmd/pinn-stokes/tmp/nbody_moments_truth/uniform_N70_phi0.15_seed5624.npz
cluster created
Converged after 73 iterations (max diff = 8.506871e-09)
Elapsed time (GPU): 1.910 seconds
[truth] N=70 phi=0.15 seed=5625: 3.7 s -> /mnt/ffs24/home/khanmd/pinn-stokes/tmp/nbody_moments_truth/uniform_N70_phi0.15_seed5625.npz
cluster created
Converged after 69 iterations (max diff = 8.513887e-09)
Elapsed time (GPU): 1.800 seconds
[truth] N=70 phi=0.15 seed=5626: 3.6 s -> /mnt/ffs24/home/khanmd/pinn-stokes/tmp/nbody_moments_truth/uniform_N70_phi0.15_seed5626.npz
cluster created
Converged after 63 iterations (max diff = 6.646848e-09)
Elapsed time (GPU): 1.648 seconds
[truth] N=70 phi=0.15 seed=5627: 3.4 s -> /mnt/ffs24/home/khanmd/pinn-stokes/tmp/nbody_moments_truth/uniform_N70_phi0.15_seed5627.npz
cluster created
Converged after 63 iterations (max diff = 8.610535e-09)
Elapsed time (GPU): 1.644 seconds
[truth] N=70 phi=0.15 seed=5628: 3.4 s -> /mnt/ffs24/home/khanmd/pinn-stokes/tmp/nbody_moments_truth/uniform_N70_phi0.15_seed5628.npz
cluster created
Converged after 61 iterations (max diff = 8.356569e-09)
Elapsed time (GPU): 1.596 seconds
[truth] N=70 phi=0.15 seed=5629: 3.4 s -> /mnt/ffs24/home/khanmd/pinn-stokes/tmp/nbody_moments_truth/uniform_N70_phi0.15_seed5629.npz
cluster created
Converged after 58 iterations (max diff = 9.390615e-09)
Elapsed time (GPU): 1.512 seconds
[truth] N=70 phi=0.15 seed=5630: 3.3 s -> /mnt/ffs24/home/khanmd/pinn-stokes/tmp/nbody_moments_truth/uniform_N70_phi0.15_seed5630.npz
cluster created
Converged after 70 iterations (max diff = 7.713406e-09)
Elapsed time (GPU): 1.830 seconds
[truth] N=70 phi=0.15 seed=5631: 3.6 s -> /mnt/ffs24/home/khanmd/pinn-stokes/tmp/nbody_moments_truth/uniform_N70_phi0.15_seed5631.npz
cluster created
Converged after 58 iterations (max diff = 8.251492e-09)
Elapsed time (GPU): 1.514 seconds
[truth] N=70 phi=0.15 seed=5632: 3.3 s -> /mnt/ffs24/home/khanmd/pinn-stokes/tmp/nbody_moments_truth/uniform_N70_phi0.15_seed5632.npz
cluster created
Converged after 76 iterations (max diff = 7.367045e-09)
Elapsed time (GPU): 2.531 seconds
[truth] N=80 phi=0.15 seed=5723: 4.4 s -> /mnt/ffs24/home/khanmd/pinn-stokes/tmp/nbody_moments_truth/uniform_N80_phi0.15_seed5723.npz
cluster created
Converged after 72 iterations (max diff = 7.824669e-09)
Elapsed time (GPU): 2.374 seconds
[truth] N=80 phi=0.15 seed=5724: 4.2 s -> /mnt/ffs24/home/khanmd/pinn-stokes/tmp/nbody_moments_truth/uniform_N80_phi0.15_seed5724.npz
cluster created
Converged after 65 iterations (max diff = 8.980271e-09)
Elapsed time (GPU): 2.150 seconds
[truth] N=80 phi=0.15 seed=5725: 3.9 s -> /mnt/ffs24/home/khanmd/pinn-stokes/tmp/nbody_moments_truth/uniform_N80_phi0.15_seed5725.npz
cluster created
Converged after 72 iterations (max diff = 9.748979e-09)
Elapsed time (GPU): 2.373 seconds
[truth] N=80 phi=0.15 seed=5726: 4.2 s -> /mnt/ffs24/home/khanmd/pinn-stokes/tmp/nbody_moments_truth/uniform_N80_phi0.15_seed5726.npz
cluster created
Converged after 65 iterations (max diff = 8.950678e-09)
Elapsed time (GPU): 2.152 seconds
[truth] N=80 phi=0.15 seed=5727: 3.9 s -> /mnt/ffs24/home/khanmd/pinn-stokes/tmp/nbody_moments_truth/uniform_N80_phi0.15_seed5727.npz
cluster created
Converged after 65 iterations (max diff = 9.522567e-09)
Elapsed time (GPU): 2.144 seconds
[truth] N=80 phi=0.15 seed=5728: 3.9 s -> /mnt/ffs24/home/khanmd/pinn-stokes/tmp/nbody_moments_truth/uniform_N80_phi0.15_seed5728.npz
cluster created
Converged after 68 iterations (max diff = 9.462881e-09)
Elapsed time (GPU): 2.248 seconds
[truth] N=80 phi=0.15 seed=5729: 4.1 s -> /mnt/ffs24/home/khanmd/pinn-stokes/tmp/nbody_moments_truth/uniform_N80_phi0.15_seed5729.npz
cluster created
Converged after 61 iterations (max diff = 7.423799e-09)
Elapsed time (GPU): 2.014 seconds
[truth] N=80 phi=0.15 seed=5730: 3.8 s -> /mnt/ffs24/home/khanmd/pinn-stokes/tmp/nbody_moments_truth/uniform_N80_phi0.15_seed5730.npz
cluster created
Converged after 66 iterations (max diff = 7.721052e-09)
Elapsed time (GPU): 2.183 seconds
[truth] N=80 phi=0.15 seed=5731: 4.0 s -> /mnt/ffs24/home/khanmd/pinn-stokes/tmp/nbody_moments_truth/uniform_N80_phi0.15_seed5731.npz
cluster created
Converged after 60 iterations (max diff = 6.710976e-09)
Elapsed time (GPU): 1.978 seconds
[truth] N=80 phi=0.15 seed=5732: 3.8 s -> /mnt/ffs24/home/khanmd/pinn-stokes/tmp/nbody_moments_truth/uniform_N80_phi0.15_seed5732.npz
cluster created
Converged after 66 iterations (max diff = 7.618814e-09)
Elapsed time (GPU): 2.451 seconds
[truth] N=90 phi=0.15 seed=5823: 4.3 s -> /mnt/ffs24/home/khanmd/pinn-stokes/tmp/nbody_moments_truth/uniform_N90_phi0.15_seed5823.npz
cluster created
Converged after 71 iterations (max diff = 7.884536e-09)
Elapsed time (GPU): 2.632 seconds
[truth] N=90 phi=0.15 seed=5824: 4.4 s -> /mnt/ffs24/home/khanmd/pinn-stokes/tmp/nbody_moments_truth/uniform_N90_phi0.15_seed5824.npz
cluster created
Converged after 63 iterations (max diff = 9.755819e-09)
Elapsed time (GPU): 2.341 seconds
[truth] N=90 phi=0.15 seed=5825: 4.1 s -> /mnt/ffs24/home/khanmd/pinn-stokes/tmp/nbody_moments_truth/uniform_N90_phi0.15_seed5825.npz
cluster created
Converged after 70 iterations (max diff = 9.879126e-09)
Elapsed time (GPU): 2.595 seconds
[truth] N=90 phi=0.15 seed=5826: 4.4 s -> /mnt/ffs24/home/khanmd/pinn-stokes/tmp/nbody_moments_truth/uniform_N90_phi0.15_seed5826.npz
cluster created
Converged after 72 iterations (max diff = 8.574317e-09)
Elapsed time (GPU): 2.674 seconds
[truth] N=90 phi=0.15 seed=5827: 4.5 s -> /mnt/ffs24/home/khanmd/pinn-stokes/tmp/nbody_moments_truth/uniform_N90_phi0.15_seed5827.npz
cluster created
Converged after 59 iterations (max diff = 9.931099e-09)
Elapsed time (GPU): 2.187 seconds
[truth] N=90 phi=0.15 seed=5828: 4.0 s -> /mnt/ffs24/home/khanmd/pinn-stokes/tmp/nbody_moments_truth/uniform_N90_phi0.15_seed5828.npz
cluster created
Converged after 71 iterations (max diff = 7.626280e-09)
Elapsed time (GPU): 2.637 seconds
[truth] N=90 phi=0.15 seed=5829: 4.4 s -> /mnt/ffs24/home/khanmd/pinn-stokes/tmp/nbody_moments_truth/uniform_N90_phi0.15_seed5829.npz
cluster created
Converged after 59 iterations (max diff = 8.316729e-09)
Elapsed time (GPU): 2.187 seconds
[truth] N=90 phi=0.15 seed=5830: 4.0 s -> /mnt/ffs24/home/khanmd/pinn-stokes/tmp/nbody_moments_truth/uniform_N90_phi0.15_seed5830.npz
cluster created
Converged after 70 iterations (max diff = 7.689296e-09)
Elapsed time (GPU): 2.599 seconds
[truth] N=90 phi=0.15 seed=5831: 4.4 s -> /mnt/ffs24/home/khanmd/pinn-stokes/tmp/nbody_moments_truth/uniform_N90_phi0.15_seed5831.npz
cluster created
Converged after 59 iterations (max diff = 8.500335e-09)
Elapsed time (GPU): 2.186 seconds
[truth] N=90 phi=0.15 seed=5832: 4.0 s -> /mnt/ffs24/home/khanmd/pinn-stokes/tmp/nbody_moments_truth/uniform_N90_phi0.15_seed5832.npz
cluster created
Converged after 64 iterations (max diff = 9.154698e-09)
Elapsed time (GPU): 2.937 seconds
[truth] N=100 phi=0.15 seed=5923: 4.7 s -> /mnt/ffs24/home/khanmd/pinn-stokes/tmp/nbody_moments_truth/uniform_N100_phi0.15_seed5923.npz
cluster created
Converged after 68 iterations (max diff = 7.536434e-09)
Elapsed time (GPU): 3.120 seconds
[truth] N=100 phi=0.15 seed=5924: 4.9 s -> /mnt/ffs24/home/khanmd/pinn-stokes/tmp/nbody_moments_truth/uniform_N100_phi0.15_seed5924.npz
cluster created
Converged after 60 iterations (max diff = 9.847335e-09)
Elapsed time (GPU): 2.753 seconds
[truth] N=100 phi=0.15 seed=5925: 4.6 s -> /mnt/ffs24/home/khanmd/pinn-stokes/tmp/nbody_moments_truth/uniform_N100_phi0.15_seed5925.npz
cluster created
Converged after 65 iterations (max diff = 9.409274e-09)
Elapsed time (GPU): 2.982 seconds
[truth] N=100 phi=0.15 seed=5926: 4.8 s -> /mnt/ffs24/home/khanmd/pinn-stokes/tmp/nbody_moments_truth/uniform_N100_phi0.15_seed5926.npz
cluster created
Converged after 74 iterations (max diff = 9.210498e-09)
Elapsed time (GPU): 3.396 seconds
[truth] N=100 phi=0.15 seed=5927: 5.2 s -> /mnt/ffs24/home/khanmd/pinn-stokes/tmp/nbody_moments_truth/uniform_N100_phi0.15_seed5927.npz
cluster created
Converged after 66 iterations (max diff = 8.131340e-09)
Elapsed time (GPU): 3.028 seconds
[truth] N=100 phi=0.15 seed=5928: 4.8 s -> /mnt/ffs24/home/khanmd/pinn-stokes/tmp/nbody_moments_truth/uniform_N100_phi0.15_seed5928.npz
cluster created
Converged after 65 iterations (max diff = 9.505046e-09)
Elapsed time (GPU): 2.983 seconds
[truth] N=100 phi=0.15 seed=5929: 4.8 s -> /mnt/ffs24/home/khanmd/pinn-stokes/tmp/nbody_moments_truth/uniform_N100_phi0.15_seed5929.npz
cluster created
Converged after 64 iterations (max diff = 9.423493e-09)
Elapsed time (GPU): 2.937 seconds
[truth] N=100 phi=0.15 seed=5930: 4.7 s -> /mnt/ffs24/home/khanmd/pinn-stokes/tmp/nbody_moments_truth/uniform_N100_phi0.15_seed5930.npz
cluster created
Converged after 70 iterations (max diff = 7.183763e-09)
Elapsed time (GPU): 3.212 seconds
[truth] N=100 phi=0.15 seed=5931: 5.0 s -> /mnt/ffs24/home/khanmd/pinn-stokes/tmp/nbody_moments_truth/uniform_N100_phi0.15_seed5931.npz
cluster created
Converged after 66 iterations (max diff = 9.718382e-09)
Elapsed time (GPU): 3.028 seconds
[truth] N=100 phi=0.15 seed=5932: 4.8 s -> /mnt/ffs24/home/khanmd/pinn-stokes/tmp/nbody_moments_truth/uniform_N100_phi0.15_seed5932.npz
cluster created
Converged after 72 iterations (max diff = 7.038232e-09)
Elapsed time (GPU): 3.824 seconds
[truth] N=120 phi=0.15 seed=6023: 5.6 s -> /mnt/ffs24/home/khanmd/pinn-stokes/tmp/nbody_moments_truth/uniform_N120_phi0.15_seed6023.npz
cluster created
Converged after 75 iterations (max diff = 9.953219e-09)
Elapsed time (GPU): 3.983 seconds
[truth] N=120 phi=0.15 seed=6024: 5.8 s -> /mnt/ffs24/home/khanmd/pinn-stokes/tmp/nbody_moments_truth/uniform_N120_phi0.15_seed6024.npz
cluster created
Converged after 69 iterations (max diff = 7.582022e-09)
Elapsed time (GPU): 3.667 seconds
[truth] N=120 phi=0.15 seed=6025: 5.5 s -> /mnt/ffs24/home/khanmd/pinn-stokes/tmp/nbody_moments_truth/uniform_N120_phi0.15_seed6025.npz
cluster created
Converged after 67 iterations (max diff = 8.235458e-09)
Elapsed time (GPU): 3.558 seconds
[truth] N=120 phi=0.15 seed=6026: 5.4 s -> /mnt/ffs24/home/khanmd/pinn-stokes/tmp/nbody_moments_truth/uniform_N120_phi0.15_seed6026.npz
cluster created
Converged after 64 iterations (max diff = 9.231479e-09)
Elapsed time (GPU): 3.399 seconds
[truth] N=120 phi=0.15 seed=6027: 5.2 s -> /mnt/ffs24/home/khanmd/pinn-stokes/tmp/nbody_moments_truth/uniform_N120_phi0.15_seed6027.npz
cluster created
Converged after 70 iterations (max diff = 9.047621e-09)
Elapsed time (GPU): 3.719 seconds
[truth] N=120 phi=0.15 seed=6028: 5.5 s -> /mnt/ffs24/home/khanmd/pinn-stokes/tmp/nbody_moments_truth/uniform_N120_phi0.15_seed6028.npz
cluster created
Converged after 64 iterations (max diff = 8.099148e-09)
Elapsed time (GPU): 3.401 seconds
[truth] N=120 phi=0.15 seed=6029: 5.2 s -> /mnt/ffs24/home/khanmd/pinn-stokes/tmp/nbody_moments_truth/uniform_N120_phi0.15_seed6029.npz
cluster created
Converged after 70 iterations (max diff = 9.357312e-09)
Elapsed time (GPU): 3.719 seconds
[truth] N=120 phi=0.15 seed=6030: 5.5 s -> /mnt/ffs24/home/khanmd/pinn-stokes/tmp/nbody_moments_truth/uniform_N120_phi0.15_seed6030.npz
cluster created
Converged after 70 iterations (max diff = 8.138527e-09)
Elapsed time (GPU): 3.717 seconds
[truth] N=120 phi=0.15 seed=6031: 5.5 s -> /mnt/ffs24/home/khanmd/pinn-stokes/tmp/nbody_moments_truth/uniform_N120_phi0.15_seed6031.npz
cluster created
Converged after 70 iterations (max diff = 9.908895e-09)
Elapsed time (GPU): 3.718 seconds
[truth] N=120 phi=0.15 seed=6032: 5.5 s -> /mnt/ffs24/home/khanmd/pinn-stokes/tmp/nbody_moments_truth/uniform_N120_phi0.15_seed6032.npz
cluster created
Converged after 68 iterations (max diff = 8.031775e-09)
Elapsed time (GPU): 6.957 seconds
[truth] N=140 phi=0.15 seed=6123: 8.8 s -> /mnt/ffs24/home/khanmd/pinn-stokes/tmp/nbody_moments_truth/uniform_N140_phi0.15_seed6123.npz
cluster created
Converged after 70 iterations (max diff = 7.162815e-09)
Elapsed time (GPU): 7.161 seconds
[truth] N=140 phi=0.15 seed=6124: 9.0 s -> /mnt/ffs24/home/khanmd/pinn-stokes/tmp/nbody_moments_truth/uniform_N140_phi0.15_seed6124.npz
cluster created
Converged after 66 iterations (max diff = 9.584844e-09)
Elapsed time (GPU): 6.753 seconds
[truth] N=140 phi=0.15 seed=6125: 8.6 s -> /mnt/ffs24/home/khanmd/pinn-stokes/tmp/nbody_moments_truth/uniform_N140_phi0.15_seed6125.npz
cluster created
Converged after 70 iterations (max diff = 9.849191e-09)
Elapsed time (GPU): 7.162 seconds
[truth] N=140 phi=0.15 seed=6126: 9.0 s -> /mnt/ffs24/home/khanmd/pinn-stokes/tmp/nbody_moments_truth/uniform_N140_phi0.15_seed6126.npz
cluster created
Converged after 70 iterations (max diff = 7.832483e-09)
Elapsed time (GPU): 7.162 seconds
[truth] N=140 phi=0.15 seed=6127: 9.0 s -> /mnt/ffs24/home/khanmd/pinn-stokes/tmp/nbody_moments_truth/uniform_N140_phi0.15_seed6127.npz
cluster created
Converged after 71 iterations (max diff = 7.497031e-09)
Elapsed time (GPU): 7.264 seconds
[truth] N=140 phi=0.15 seed=6128: 9.1 s -> /mnt/ffs24/home/khanmd/pinn-stokes/tmp/nbody_moments_truth/uniform_N140_phi0.15_seed6128.npz
cluster created
Converged after 67 iterations (max diff = 9.543166e-09)
Elapsed time (GPU): 6.855 seconds
[truth] N=140 phi=0.15 seed=6129: 8.7 s -> /mnt/ffs24/home/khanmd/pinn-stokes/tmp/nbody_moments_truth/uniform_N140_phi0.15_seed6129.npz
cluster created
Converged after 68 iterations (max diff = 9.951188e-09)
Elapsed time (GPU): 6.957 seconds
[truth] N=140 phi=0.15 seed=6130: 8.8 s -> /mnt/ffs24/home/khanmd/pinn-stokes/tmp/nbody_moments_truth/uniform_N140_phi0.15_seed6130.npz
cluster created
Converged after 73 iterations (max diff = 9.857461e-09)
Elapsed time (GPU): 7.469 seconds
[truth] N=140 phi=0.15 seed=6131: 9.3 s -> /mnt/ffs24/home/khanmd/pinn-stokes/tmp/nbody_moments_truth/uniform_N140_phi0.15_seed6131.npz
cluster created
Converged after 69 iterations (max diff = 7.963999e-09)
Elapsed time (GPU): 7.059 seconds
[truth] N=140 phi=0.15 seed=6132: 8.9 s -> /mnt/ffs24/home/khanmd/pinn-stokes/tmp/nbody_moments_truth/uniform_N140_phi0.15_seed6132.npz
cluster created
Converged after 67 iterations (max diff = 7.657415e-09)
Elapsed time (GPU): 8.047 seconds
[truth] N=160 phi=0.15 seed=6223: 9.9 s -> /mnt/ffs24/home/khanmd/pinn-stokes/tmp/nbody_moments_truth/uniform_N160_phi0.15_seed6223.npz
cluster created
Converged after 68 iterations (max diff = 9.177725e-09)
Elapsed time (GPU): 8.167 seconds
[truth] N=160 phi=0.15 seed=6224: 10.0 s -> /mnt/ffs24/home/khanmd/pinn-stokes/tmp/nbody_moments_truth/uniform_N160_phi0.15_seed6224.npz
cluster created
Converged after 66 iterations (max diff = 8.368000e-09)
Elapsed time (GPU): 7.928 seconds
[truth] N=160 phi=0.15 seed=6225: 9.8 s -> /mnt/ffs24/home/khanmd/pinn-stokes/tmp/nbody_moments_truth/uniform_N160_phi0.15_seed6225.npz
cluster created
Converged after 66 iterations (max diff = 7.818991e-09)
Elapsed time (GPU): 7.928 seconds
[truth] N=160 phi=0.15 seed=6226: 9.8 s -> /mnt/ffs24/home/khanmd/pinn-stokes/tmp/nbody_moments_truth/uniform_N160_phi0.15_seed6226.npz
cluster created
Converged after 67 iterations (max diff = 8.309758e-09)
Elapsed time (GPU): 8.048 seconds
[truth] N=160 phi=0.15 seed=6227: 9.9 s -> /mnt/ffs24/home/khanmd/pinn-stokes/tmp/nbody_moments_truth/uniform_N160_phi0.15_seed6227.npz
cluster created
Converged after 70 iterations (max diff = 7.846617e-09)
Elapsed time (GPU): 8.408 seconds
[truth] N=160 phi=0.15 seed=6228: 10.2 s -> /mnt/ffs24/home/khanmd/pinn-stokes/tmp/nbody_moments_truth/uniform_N160_phi0.15_seed6228.npz
cluster created
Converged after 65 iterations (max diff = 8.585269e-09)
Elapsed time (GPU): 7.806 seconds
[truth] N=160 phi=0.15 seed=6229: 9.7 s -> /mnt/ffs24/home/khanmd/pinn-stokes/tmp/nbody_moments_truth/uniform_N160_phi0.15_seed6229.npz
cluster created
Converged after 65 iterations (max diff = 8.337164e-09)
Elapsed time (GPU): 7.808 seconds
[truth] N=160 phi=0.15 seed=6230: 9.6 s -> /mnt/ffs24/home/khanmd/pinn-stokes/tmp/nbody_moments_truth/uniform_N160_phi0.15_seed6230.npz
cluster created
Converged after 71 iterations (max diff = 7.982547e-09)
Elapsed time (GPU): 8.528 seconds
[truth] N=160 phi=0.15 seed=6231: 10.4 s -> /mnt/ffs24/home/khanmd/pinn-stokes/tmp/nbody_moments_truth/uniform_N160_phi0.15_seed6231.npz
cluster created
Converged after 70 iterations (max diff = 9.205479e-09)
Elapsed time (GPU): 8.408 seconds
[truth] N=160 phi=0.15 seed=6232: 10.2 s -> /mnt/ffs24/home/khanmd/pinn-stokes/tmp/nbody_moments_truth/uniform_N160_phi0.15_seed6232.npz
cluster created
Converged after 72 iterations (max diff = 9.402863e-09)
Elapsed time (GPU): 9.889 seconds
[truth] N=180 phi=0.15 seed=6323: 11.7 s -> /mnt/ffs24/home/khanmd/pinn-stokes/tmp/nbody_moments_truth/uniform_N180_phi0.15_seed6323.npz
cluster created
Converged after 69 iterations (max diff = 8.078419e-09)
Elapsed time (GPU): 9.479 seconds
[truth] N=180 phi=0.15 seed=6324: 11.3 s -> /mnt/ffs24/home/khanmd/pinn-stokes/tmp/nbody_moments_truth/uniform_N180_phi0.15_seed6324.npz
cluster created
Converged after 66 iterations (max diff = 8.449069e-09)
Elapsed time (GPU): 9.069 seconds
[truth] N=180 phi=0.15 seed=6325: 10.9 s -> /mnt/ffs24/home/khanmd/pinn-stokes/tmp/nbody_moments_truth/uniform_N180_phi0.15_seed6325.npz
cluster created
Converged after 66 iterations (max diff = 9.966876e-09)
Elapsed time (GPU): 9.066 seconds
[truth] N=180 phi=0.15 seed=6326: 10.9 s -> /mnt/ffs24/home/khanmd/pinn-stokes/tmp/nbody_moments_truth/uniform_N180_phi0.15_seed6326.npz
cluster created
Converged after 70 iterations (max diff = 7.997124e-09)
Elapsed time (GPU): 9.620 seconds
[truth] N=180 phi=0.15 seed=6327: 11.5 s -> /mnt/ffs24/home/khanmd/pinn-stokes/tmp/nbody_moments_truth/uniform_N180_phi0.15_seed6327.npz
cluster created
Converged after 66 iterations (max diff = 9.308637e-09)
Elapsed time (GPU): 9.065 seconds
[truth] N=180 phi=0.15 seed=6328: 10.9 s -> /mnt/ffs24/home/khanmd/pinn-stokes/tmp/nbody_moments_truth/uniform_N180_phi0.15_seed6328.npz
cluster created
Converged after 70 iterations (max diff = 8.754395e-09)
Elapsed time (GPU): 9.619 seconds
[truth] N=180 phi=0.15 seed=6329: 11.5 s -> /mnt/ffs24/home/khanmd/pinn-stokes/tmp/nbody_moments_truth/uniform_N180_phi0.15_seed6329.npz
cluster created
Converged after 66 iterations (max diff = 9.229598e-09)
Elapsed time (GPU): 9.065 seconds
[truth] N=180 phi=0.15 seed=6330: 10.9 s -> /mnt/ffs24/home/khanmd/pinn-stokes/tmp/nbody_moments_truth/uniform_N180_phi0.15_seed6330.npz
cluster created
Converged after 67 iterations (max diff = 9.956589e-09)
Elapsed time (GPU): 9.206 seconds
[truth] N=180 phi=0.15 seed=6331: 11.1 s -> /mnt/ffs24/home/khanmd/pinn-stokes/tmp/nbody_moments_truth/uniform_N180_phi0.15_seed6331.npz
cluster created
Converged after 67 iterations (max diff = 8.088755e-09)
Elapsed time (GPU): 9.204 seconds
[truth] N=180 phi=0.15 seed=6332: 11.1 s -> /mnt/ffs24/home/khanmd/pinn-stokes/tmp/nbody_moments_truth/uniform_N180_phi0.15_seed6332.npz
cluster created
Converged after 72 iterations (max diff = 8.066917e-09)
Elapsed time (GPU): 11.312 seconds
[truth] N=200 phi=0.15 seed=6423: 13.2 s -> /mnt/ffs24/home/khanmd/pinn-stokes/tmp/nbody_moments_truth/uniform_N200_phi0.15_seed6423.npz
cluster created
Converged after 68 iterations (max diff = 7.680817e-09)
Elapsed time (GPU): 10.684 seconds
[truth] N=200 phi=0.15 seed=6424: 12.6 s -> /mnt/ffs24/home/khanmd/pinn-stokes/tmp/nbody_moments_truth/uniform_N200_phi0.15_seed6424.npz
cluster created
Converged after 66 iterations (max diff = 9.564447e-09)
Elapsed time (GPU): 10.367 seconds
[truth] N=200 phi=0.15 seed=6425: 12.2 s -> /mnt/ffs24/home/khanmd/pinn-stokes/tmp/nbody_moments_truth/uniform_N200_phi0.15_seed6425.npz
cluster created
Converged after 64 iterations (max diff = 7.697873e-09)
Elapsed time (GPU): 10.054 seconds
[truth] N=200 phi=0.15 seed=6426: 11.9 s -> /mnt/ffs24/home/khanmd/pinn-stokes/tmp/nbody_moments_truth/uniform_N200_phi0.15_seed6426.npz
cluster created
Converged after 66 iterations (max diff = 7.794307e-09)
Elapsed time (GPU): 10.369 seconds
[truth] N=200 phi=0.15 seed=6427: 12.2 s -> /mnt/ffs24/home/khanmd/pinn-stokes/tmp/nbody_moments_truth/uniform_N200_phi0.15_seed6427.npz
cluster created
Converged after 64 iterations (max diff = 7.601474e-09)
Elapsed time (GPU): 10.054 seconds
[truth] N=200 phi=0.15 seed=6428: 11.9 s -> /mnt/ffs24/home/khanmd/pinn-stokes/tmp/nbody_moments_truth/uniform_N200_phi0.15_seed6428.npz
cluster created
Converged after 73 iterations (max diff = 7.866857e-09)
Elapsed time (GPU): 11.467 seconds
[truth] N=200 phi=0.15 seed=6429: 13.3 s -> /mnt/ffs24/home/khanmd/pinn-stokes/tmp/nbody_moments_truth/uniform_N200_phi0.15_seed6429.npz
cluster created
Converged after 67 iterations (max diff = 9.864234e-09)
Elapsed time (GPU): 10.525 seconds
[truth] N=200 phi=0.15 seed=6430: 12.4 s -> /mnt/ffs24/home/khanmd/pinn-stokes/tmp/nbody_moments_truth/uniform_N200_phi0.15_seed6430.npz
cluster created
Converged after 70 iterations (max diff = 9.179008e-09)
Elapsed time (GPU): 10.998 seconds
[truth] N=200 phi=0.15 seed=6431: 12.9 s -> /mnt/ffs24/home/khanmd/pinn-stokes/tmp/nbody_moments_truth/uniform_N200_phi0.15_seed6431.npz
cluster created
Converged after 64 iterations (max diff = 7.212309e-09)
Elapsed time (GPU): 10.054 seconds
[truth] N=200 phi=0.15 seed=6432: 11.9 s -> /mnt/ffs24/home/khanmd/pinn-stokes/tmp/nbody_moments_truth/uniform_N200_phi0.15_seed6432.npz
Loaded geometry: 54 boundary nodes, 47 source points
Warp 1.12.0.dev0 initialized:
   CUDA Toolkit 12.6, Driver 13.0
   Devices:
     "cpu"      : "x86_64"
     "cuda:0"   : "NVIDIA H200" (140 GiB, sm_90, mempool enabled)
   Kernel cache:
     /mnt/home/khanmd/.cache/warp/1.12.0.dev0
Converged after 42 iterations (max diff = 7.559536e-09)
Mobility computation time: 767.67 ms
fig3 N=200 phi=0.15 seed=123 mfs_coarse           rel_rmse=  1.603%  lin=  1.335%  ang=  2.736%  max=   7.15%  (0.8 s)
Computing neighbor pairs for n-body correction...
Module src.hashgrid_neighbors b882eb1 load on device 'cuda:0' took 5.80 ms  (cached)
no of RPY interactions: 34690
no of NN interactions: 5110
[Mob_Nbody] Base velocity compute time: 220.749 ms
[Mob_Nbody] Post-base path time: 79.943 ms
fig3 N=200 phi=0.15 seed=123 M_nbody_gpu          rel_rmse= 13.461%  lin= 14.049%  ang=  8.952%  max=  32.12%  (0.3 s)
Converged after 35 iterations (max diff = 5.828379e-09)
Mobility computation time: 642.10 ms
fig3 N=200 phi=0.15 seed=124 mfs_coarse           rel_rmse=  1.774%  lin=  1.610%  ang=  2.451%  max=   9.55%  (0.6 s)
Computing neighbor pairs for n-body correction...
no of RPY interactions: 34730
no of NN interactions: 5070
[Mob_Nbody] Base velocity compute time: 3.010 ms
[Mob_Nbody] Post-base path time: 2.186 ms
fig3 N=200 phi=0.15 seed=124 M_nbody_gpu          rel_rmse= 13.341%  lin= 14.094%  ang=  8.449%  max=  35.62%  (0.0 s)
Converged after 33 iterations (max diff = 6.878314e-09)
Mobility computation time: 606.69 ms
fig3 N=200 phi=0.15 seed=125 mfs_coarse           rel_rmse=  1.679%  lin=  1.562%  ang=  2.007%  max=   7.08%  (0.6 s)
Computing neighbor pairs for n-body correction...
no of RPY interactions: 34610
no of NN interactions: 5190
[Mob_Nbody] Base velocity compute time: 3.002 ms
[Mob_Nbody] Post-base path time: 2.179 ms
fig3 N=200 phi=0.15 seed=125 M_nbody_gpu          rel_rmse= 12.801%  lin= 14.138%  ang=  6.936%  max=  35.59%  (0.0 s)
Converged after 34 iterations (max diff = 8.346124e-09)
Mobility computation time: 619.69 ms
fig3 N=200 phi=0.15 seed=126 mfs_coarse           rel_rmse=  0.651%  lin=  0.565%  ang=  1.308%  max=   2.20%  (0.6 s)
Computing neighbor pairs for n-body correction...
no of RPY interactions: 34686
no of NN interactions: 5114
[Mob_Nbody] Base velocity compute time: 2.989 ms
[Mob_Nbody] Post-base path time: 2.169 ms
fig3 N=200 phi=0.15 seed=126 M_nbody_gpu          rel_rmse=  8.978%  lin=  9.052%  ang=  8.000%  max=  21.08%  (0.0 s)
Converged after 33 iterations (max diff = 4.745743e-09)
Mobility computation time: 605.67 ms
fig3 N=200 phi=0.15 seed=127 mfs_coarse           rel_rmse=  0.683%  lin=  0.626%  ang=  1.149%  max=   3.16%  (0.6 s)
Computing neighbor pairs for n-body correction...
no of RPY interactions: 34816
no of NN interactions: 4984
[Mob_Nbody] Base velocity compute time: 2.986 ms
[Mob_Nbody] Post-base path time: 2.189 ms
fig3 N=200 phi=0.15 seed=127 M_nbody_gpu          rel_rmse=  7.178%  lin=  7.204%  ang=  6.867%  max=  20.91%  (0.0 s)
Converged after 32 iterations (max diff = 8.679610e-09)
Mobility computation time: 590.61 ms
fig3 N=200 phi=0.15 seed=128 mfs_coarse           rel_rmse=  1.091%  lin=  1.005%  ang=  1.553%  max=   3.97%  (0.6 s)
Computing neighbor pairs for n-body correction...
no of RPY interactions: 34692
no of NN interactions: 5108
[Mob_Nbody] Base velocity compute time: 2.974 ms
[Mob_Nbody] Post-base path time: 2.193 ms
fig3 N=200 phi=0.15 seed=128 M_nbody_gpu          rel_rmse= 10.640%  lin= 11.012%  ang=  7.660%  max=  26.75%  (0.0 s)
Converged after 31 iterations (max diff = 6.711387e-09)
Mobility computation time: 570.17 ms
fig3 N=200 phi=0.15 seed=129 mfs_coarse           rel_rmse=  0.773%  lin=  0.652%  ang=  1.426%  max=   2.66%  (0.6 s)
Computing neighbor pairs for n-body correction...
no of RPY interactions: 34602
no of NN interactions: 5198
[Mob_Nbody] Base velocity compute time: 2.963 ms
[Mob_Nbody] Post-base path time: 2.160 ms
fig3 N=200 phi=0.15 seed=129 M_nbody_gpu          rel_rmse=  9.415%  lin=  9.653%  ang=  7.117%  max=  26.47%  (0.0 s)
Converged after 32 iterations (max diff = 5.530516e-09)
Mobility computation time: 587.76 ms
fig3 N=200 phi=0.15 seed=130 mfs_coarse           rel_rmse=  1.107%  lin=  1.006%  ang=  1.498%  max=   6.57%  (0.6 s)
Computing neighbor pairs for n-body correction...
no of RPY interactions: 34658
no of NN interactions: 5142
[Mob_Nbody] Base velocity compute time: 2.959 ms
[Mob_Nbody] Post-base path time: 2.169 ms
fig3 N=200 phi=0.15 seed=130 M_nbody_gpu          rel_rmse= 14.022%  lin= 14.994%  ang=  7.921%  max=  42.26%  (0.0 s)
Converged after 34 iterations (max diff = 5.642497e-09)
Mobility computation time: 624.80 ms
fig3 N=200 phi=0.15 seed=131 mfs_coarse           rel_rmse=  0.844%  lin=  0.738%  ang=  1.310%  max=   3.80%  (0.6 s)
Computing neighbor pairs for n-body correction...
no of RPY interactions: 34754
no of NN interactions: 5046
[Mob_Nbody] Base velocity compute time: 2.950 ms
[Mob_Nbody] Post-base path time: 2.172 ms
fig3 N=200 phi=0.15 seed=131 M_nbody_gpu          rel_rmse= 12.688%  lin= 13.330%  ang=  7.777%  max=  35.45%  (0.0 s)
Converged after 32 iterations (max diff = 6.623254e-09)
Mobility computation time: 588.09 ms
fig3 N=200 phi=0.15 seed=132 mfs_coarse           rel_rmse=  1.227%  lin=  1.175%  ang=  1.399%  max=   5.24%  (0.6 s)
Computing neighbor pairs for n-body correction...
no of RPY interactions: 34696
no of NN interactions: 5104
[Mob_Nbody] Base velocity compute time: 2.974 ms
[Mob_Nbody] Post-base path time: 2.183 ms
fig3 N=200 phi=0.15 seed=132 M_nbody_gpu          rel_rmse= 13.658%  lin= 14.959%  ang=  7.200%  max=  56.69%  (0.0 s)
Converged after 36 iterations (max diff = 5.823239e-09)
Mobility computation time: 995.36 ms
fig3 N=300 phi=0.15 seed=123 mfs_coarse           rel_rmse=  1.264%  lin=  1.249%  ang=  1.316%  max=   4.94%  (1.0 s)
Computing neighbor pairs for n-body correction...
no of RPY interactions: 81876
no of NN interactions: 7824
[Mob_Nbody] Base velocity compute time: 4.265 ms
[Mob_Nbody] Post-base path time: 2.302 ms
fig3 N=300 phi=0.15 seed=123 M_nbody_gpu          rel_rmse= 14.762%  lin= 16.291%  ang=  7.199%  max=  41.23%  (0.0 s)
Converged after 33 iterations (max diff = 5.485427e-09)
Mobility computation time: 910.50 ms
fig3 N=300 phi=0.15 seed=124 mfs_coarse           rel_rmse=  0.951%  lin=  0.874%  ang=  1.415%  max=   3.47%  (0.9 s)
Computing neighbor pairs for n-body correction...
no of RPY interactions: 81840
no of NN interactions: 7860
[Mob_Nbody] Base velocity compute time: 3.486 ms
[Mob_Nbody] Post-base path time: 2.163 ms
fig3 N=300 phi=0.15 seed=124 M_nbody_gpu          rel_rmse= 14.438%  lin= 15.019%  ang=  8.626%  max=  35.12%  (0.0 s)
Converged after 33 iterations (max diff = 6.462584e-09)
Mobility computation time: 912.55 ms
fig3 N=300 phi=0.15 seed=125 mfs_coarse           rel_rmse=  0.714%  lin=  0.627%  ang=  1.328%  max=   3.56%  (0.9 s)
Computing neighbor pairs for n-body correction...
no of RPY interactions: 81856
no of NN interactions: 7844
[Mob_Nbody] Base velocity compute time: 3.178 ms
[Mob_Nbody] Post-base path time: 2.150 ms
fig3 N=300 phi=0.15 seed=125 M_nbody_gpu          rel_rmse=  9.953%  lin= 10.137%  ang=  7.728%  max=  33.72%  (0.0 s)
Converged after 34 iterations (max diff = 5.254544e-09)
Mobility computation time: 939.75 ms
fig3 N=300 phi=0.15 seed=126 mfs_coarse           rel_rmse=  1.365%  lin=  1.317%  ang=  1.497%  max=  12.98%  (0.9 s)
Computing neighbor pairs for n-body correction...
no of RPY interactions: 81938
no of NN interactions: 7762
[Mob_Nbody] Base velocity compute time: 3.540 ms
[Mob_Nbody] Post-base path time: 2.421 ms
fig3 N=300 phi=0.15 seed=126 M_nbody_gpu          rel_rmse= 13.850%  lin= 15.505%  ang=  7.052%  max=  35.77%  (0.0 s)
Converged after 33 iterations (max diff = 6.807826e-09)
Mobility computation time: 906.63 ms
fig3 N=300 phi=0.15 seed=127 mfs_coarse           rel_rmse=  0.672%  lin=  0.589%  ang=  1.461%  max=   3.07%  (0.9 s)
Computing neighbor pairs for n-body correction...
no of RPY interactions: 81916
no of NN interactions: 7784
[Mob_Nbody] Base velocity compute time: 3.181 ms
[Mob_Nbody] Post-base path time: 2.170 ms
fig3 N=300 phi=0.15 seed=127 M_nbody_gpu          rel_rmse=  8.536%  lin=  8.584%  ang=  7.718%  max=  23.32%  (0.0 s)
Converged after 34 iterations (max diff = 6.505629e-09)
Mobility computation time: 936.39 ms
fig3 N=300 phi=0.15 seed=128 mfs_coarse           rel_rmse=  0.928%  lin=  0.819%  ang=  1.543%  max=   4.04%  (0.9 s)
Computing neighbor pairs for n-body correction...
no of RPY interactions: 81828
no of NN interactions: 7872
[Mob_Nbody] Base velocity compute time: 3.187 ms
[Mob_Nbody] Post-base path time: 2.162 ms
fig3 N=300 phi=0.15 seed=128 M_nbody_gpu          rel_rmse= 12.877%  lin= 13.369%  ang=  7.944%  max=  31.02%  (0.0 s)
Converged after 32 iterations (max diff = 7.735297e-09)
Mobility computation time: 879.22 ms
fig3 N=300 phi=0.15 seed=129 mfs_coarse           rel_rmse=  0.709%  lin=  0.608%  ang=  1.469%  max=   2.53%  (0.9 s)
Computing neighbor pairs for n-body correction...
no of RPY interactions: 81792
no of NN interactions: 7908
[Mob_Nbody] Base velocity compute time: 3.179 ms
[Mob_Nbody] Post-base path time: 2.176 ms
fig3 N=300 phi=0.15 seed=129 M_nbody_gpu          rel_rmse=  8.527%  lin=  8.609%  ang=  7.425%  max=  18.63%  (0.0 s)
Converged after 34 iterations (max diff = 8.638918e-09)
Mobility computation time: 934.98 ms
fig3 N=300 phi=0.15 seed=130 mfs_coarse           rel_rmse=  0.970%  lin=  0.883%  ang=  1.390%  max=   4.77%  (0.9 s)
Computing neighbor pairs for n-body correction...
no of RPY interactions: 81830
no of NN interactions: 7870
[Mob_Nbody] Base velocity compute time: 3.169 ms
[Mob_Nbody] Post-base path time: 2.163 ms
fig3 N=300 phi=0.15 seed=130 M_nbody_gpu          rel_rmse= 11.020%  lin= 11.509%  ang=  7.298%  max=  33.53%  (0.0 s)
Converged after 31 iterations (max diff = 7.749031e-09)
Mobility computation time: 854.34 ms
fig3 N=300 phi=0.15 seed=131 mfs_coarse           rel_rmse=  1.077%  lin=  0.990%  ang=  1.431%  max=   5.68%  (0.9 s)
Computing neighbor pairs for n-body correction...
no of RPY interactions: 81880
no of NN interactions: 7820
[Mob_Nbody] Base velocity compute time: 3.190 ms
[Mob_Nbody] Post-base path time: 2.162 ms
fig3 N=300 phi=0.15 seed=131 M_nbody_gpu          rel_rmse= 13.721%  lin= 14.671%  ang=  7.339%  max=  36.83%  (0.0 s)
Converged after 32 iterations (max diff = 5.424988e-09)
Mobility computation time: 883.27 ms
fig3 N=300 phi=0.15 seed=132 mfs_coarse           rel_rmse=  0.694%  lin=  0.598%  ang=  1.344%  max=   3.67%  (0.9 s)
Computing neighbor pairs for n-body correction...
no of RPY interactions: 81766
no of NN interactions: 7934
[Mob_Nbody] Base velocity compute time: 3.184 ms
[Mob_Nbody] Post-base path time: 2.143 ms
fig3 N=300 phi=0.15 seed=132 M_nbody_gpu          rel_rmse= 10.976%  lin= 11.226%  ang=  7.840%  max=  28.07%  (0.0 s)
Converged after 29 iterations (max diff = 8.465145e-09)
Mobility computation time: 55.81 ms
fig4 N=20 phi=0.15 seed=5123 mfs_coarse           rel_rmse=  1.342%  lin=  1.247%  ang=  1.586%  max=   3.04%  (0.1 s)
Computing neighbor pairs for n-body correction...
no of RPY interactions: 78
no of NN interactions: 302
[Mob_Nbody] Base velocity compute time: 8.889 ms
[Mob_Nbody] Post-base path time: 2.212 ms
fig4 N=20 phi=0.15 seed=5123 M_nbody_gpu          rel_rmse=  6.026%  lin=  6.281%  ang=  5.220%  max=  11.85%  (0.0 s)
Converged after 25 iterations (max diff = 6.235388e-09)
Mobility computation time: 48.55 ms
fig4 N=20 phi=0.15 seed=5124 mfs_coarse           rel_rmse=  1.275%  lin=  1.381%  ang=  1.012%  max=   3.29%  (0.0 s)
Computing neighbor pairs for n-body correction...
no of RPY interactions: 84
no of NN interactions: 296
[Mob_Nbody] Base velocity compute time: 2.870 ms
[Mob_Nbody] Post-base path time: 2.136 ms
fig4 N=20 phi=0.15 seed=5124 M_nbody_gpu          rel_rmse=  5.914%  lin=  6.380%  ang=  4.764%  max=  11.26%  (0.0 s)
Converged after 27 iterations (max diff = 5.746206e-09)
Mobility computation time: 52.04 ms
fig4 N=20 phi=0.15 seed=5125 mfs_coarse           rel_rmse=  1.836%  lin=  1.933%  ang=  1.605%  max=   5.59%  (0.1 s)
Computing neighbor pairs for n-body correction...
no of RPY interactions: 90
no of NN interactions: 290
[Mob_Nbody] Base velocity compute time: 2.875 ms
[Mob_Nbody] Post-base path time: 2.161 ms
fig4 N=20 phi=0.15 seed=5125 M_nbody_gpu          rel_rmse=  6.081%  lin=  6.211%  ang=  5.791%  max=  12.09%  (0.0 s)
Converged after 32 iterations (max diff = 7.218618e-09)
Mobility computation time: 61.53 ms
fig4 N=20 phi=0.15 seed=5126 mfs_coarse           rel_rmse=  1.771%  lin=  1.799%  ang=  1.704%  max=   4.60%  (0.1 s)
Computing neighbor pairs for n-body correction...
no of RPY interactions: 84
no of NN interactions: 296
[Mob_Nbody] Base velocity compute time: 2.848 ms
[Mob_Nbody] Post-base path time: 2.122 ms
fig4 N=20 phi=0.15 seed=5126 M_nbody_gpu          rel_rmse=  8.906%  lin=  9.902%  ang=  5.873%  max=  18.59%  (0.0 s)
Converged after 26 iterations (max diff = 4.695155e-09)
Mobility computation time: 49.90 ms
fig4 N=20 phi=0.15 seed=5127 mfs_coarse           rel_rmse=  0.923%  lin=  0.890%  ang=  1.015%  max=   2.41%  (0.0 s)
Computing neighbor pairs for n-body correction...
no of RPY interactions: 90
no of NN interactions: 290
[Mob_Nbody] Base velocity compute time: 2.837 ms
[Mob_Nbody] Post-base path time: 2.103 ms
fig4 N=20 phi=0.15 seed=5127 M_nbody_gpu          rel_rmse=  6.837%  lin=  7.018%  ang=  6.279%  max=  16.86%  (0.0 s)
Converged after 31 iterations (max diff = 8.421725e-09)
Mobility computation time: 58.96 ms
fig4 N=20 phi=0.15 seed=5128 mfs_coarse           rel_rmse=  2.084%  lin=  2.482%  ang=  1.245%  max=   6.11%  (0.1 s)
Computing neighbor pairs for n-body correction...
no of RPY interactions: 74
no of NN interactions: 306
[Mob_Nbody] Base velocity compute time: 2.894 ms
[Mob_Nbody] Post-base path time: 2.175 ms
fig4 N=20 phi=0.15 seed=5128 M_nbody_gpu          rel_rmse=  8.078%  lin=  9.431%  ang=  5.372%  max=  16.20%  (0.0 s)
Converged after 27 iterations (max diff = 4.645389e-09)
Mobility computation time: 51.67 ms
fig4 N=20 phi=0.15 seed=5129 mfs_coarse           rel_rmse=  1.348%  lin=  1.430%  ang=  1.138%  max=   2.76%  (0.1 s)
Computing neighbor pairs for n-body correction...
no of RPY interactions: 86
no of NN interactions: 294
[Mob_Nbody] Base velocity compute time: 2.877 ms
[Mob_Nbody] Post-base path time: 2.209 ms
fig4 N=20 phi=0.15 seed=5129 M_nbody_gpu          rel_rmse=  6.334%  lin=  6.753%  ang=  5.249%  max=  14.85%  (0.0 s)
Converged after 26 iterations (max diff = 7.045342e-09)
Mobility computation time: 50.29 ms
fig4 N=20 phi=0.15 seed=5130 mfs_coarse           rel_rmse=  1.308%  lin=  1.404%  ang=  1.017%  max=   3.21%  (0.1 s)
Computing neighbor pairs for n-body correction...
no of RPY interactions: 92
no of NN interactions: 288
[Mob_Nbody] Base velocity compute time: 2.887 ms
[Mob_Nbody] Post-base path time: 2.141 ms
fig4 N=20 phi=0.15 seed=5130 M_nbody_gpu          rel_rmse=  5.849%  lin=  6.224%  ang=  4.732%  max=  10.61%  (0.0 s)
Converged after 28 iterations (max diff = 5.441243e-09)
Mobility computation time: 54.09 ms
fig4 N=20 phi=0.15 seed=5131 mfs_coarse           rel_rmse=  1.417%  lin=  1.536%  ang=  1.178%  max=   3.49%  (0.1 s)
Computing neighbor pairs for n-body correction...
no of RPY interactions: 86
no of NN interactions: 294
[Mob_Nbody] Base velocity compute time: 2.825 ms
[Mob_Nbody] Post-base path time: 2.119 ms
fig4 N=20 phi=0.15 seed=5131 M_nbody_gpu          rel_rmse=  7.316%  lin=  8.107%  ang=  5.648%  max=  17.37%  (0.0 s)
Converged after 30 iterations (max diff = 7.831932e-09)
Mobility computation time: 57.57 ms
fig4 N=20 phi=0.15 seed=5132 mfs_coarse           rel_rmse=  1.116%  lin=  1.065%  ang=  1.248%  max=   2.25%  (0.1 s)
Computing neighbor pairs for n-body correction...
no of RPY interactions: 70
no of NN interactions: 310
[Mob_Nbody] Base velocity compute time: 2.891 ms
[Mob_Nbody] Post-base path time: 2.187 ms
fig4 N=20 phi=0.15 seed=5132 M_nbody_gpu          rel_rmse=  6.222%  lin=  6.220%  ang=  6.228%  max=  10.24%  (0.0 s)
Converged after 29 iterations (max diff = 6.696695e-09)
Mobility computation time: 82.07 ms
fig4 N=30 phi=0.15 seed=5223 mfs_coarse           rel_rmse=  1.327%  lin=  1.162%  ang=  2.052%  max=   3.06%  (0.1 s)
Computing neighbor pairs for n-body correction...
no of RPY interactions: 358
no of NN interactions: 512
[Mob_Nbody] Base velocity compute time: 2.985 ms
[Mob_Nbody] Post-base path time: 2.168 ms
fig4 N=30 phi=0.15 seed=5223 M_nbody_gpu          rel_rmse=  6.698%  lin=  6.687%  ang=  6.762%  max=  15.02%  (0.0 s)
Converged after 26 iterations (max diff = 7.963825e-09)
Mobility computation time: 74.08 ms
fig4 N=30 phi=0.15 seed=5224 mfs_coarse           rel_rmse=  1.085%  lin=  0.867%  ang=  1.455%  max=   2.98%  (0.1 s)
Computing neighbor pairs for n-body correction...
no of RPY interactions: 352
no of NN interactions: 518
[Mob_Nbody] Base velocity compute time: 2.976 ms
[Mob_Nbody] Post-base path time: 2.161 ms
fig4 N=30 phi=0.15 seed=5224 M_nbody_gpu          rel_rmse=  9.112%  lin= 10.301%  ang=  5.660%  max=  14.69%  (0.0 s)
Converged after 29 iterations (max diff = 7.852593e-09)
Mobility computation time: 82.54 ms
fig4 N=30 phi=0.15 seed=5225 mfs_coarse           rel_rmse=  1.490%  lin=  1.420%  ang=  1.804%  max=   5.37%  (0.1 s)
Computing neighbor pairs for n-body correction...
no of RPY interactions: 330
no of NN interactions: 540
[Mob_Nbody] Base velocity compute time: 2.972 ms
[Mob_Nbody] Post-base path time: 2.175 ms
fig4 N=30 phi=0.15 seed=5225 M_nbody_gpu          rel_rmse=  7.753%  lin=  7.950%  ang=  6.662%  max=  19.32%  (0.0 s)
Converged after 29 iterations (max diff = 7.922033e-09)
Mobility computation time: 82.97 ms
fig4 N=30 phi=0.15 seed=5226 mfs_coarse           rel_rmse=  1.633%  lin=  1.530%  ang=  2.007%  max=   8.32%  (0.1 s)
Computing neighbor pairs for n-body correction...
no of RPY interactions: 338
no of NN interactions: 532
[Mob_Nbody] Base velocity compute time: 2.969 ms
[Mob_Nbody] Post-base path time: 2.189 ms
fig4 N=30 phi=0.15 seed=5226 M_nbody_gpu          rel_rmse=  7.161%  lin=  7.301%  ang=  6.548%  max=  17.81%  (0.0 s)
Converged after 26 iterations (max diff = 9.788206e-09)
Mobility computation time: 74.40 ms
fig4 N=30 phi=0.15 seed=5227 mfs_coarse           rel_rmse=  1.097%  lin=  0.973%  ang=  1.555%  max=   2.48%  (0.1 s)
Computing neighbor pairs for n-body correction...
no of RPY interactions: 376
no of NN interactions: 494
[Mob_Nbody] Base velocity compute time: 2.958 ms
[Mob_Nbody] Post-base path time: 2.185 ms
fig4 N=30 phi=0.15 seed=5227 M_nbody_gpu          rel_rmse=  7.393%  lin=  7.543%  ang=  6.634%  max=  13.09%  (0.0 s)
Converged after 28 iterations (max diff = 5.656006e-09)
Mobility computation time: 79.61 ms
fig4 N=30 phi=0.15 seed=5228 mfs_coarse           rel_rmse=  1.381%  lin=  1.460%  ang=  1.066%  max=   3.84%  (0.1 s)
Computing neighbor pairs for n-body correction...
no of RPY interactions: 356
no of NN interactions: 514
[Mob_Nbody] Base velocity compute time: 2.980 ms
[Mob_Nbody] Post-base path time: 2.181 ms
fig4 N=30 phi=0.15 seed=5228 M_nbody_gpu          rel_rmse=  7.162%  lin=  7.428%  ang=  6.158%  max=  18.95%  (0.0 s)
Converged after 26 iterations (max diff = 9.881144e-09)
Mobility computation time: 74.09 ms
fig4 N=30 phi=0.15 seed=5229 mfs_coarse           rel_rmse=  1.137%  lin=  1.061%  ang=  1.350%  max=   3.51%  (0.1 s)
Computing neighbor pairs for n-body correction...
no of RPY interactions: 348
no of NN interactions: 522
[Mob_Nbody] Base velocity compute time: 2.958 ms
[Mob_Nbody] Post-base path time: 2.174 ms
fig4 N=30 phi=0.15 seed=5229 M_nbody_gpu          rel_rmse=  7.093%  lin=  7.488%  ang=  5.651%  max=  14.12%  (0.0 s)
Converged after 27 iterations (max diff = 3.759048e-09)
Mobility computation time: 76.84 ms
fig4 N=30 phi=0.15 seed=5230 mfs_coarse           rel_rmse=  1.990%  lin=  2.332%  ang=  1.319%  max=   5.14%  (0.1 s)
Computing neighbor pairs for n-body correction...
no of RPY interactions: 326
no of NN interactions: 544
[Mob_Nbody] Base velocity compute time: 2.957 ms
[Mob_Nbody] Post-base path time: 2.209 ms
fig4 N=30 phi=0.15 seed=5230 M_nbody_gpu          rel_rmse= 10.395%  lin= 12.122%  ang=  7.049%  max=  24.45%  (0.0 s)
Converged after 30 iterations (max diff = 5.688245e-09)
Mobility computation time: 85.25 ms
fig4 N=30 phi=0.15 seed=5231 mfs_coarse           rel_rmse=  1.535%  lin=  1.372%  ang=  1.964%  max=   4.16%  (0.1 s)
Computing neighbor pairs for n-body correction...
no of RPY interactions: 344
no of NN interactions: 526
[Mob_Nbody] Base velocity compute time: 2.966 ms
[Mob_Nbody] Post-base path time: 2.191 ms
fig4 N=30 phi=0.15 seed=5231 M_nbody_gpu          rel_rmse=  6.725%  lin=  6.934%  ang=  6.023%  max=  12.51%  (0.0 s)
Converged after 31 iterations (max diff = 4.231495e-09)
Mobility computation time: 88.51 ms
fig4 N=30 phi=0.15 seed=5232 mfs_coarse           rel_rmse=  1.694%  lin=  1.734%  ang=  1.550%  max=   5.52%  (0.1 s)
Computing neighbor pairs for n-body correction...
no of RPY interactions: 316
no of NN interactions: 554
[Mob_Nbody] Base velocity compute time: 2.974 ms
[Mob_Nbody] Post-base path time: 2.178 ms
fig4 N=30 phi=0.15 seed=5232 M_nbody_gpu          rel_rmse=  8.346%  lin=  8.916%  ang=  6.070%  max=  13.63%  (0.0 s)
Converged after 29 iterations (max diff = 8.779599e-09)
Mobility computation time: 108.36 ms
fig4 N=40 phi=0.15 seed=5323 mfs_coarse           rel_rmse=  0.873%  lin=  0.617%  ang=  1.918%  max=   2.42%  (0.1 s)
Computing neighbor pairs for n-body correction...
no of RPY interactions: 818
no of NN interactions: 742
[Mob_Nbody] Base velocity compute time: 2.989 ms
[Mob_Nbody] Post-base path time: 2.178 ms
fig4 N=40 phi=0.15 seed=5323 M_nbody_gpu          rel_rmse=  5.226%  lin=  5.143%  ang=  5.820%  max=  10.82%  (0.0 s)
Converged after 30 iterations (max diff = 4.352848e-09)
Mobility computation time: 112.95 ms
fig4 N=40 phi=0.15 seed=5324 mfs_coarse           rel_rmse=  1.590%  lin=  1.608%  ang=  1.534%  max=   4.00%  (0.1 s)
Computing neighbor pairs for n-body correction...
no of RPY interactions: 786
no of NN interactions: 774
[Mob_Nbody] Base velocity compute time: 2.980 ms
[Mob_Nbody] Post-base path time: 2.192 ms
fig4 N=40 phi=0.15 seed=5324 M_nbody_gpu          rel_rmse=  9.265%  lin= 10.118%  ang=  5.938%  max=  28.71%  (0.0 s)
Converged after 29 iterations (max diff = 5.536297e-09)
Mobility computation time: 108.79 ms
fig4 N=40 phi=0.15 seed=5325 mfs_coarse           rel_rmse=  1.120%  lin=  0.972%  ang=  1.505%  max=   6.31%  (0.1 s)
Computing neighbor pairs for n-body correction...
no of RPY interactions: 760
no of NN interactions: 800
[Mob_Nbody] Base velocity compute time: 2.970 ms
[Mob_Nbody] Post-base path time: 2.177 ms
fig4 N=40 phi=0.15 seed=5325 M_nbody_gpu          rel_rmse=  7.905%  lin=  8.435%  ang=  5.865%  max=  27.68%  (0.0 s)
Converged after 33 iterations (max diff = 5.011998e-09)
Mobility computation time: 124.01 ms
fig4 N=40 phi=0.15 seed=5326 mfs_coarse           rel_rmse=  0.593%  lin=  0.533%  ang=  0.996%  max=   1.63%  (0.1 s)
Computing neighbor pairs for n-body correction...
no of RPY interactions: 788
no of NN interactions: 772
[Mob_Nbody] Base velocity compute time: 2.950 ms
[Mob_Nbody] Post-base path time: 2.184 ms
fig4 N=40 phi=0.15 seed=5326 M_nbody_gpu          rel_rmse=  5.066%  lin=  4.880%  ang=  6.582%  max=   9.55%  (0.0 s)
Converged after 27 iterations (max diff = 9.492003e-09)
Mobility computation time: 100.93 ms
fig4 N=40 phi=0.15 seed=5327 mfs_coarse           rel_rmse=  0.938%  lin=  0.765%  ang=  1.279%  max=   5.59%  (0.1 s)
Computing neighbor pairs for n-body correction...
no of RPY interactions: 780
no of NN interactions: 780
[Mob_Nbody] Base velocity compute time: 2.973 ms
[Mob_Nbody] Post-base path time: 2.194 ms
fig4 N=40 phi=0.15 seed=5327 M_nbody_gpu          rel_rmse=  8.134%  lin=  9.060%  ang=  5.034%  max=  29.56%  (0.0 s)
Converged after 30 iterations (max diff = 8.711315e-09)
Mobility computation time: 112.19 ms
fig4 N=40 phi=0.15 seed=5328 mfs_coarse           rel_rmse=  1.033%  lin=  0.904%  ang=  1.338%  max=   2.73%  (0.1 s)
Computing neighbor pairs for n-body correction...
no of RPY interactions: 818
no of NN interactions: 742
[Mob_Nbody] Base velocity compute time: 2.925 ms
[Mob_Nbody] Post-base path time: 2.142 ms
fig4 N=40 phi=0.15 seed=5328 M_nbody_gpu          rel_rmse=  8.484%  lin=  9.161%  ang=  6.123%  max=  21.00%  (0.0 s)
Converged after 28 iterations (max diff = 4.775950e-09)
Mobility computation time: 104.85 ms
fig4 N=40 phi=0.15 seed=5329 mfs_coarse           rel_rmse=  0.840%  lin=  0.729%  ang=  1.240%  max=   2.41%  (0.1 s)
Computing neighbor pairs for n-body correction...
no of RPY interactions: 804
no of NN interactions: 756
[Mob_Nbody] Base velocity compute time: 2.978 ms
[Mob_Nbody] Post-base path time: 2.192 ms
fig4 N=40 phi=0.15 seed=5329 M_nbody_gpu          rel_rmse=  6.732%  lin=  6.890%  ang=  5.917%  max=  19.17%  (0.0 s)
Converged after 32 iterations (max diff = 5.753288e-09)
Mobility computation time: 120.11 ms
fig4 N=40 phi=0.15 seed=5330 mfs_coarse           rel_rmse=  1.756%  lin=  1.842%  ang=  1.563%  max=   5.84%  (0.1 s)
Computing neighbor pairs for n-body correction...
no of RPY interactions: 790
no of NN interactions: 770
[Mob_Nbody] Base velocity compute time: 2.997 ms
[Mob_Nbody] Post-base path time: 2.206 ms
fig4 N=40 phi=0.15 seed=5330 M_nbody_gpu          rel_rmse=  9.620%  lin= 11.002%  ang=  5.825%  max=  28.96%  (0.0 s)
Converged after 29 iterations (max diff = 6.666590e-09)
Mobility computation time: 108.53 ms
fig4 N=40 phi=0.15 seed=5331 mfs_coarse           rel_rmse=  1.388%  lin=  1.427%  ang=  1.270%  max=   4.81%  (0.1 s)
Computing neighbor pairs for n-body correction...
no of RPY interactions: 788
no of NN interactions: 772
[Mob_Nbody] Base velocity compute time: 2.914 ms
[Mob_Nbody] Post-base path time: 2.137 ms
fig4 N=40 phi=0.15 seed=5331 M_nbody_gpu          rel_rmse=  7.408%  lin=  7.951%  ang=  5.604%  max=  17.07%  (0.0 s)
Converged after 31 iterations (max diff = 7.191845e-09)
Mobility computation time: 117.43 ms
fig4 N=40 phi=0.15 seed=5332 mfs_coarse           rel_rmse=  1.070%  lin=  0.859%  ang=  1.816%  max=   4.28%  (0.1 s)
Computing neighbor pairs for n-body correction...
no of RPY interactions: 782
no of NN interactions: 778
[Mob_Nbody] Base velocity compute time: 3.007 ms
[Mob_Nbody] Post-base path time: 2.193 ms
fig4 N=40 phi=0.15 seed=5332 M_nbody_gpu          rel_rmse=  5.938%  lin=  5.881%  ang=  6.234%  max=  14.84%  (0.0 s)
Converged after 29 iterations (max diff = 8.212242e-09)
Mobility computation time: 134.80 ms
fig4 N=50 phi=0.15 seed=5423 mfs_coarse           rel_rmse=  0.916%  lin=  0.854%  ang=  1.278%  max=   3.37%  (0.1 s)
Computing neighbor pairs for n-body correction...
no of RPY interactions: 1454
no of NN interactions: 996
[Mob_Nbody] Base velocity compute time: 2.984 ms
[Mob_Nbody] Post-base path time: 2.181 ms
fig4 N=50 phi=0.15 seed=5423 M_nbody_gpu          rel_rmse=  7.819%  lin=  7.812%  ang=  7.870%  max=  15.11%  (0.0 s)
Converged after 30 iterations (max diff = 4.834778e-09)
Mobility computation time: 142.05 ms
fig4 N=50 phi=0.15 seed=5424 mfs_coarse           rel_rmse=  1.270%  lin=  1.108%  ang=  1.543%  max=   5.78%  (0.1 s)
Computing neighbor pairs for n-body correction...
no of RPY interactions: 1442
no of NN interactions: 1008
[Mob_Nbody] Base velocity compute time: 2.977 ms
[Mob_Nbody] Post-base path time: 2.176 ms
fig4 N=50 phi=0.15 seed=5424 M_nbody_gpu          rel_rmse=  8.467%  lin=  9.641%  ang=  5.423%  max=  20.98%  (0.0 s)
Converged after 27 iterations (max diff = 7.226027e-09)
Mobility computation time: 125.73 ms
fig4 N=50 phi=0.15 seed=5425 mfs_coarse           rel_rmse=  1.337%  lin=  1.332%  ang=  1.350%  max=   4.88%  (0.1 s)
Computing neighbor pairs for n-body correction...
no of RPY interactions: 1398
no of NN interactions: 1052
[Mob_Nbody] Base velocity compute time: 2.964 ms
[Mob_Nbody] Post-base path time: 2.166 ms
fig4 N=50 phi=0.15 seed=5425 M_nbody_gpu          rel_rmse= 10.957%  lin= 12.577%  ang=  5.900%  max=  22.50%  (0.0 s)
Converged after 31 iterations (max diff = 7.186812e-09)
Mobility computation time: 144.57 ms
fig4 N=50 phi=0.15 seed=5426 mfs_coarse           rel_rmse=  1.302%  lin=  1.130%  ang=  1.770%  max=   3.02%  (0.1 s)
Computing neighbor pairs for n-body correction...
no of RPY interactions: 1432
no of NN interactions: 1018
[Mob_Nbody] Base velocity compute time: 2.998 ms
[Mob_Nbody] Post-base path time: 2.176 ms
fig4 N=50 phi=0.15 seed=5426 M_nbody_gpu          rel_rmse=  8.784%  lin=  9.249%  ang=  6.952%  max=  24.20%  (0.0 s)
Converged after 30 iterations (max diff = 4.183133e-09)
Mobility computation time: 139.57 ms
fig4 N=50 phi=0.15 seed=5427 mfs_coarse           rel_rmse=  1.318%  lin=  1.242%  ang=  1.678%  max=   4.16%  (0.1 s)
Computing neighbor pairs for n-body correction...
no of RPY interactions: 1432
no of NN interactions: 1018
[Mob_Nbody] Base velocity compute time: 2.901 ms
[Mob_Nbody] Post-base path time: 2.129 ms
fig4 N=50 phi=0.15 seed=5427 M_nbody_gpu          rel_rmse=  9.245%  lin=  9.587%  ang=  7.060%  max=  24.81%  (0.0 s)
Converged after 28 iterations (max diff = 6.190546e-09)
Mobility computation time: 130.64 ms
fig4 N=50 phi=0.15 seed=5428 mfs_coarse           rel_rmse=  1.316%  lin=  1.288%  ang=  1.411%  max=   4.13%  (0.1 s)
Computing neighbor pairs for n-body correction...
no of RPY interactions: 1448
no of NN interactions: 1002
[Mob_Nbody] Base velocity compute time: 2.992 ms
[Mob_Nbody] Post-base path time: 2.171 ms
fig4 N=50 phi=0.15 seed=5428 M_nbody_gpu          rel_rmse=  9.593%  lin= 10.304%  ang=  6.424%  max=  18.45%  (0.0 s)
Converged after 33 iterations (max diff = 4.838077e-09)
Mobility computation time: 153.19 ms
fig4 N=50 phi=0.15 seed=5429 mfs_coarse           rel_rmse=  1.308%  lin=  1.149%  ang=  1.951%  max=   3.05%  (0.2 s)
Computing neighbor pairs for n-body correction...
no of RPY interactions: 1374
no of NN interactions: 1076
[Mob_Nbody] Base velocity compute time: 2.971 ms
[Mob_Nbody] Post-base path time: 2.160 ms
fig4 N=50 phi=0.15 seed=5429 M_nbody_gpu          rel_rmse=  7.990%  lin=  8.093%  ang=  7.410%  max=  21.02%  (0.0 s)
Converged after 33 iterations (max diff = 3.837973e-09)
Mobility computation time: 153.97 ms
fig4 N=50 phi=0.15 seed=5430 mfs_coarse           rel_rmse=  1.707%  lin=  1.705%  ang=  1.713%  max=   4.79%  (0.2 s)
Computing neighbor pairs for n-body correction...
no of RPY interactions: 1468
no of NN interactions: 982
[Mob_Nbody] Base velocity compute time: 2.993 ms
[Mob_Nbody] Post-base path time: 2.192 ms
fig4 N=50 phi=0.15 seed=5430 M_nbody_gpu          rel_rmse=  8.699%  lin=  9.402%  ang=  6.199%  max=  17.63%  (0.0 s)
Converged after 29 iterations (max diff = 5.790865e-09)
Mobility computation time: 135.23 ms
fig4 N=50 phi=0.15 seed=5431 mfs_coarse           rel_rmse=  0.893%  lin=  0.674%  ang=  1.531%  max=   4.17%  (0.1 s)
Computing neighbor pairs for n-body correction...
no of RPY interactions: 1480
no of NN interactions: 970
[Mob_Nbody] Base velocity compute time: 2.973 ms
[Mob_Nbody] Post-base path time: 2.242 ms
fig4 N=50 phi=0.15 seed=5431 M_nbody_gpu          rel_rmse=  7.089%  lin=  7.378%  ang=  5.604%  max=  17.67%  (0.0 s)
Converged after 29 iterations (max diff = 6.003526e-09)
Mobility computation time: 135.39 ms
fig4 N=50 phi=0.15 seed=5432 mfs_coarse           rel_rmse=  1.230%  lin=  1.132%  ang=  1.462%  max=   3.74%  (0.1 s)
Computing neighbor pairs for n-body correction...
no of RPY interactions: 1454
no of NN interactions: 996
[Mob_Nbody] Base velocity compute time: 2.905 ms
[Mob_Nbody] Post-base path time: 2.118 ms
fig4 N=50 phi=0.15 seed=5432 M_nbody_gpu          rel_rmse=  7.043%  lin=  7.464%  ang=  5.762%  max=  16.19%  (0.0 s)
Converged after 28 iterations (max diff = 4.952048e-09)
Mobility computation time: 156.29 ms
fig4 N=60 phi=0.15 seed=5523 mfs_coarse           rel_rmse=  1.098%  lin=  1.093%  ang=  1.111%  max=   3.31%  (0.2 s)
Computing neighbor pairs for n-body correction...
no of RPY interactions: 2298
no of NN interactions: 1242
[Mob_Nbody] Base velocity compute time: 3.000 ms
[Mob_Nbody] Post-base path time: 2.166 ms
fig4 N=60 phi=0.15 seed=5523 M_nbody_gpu          rel_rmse=  9.471%  lin= 10.349%  ang=  6.624%  max=  24.80%  (0.0 s)
Converged after 37 iterations (max diff = 6.702793e-09)
Mobility computation time: 206.56 ms
fig4 N=60 phi=0.15 seed=5524 mfs_coarse           rel_rmse=  1.204%  lin=  1.102%  ang=  1.919%  max=   4.57%  (0.2 s)
Computing neighbor pairs for n-body correction...
no of RPY interactions: 2172
no of NN interactions: 1368
[Mob_Nbody] Base velocity compute time: 2.993 ms
[Mob_Nbody] Post-base path time: 2.167 ms
fig4 N=60 phi=0.15 seed=5524 M_nbody_gpu          rel_rmse=  8.103%  lin=  8.081%  ang=  8.310%  max=  15.31%  (0.0 s)
Converged after 28 iterations (max diff = 7.895223e-09)
Mobility computation time: 157.14 ms
fig4 N=60 phi=0.15 seed=5525 mfs_coarse           rel_rmse=  1.161%  lin=  1.061%  ang=  1.457%  max=   5.17%  (0.2 s)
Computing neighbor pairs for n-body correction...
no of RPY interactions: 2298
no of NN interactions: 1242
[Mob_Nbody] Base velocity compute time: 2.893 ms
[Mob_Nbody] Post-base path time: 2.136 ms
fig4 N=60 phi=0.15 seed=5525 M_nbody_gpu          rel_rmse=  7.601%  lin=  8.013%  ang=  5.938%  max=  17.35%  (0.0 s)
Converged after 30 iterations (max diff = 4.298815e-09)
Mobility computation time: 167.52 ms
fig4 N=60 phi=0.15 seed=5526 mfs_coarse           rel_rmse=  1.251%  lin=  1.257%  ang=  1.238%  max=   3.45%  (0.2 s)
Computing neighbor pairs for n-body correction...
no of RPY interactions: 2262
no of NN interactions: 1278
[Mob_Nbody] Base velocity compute time: 2.964 ms
[Mob_Nbody] Post-base path time: 2.151 ms
fig4 N=60 phi=0.15 seed=5526 M_nbody_gpu          rel_rmse= 13.386%  lin= 15.410%  ang=  6.802%  max=  30.79%  (0.0 s)
Converged after 29 iterations (max diff = 5.926457e-09)
Mobility computation time: 162.28 ms
fig4 N=60 phi=0.15 seed=5527 mfs_coarse           rel_rmse=  1.410%  lin=  1.260%  ang=  1.968%  max=   4.00%  (0.2 s)
Computing neighbor pairs for n-body correction...
no of RPY interactions: 2280
no of NN interactions: 1260
[Mob_Nbody] Base velocity compute time: 2.992 ms
[Mob_Nbody] Post-base path time: 2.193 ms
fig4 N=60 phi=0.15 seed=5527 M_nbody_gpu          rel_rmse=  8.700%  lin=  9.041%  ang=  6.874%  max=  18.84%  (0.0 s)
Converged after 28 iterations (max diff = 8.482194e-09)
Mobility computation time: 156.27 ms
fig4 N=60 phi=0.15 seed=5528 mfs_coarse           rel_rmse=  0.822%  lin=  0.584%  ang=  1.570%  max=   3.27%  (0.2 s)
Computing neighbor pairs for n-body correction...
no of RPY interactions: 2344
no of NN interactions: 1196
[Mob_Nbody] Base velocity compute time: 2.966 ms
[Mob_Nbody] Post-base path time: 2.182 ms
fig4 N=60 phi=0.15 seed=5528 M_nbody_gpu          rel_rmse=  6.336%  lin=  6.394%  ang=  6.013%  max=  19.92%  (0.0 s)
Converged after 31 iterations (max diff = 9.167959e-09)
Mobility computation time: 173.00 ms
fig4 N=60 phi=0.15 seed=5529 mfs_coarse           rel_rmse=  1.189%  lin=  1.196%  ang=  1.168%  max=   3.20%  (0.2 s)
Computing neighbor pairs for n-body correction...
no of RPY interactions: 2236
no of NN interactions: 1304
[Mob_Nbody] Base velocity compute time: 2.973 ms
[Mob_Nbody] Post-base path time: 2.181 ms
fig4 N=60 phi=0.15 seed=5529 M_nbody_gpu          rel_rmse=  9.251%  lin=  9.970%  ang=  6.492%  max=  22.69%  (0.0 s)
Converged after 28 iterations (max diff = 4.960177e-09)
Mobility computation time: 155.84 ms
fig4 N=60 phi=0.15 seed=5530 mfs_coarse           rel_rmse=  0.672%  lin=  0.542%  ang=  1.421%  max=   2.08%  (0.2 s)
Computing neighbor pairs for n-body correction...
no of RPY interactions: 2266
no of NN interactions: 1274
[Mob_Nbody] Base velocity compute time: 2.961 ms
[Mob_Nbody] Post-base path time: 2.167 ms
fig4 N=60 phi=0.15 seed=5530 M_nbody_gpu          rel_rmse=  8.342%  lin=  8.388%  ang=  7.874%  max=  21.67%  (0.0 s)
Converged after 32 iterations (max diff = 3.745331e-09)
Mobility computation time: 179.01 ms
fig4 N=60 phi=0.15 seed=5531 mfs_coarse           rel_rmse=  0.735%  lin=  0.587%  ang=  1.797%  max=   1.88%  (0.2 s)
Computing neighbor pairs for n-body correction...
no of RPY interactions: 2234
no of NN interactions: 1306
[Mob_Nbody] Base velocity compute time: 2.978 ms
[Mob_Nbody] Post-base path time: 2.186 ms
fig4 N=60 phi=0.15 seed=5531 M_nbody_gpu          rel_rmse=  5.965%  lin=  5.838%  ang=  7.486%  max=  13.48%  (0.0 s)
Converged after 29 iterations (max diff = 5.154832e-09)
Mobility computation time: 161.35 ms
fig4 N=60 phi=0.15 seed=5532 mfs_coarse           rel_rmse=  1.093%  lin=  0.977%  ang=  1.357%  max=   4.92%  (0.2 s)
Computing neighbor pairs for n-body correction...
no of RPY interactions: 2284
no of NN interactions: 1256
[Mob_Nbody] Base velocity compute time: 3.116 ms
[Mob_Nbody] Post-base path time: 2.255 ms
fig4 N=60 phi=0.15 seed=5532 M_nbody_gpu          rel_rmse=  8.280%  lin=  9.061%  ang=  5.658%  max=  29.30%  (0.0 s)
Converged after 30 iterations (max diff = 6.092749e-09)
Mobility computation time: 194.84 ms
fig4 N=70 phi=0.15 seed=5623 mfs_coarse           rel_rmse=  0.742%  lin=  0.613%  ang=  1.294%  max=   1.74%  (0.2 s)
Computing neighbor pairs for n-body correction...
no of RPY interactions: 3354
no of NN interactions: 1476
[Mob_Nbody] Base velocity compute time: 3.018 ms
[Mob_Nbody] Post-base path time: 2.173 ms
fig4 N=70 phi=0.15 seed=5623 M_nbody_gpu          rel_rmse=  8.010%  lin=  8.213%  ang=  6.559%  max=  23.44%  (0.0 s)
Converged after 30 iterations (max diff = 7.722956e-09)
Mobility computation time: 193.17 ms
fig4 N=70 phi=0.15 seed=5624 mfs_coarse           rel_rmse=  1.016%  lin=  0.959%  ang=  1.347%  max=   4.59%  (0.2 s)
Computing neighbor pairs for n-body correction...
no of RPY interactions: 3306
no of NN interactions: 1524
[Mob_Nbody] Base velocity compute time: 3.018 ms
[Mob_Nbody] Post-base path time: 2.179 ms
fig4 N=70 phi=0.15 seed=5624 M_nbody_gpu          rel_rmse=  7.409%  lin=  7.504%  ang=  6.710%  max=  22.82%  (0.0 s)
Converged after 35 iterations (max diff = 7.968512e-09)
Mobility computation time: 225.94 ms
fig4 N=70 phi=0.15 seed=5625 mfs_coarse           rel_rmse=  1.553%  lin=  1.524%  ang=  1.650%  max=   9.70%  (0.2 s)
Computing neighbor pairs for n-body correction...
no of RPY interactions: 3252
no of NN interactions: 1578
[Mob_Nbody] Base velocity compute time: 3.002 ms
[Mob_Nbody] Post-base path time: 2.194 ms
fig4 N=70 phi=0.15 seed=5625 M_nbody_gpu          rel_rmse=  9.461%  lin= 10.231%  ang=  5.938%  max=  28.76%  (0.0 s)
Converged after 33 iterations (max diff = 6.224925e-09)
Mobility computation time: 213.00 ms
fig4 N=70 phi=0.15 seed=5626 mfs_coarse           rel_rmse=  1.042%  lin=  0.917%  ang=  1.930%  max=   5.34%  (0.2 s)
Computing neighbor pairs for n-body correction...
no of RPY interactions: 3260
no of NN interactions: 1570
[Mob_Nbody] Base velocity compute time: 2.996 ms
[Mob_Nbody] Post-base path time: 2.172 ms
fig4 N=70 phi=0.15 seed=5626 M_nbody_gpu          rel_rmse=  8.745%  lin=  8.738%  ang=  8.819%  max=  19.49%  (0.0 s)
Converged after 34 iterations (max diff = 8.408222e-09)
Mobility computation time: 219.79 ms
fig4 N=70 phi=0.15 seed=5627 mfs_coarse           rel_rmse=  1.119%  lin=  1.101%  ang=  1.202%  max=   3.12%  (0.2 s)
Computing neighbor pairs for n-body correction...
no of RPY interactions: 3350
no of NN interactions: 1480
[Mob_Nbody] Base velocity compute time: 3.006 ms
[Mob_Nbody] Post-base path time: 2.197 ms
fig4 N=70 phi=0.15 seed=5627 M_nbody_gpu          rel_rmse=  8.594%  lin=  8.986%  ang=  6.401%  max=  19.10%  (0.0 s)
Converged after 29 iterations (max diff = 8.413132e-09)
Mobility computation time: 187.43 ms
fig4 N=70 phi=0.15 seed=5628 mfs_coarse           rel_rmse=  1.003%  lin=  0.938%  ang=  1.243%  max=   5.72%  (0.2 s)
Computing neighbor pairs for n-body correction...
no of RPY interactions: 3268
no of NN interactions: 1562
[Mob_Nbody] Base velocity compute time: 3.002 ms
[Mob_Nbody] Post-base path time: 2.173 ms
fig4 N=70 phi=0.15 seed=5628 M_nbody_gpu          rel_rmse=  9.331%  lin=  9.902%  ang=  6.365%  max=  25.42%  (0.0 s)
Converged after 30 iterations (max diff = 7.153073e-09)
Mobility computation time: 193.56 ms
fig4 N=70 phi=0.15 seed=5629 mfs_coarse           rel_rmse=  0.966%  lin=  0.727%  ang=  1.767%  max=   3.18%  (0.2 s)
Computing neighbor pairs for n-body correction...
no of RPY interactions: 3252
no of NN interactions: 1578
[Mob_Nbody] Base velocity compute time: 2.904 ms
[Mob_Nbody] Post-base path time: 2.128 ms
fig4 N=70 phi=0.15 seed=5629 M_nbody_gpu          rel_rmse= 10.748%  lin= 11.216%  ang=  7.757%  max=  29.26%  (0.0 s)
Converged after 33 iterations (max diff = 6.854356e-09)
Mobility computation time: 212.72 ms
fig4 N=70 phi=0.15 seed=5630 mfs_coarse           rel_rmse=  0.853%  lin=  0.688%  ang=  1.551%  max=   2.47%  (0.2 s)
Computing neighbor pairs for n-body correction...
no of RPY interactions: 3280
no of NN interactions: 1550
[Mob_Nbody] Base velocity compute time: 2.995 ms
[Mob_Nbody] Post-base path time: 2.191 ms
fig4 N=70 phi=0.15 seed=5630 M_nbody_gpu          rel_rmse=  6.181%  lin=  6.134%  ang=  6.484%  max=  14.78%  (0.0 s)
Converged after 31 iterations (max diff = 7.850553e-09)
Mobility computation time: 199.70 ms
fig4 N=70 phi=0.15 seed=5631 mfs_coarse           rel_rmse=  1.664%  lin=  1.624%  ang=  1.759%  max=   5.31%  (0.2 s)
Computing neighbor pairs for n-body correction...
no of RPY interactions: 3320
no of NN interactions: 1510
[Mob_Nbody] Base velocity compute time: 2.985 ms
[Mob_Nbody] Post-base path time: 2.166 ms
fig4 N=70 phi=0.15 seed=5631 M_nbody_gpu          rel_rmse= 11.846%  lin= 13.250%  ang=  7.322%  max=  33.36%  (0.0 s)
Converged after 31 iterations (max diff = 7.496524e-09)
Mobility computation time: 202.21 ms
fig4 N=70 phi=0.15 seed=5632 mfs_coarse           rel_rmse=  1.416%  lin=  1.363%  ang=  1.581%  max=   4.00%  (0.2 s)
Computing neighbor pairs for n-body correction...
no of RPY interactions: 3278
no of NN interactions: 1552
[Mob_Nbody] Base velocity compute time: 3.000 ms
[Mob_Nbody] Post-base path time: 2.162 ms
fig4 N=70 phi=0.15 seed=5632 M_nbody_gpu          rel_rmse= 10.549%  lin= 11.446%  ang=  6.695%  max=  29.70%  (0.0 s)
Converged after 36 iterations (max diff = 8.351305e-09)
Mobility computation time: 264.49 ms
fig4 N=80 phi=0.15 seed=5723 mfs_coarse           rel_rmse=  1.848%  lin=  1.896%  ang=  1.729%  max=   6.36%  (0.3 s)
Computing neighbor pairs for n-body correction...
no of RPY interactions: 4414
no of NN interactions: 1906
[Mob_Nbody] Base velocity compute time: 2.972 ms
[Mob_Nbody] Post-base path time: 2.184 ms
fig4 N=80 phi=0.15 seed=5723 M_nbody_gpu          rel_rmse= 12.685%  lin= 14.358%  ang=  7.315%  max=  53.74%  (0.0 s)
Converged after 32 iterations (max diff = 9.182425e-09)
Mobility computation time: 234.47 ms
fig4 N=80 phi=0.15 seed=5724 mfs_coarse           rel_rmse=  0.744%  lin=  0.647%  ang=  1.553%  max=   2.10%  (0.2 s)
Computing neighbor pairs for n-body correction...
no of RPY interactions: 4452
no of NN interactions: 1868
[Mob_Nbody] Base velocity compute time: 2.993 ms
[Mob_Nbody] Post-base path time: 2.193 ms
fig4 N=80 phi=0.15 seed=5724 M_nbody_gpu          rel_rmse=  6.486%  lin=  6.425%  ang=  7.269%  max=  15.40%  (0.0 s)
Converged after 29 iterations (max diff = 5.504860e-09)
Mobility computation time: 214.31 ms
fig4 N=80 phi=0.15 seed=5725 mfs_coarse           rel_rmse=  0.950%  lin=  0.894%  ang=  1.283%  max=   3.81%  (0.2 s)
Computing neighbor pairs for n-body correction...
no of RPY interactions: 4608
no of NN interactions: 1712
[Mob_Nbody] Base velocity compute time: 2.977 ms
[Mob_Nbody] Post-base path time: 2.203 ms
fig4 N=80 phi=0.15 seed=5725 M_nbody_gpu          rel_rmse=  7.253%  lin=  7.325%  ang=  6.717%  max=  15.29%  (0.0 s)
Converged after 38 iterations (max diff = 8.096364e-09)
Mobility computation time: 280.05 ms
fig4 N=80 phi=0.15 seed=5726 mfs_coarse           rel_rmse=  1.548%  lin=  1.494%  ang=  1.805%  max=   5.21%  (0.3 s)
Computing neighbor pairs for n-body correction...
no of RPY interactions: 4576
no of NN interactions: 1744
[Mob_Nbody] Base velocity compute time: 3.003 ms
[Mob_Nbody] Post-base path time: 2.169 ms
fig4 N=80 phi=0.15 seed=5726 M_nbody_gpu          rel_rmse= 10.756%  lin= 11.343%  ang=  6.944%  max=  31.17%  (0.0 s)
Converged after 29 iterations (max diff = 8.985725e-09)
Mobility computation time: 212.69 ms
fig4 N=80 phi=0.15 seed=5727 mfs_coarse           rel_rmse=  0.701%  lin=  0.638%  ang=  1.136%  max=   1.69%  (0.2 s)
Computing neighbor pairs for n-body correction...
no of RPY interactions: 4592
no of NN interactions: 1728
[Mob_Nbody] Base velocity compute time: 2.972 ms
[Mob_Nbody] Post-base path time: 2.159 ms
fig4 N=80 phi=0.15 seed=5727 M_nbody_gpu          rel_rmse=  8.954%  lin=  9.051%  ang=  7.979%  max=  16.10%  (0.0 s)
Converged after 35 iterations (max diff = 6.471657e-09)
Mobility computation time: 256.62 ms
fig4 N=80 phi=0.15 seed=5728 mfs_coarse           rel_rmse=  1.280%  lin=  1.178%  ang=  1.565%  max=   4.36%  (0.3 s)
Computing neighbor pairs for n-body correction...
no of RPY interactions: 4576
no of NN interactions: 1744
[Mob_Nbody] Base velocity compute time: 2.916 ms
[Mob_Nbody] Post-base path time: 2.129 ms
fig4 N=80 phi=0.15 seed=5728 M_nbody_gpu          rel_rmse= 11.488%  lin= 12.520%  ang=  7.182%  max=  36.04%  (0.0 s)
Converged after 33 iterations (max diff = 6.802404e-09)
Mobility computation time: 242.69 ms
fig4 N=80 phi=0.15 seed=5729 mfs_coarse           rel_rmse=  1.526%  lin=  1.434%  ang=  1.776%  max=   4.14%  (0.2 s)
Computing neighbor pairs for n-body correction...
no of RPY interactions: 4610
no of NN interactions: 1710
[Mob_Nbody] Base velocity compute time: 2.991 ms
[Mob_Nbody] Post-base path time: 2.162 ms
fig4 N=80 phi=0.15 seed=5729 M_nbody_gpu          rel_rmse= 12.126%  lin= 13.341%  ang=  7.245%  max=  36.37%  (0.0 s)
Converged after 33 iterations (max diff = 9.174163e-09)
Mobility computation time: 241.43 ms
fig4 N=80 phi=0.15 seed=5730 mfs_coarse           rel_rmse=  0.667%  lin=  0.605%  ang=  1.421%  max=   1.96%  (0.2 s)
Computing neighbor pairs for n-body correction...
no of RPY interactions: 4468
no of NN interactions: 1852
[Mob_Nbody] Base velocity compute time: 2.980 ms
[Mob_Nbody] Post-base path time: 2.179 ms
fig4 N=80 phi=0.15 seed=5730 M_nbody_gpu          rel_rmse=  7.999%  lin=  7.889%  ang=  9.944%  max=  21.49%  (0.0 s)
Converged after 33 iterations (max diff = 5.628065e-09)
Mobility computation time: 242.59 ms
fig4 N=80 phi=0.15 seed=5731 mfs_coarse           rel_rmse=  1.321%  lin=  1.254%  ang=  1.574%  max=   3.06%  (0.2 s)
Computing neighbor pairs for n-body correction...
no of RPY interactions: 4554
no of NN interactions: 1766
[Mob_Nbody] Base velocity compute time: 3.006 ms
[Mob_Nbody] Post-base path time: 2.182 ms
fig4 N=80 phi=0.15 seed=5731 M_nbody_gpu          rel_rmse= 10.613%  lin= 11.283%  ang=  7.083%  max=  20.66%  (0.0 s)
Converged after 31 iterations (max diff = 5.774019e-09)
Mobility computation time: 226.74 ms
fig4 N=80 phi=0.15 seed=5732 mfs_coarse           rel_rmse=  0.826%  lin=  0.723%  ang=  1.253%  max=   3.45%  (0.2 s)
Computing neighbor pairs for n-body correction...
no of RPY interactions: 4568
no of NN interactions: 1752
[Mob_Nbody] Base velocity compute time: 2.988 ms
[Mob_Nbody] Post-base path time: 2.186 ms
fig4 N=80 phi=0.15 seed=5732 M_nbody_gpu          rel_rmse=  7.844%  lin=  8.107%  ang=  6.170%  max=  31.16%  (0.0 s)
Converged after 30 iterations (max diff = 8.705599e-09)
Mobility computation time: 249.54 ms
fig4 N=90 phi=0.15 seed=5823 mfs_coarse           rel_rmse=  1.112%  lin=  1.059%  ang=  1.363%  max=   4.37%  (0.2 s)
Computing neighbor pairs for n-body correction...
no of RPY interactions: 6066
no of NN interactions: 1944
[Mob_Nbody] Base velocity compute time: 2.974 ms
[Mob_Nbody] Post-base path time: 2.176 ms
fig4 N=90 phi=0.15 seed=5823 M_nbody_gpu          rel_rmse= 10.603%  lin= 11.144%  ang=  6.954%  max=  26.39%  (0.0 s)
Converged after 36 iterations (max diff = 8.289657e-09)
Mobility computation time: 299.04 ms
fig4 N=90 phi=0.15 seed=5824 mfs_coarse           rel_rmse=  1.161%  lin=  1.081%  ang=  1.580%  max=   4.67%  (0.3 s)
Computing neighbor pairs for n-body correction...
no of RPY interactions: 5820
no of NN interactions: 2190
[Mob_Nbody] Base velocity compute time: 2.991 ms
[Mob_Nbody] Post-base path time: 2.155 ms
fig4 N=90 phi=0.15 seed=5824 M_nbody_gpu          rel_rmse= 12.275%  lin= 12.738%  ang=  8.754%  max=  30.30%  (0.0 s)
Converged after 29 iterations (max diff = 8.577683e-09)
Mobility computation time: 241.60 ms
fig4 N=90 phi=0.15 seed=5825 mfs_coarse           rel_rmse=  0.997%  lin=  0.865%  ang=  1.419%  max=   2.69%  (0.2 s)
Computing neighbor pairs for n-body correction...
no of RPY interactions: 5994
no of NN interactions: 2016
[Mob_Nbody] Base velocity compute time: 2.979 ms
[Mob_Nbody] Post-base path time: 2.186 ms
fig4 N=90 phi=0.15 seed=5825 M_nbody_gpu          rel_rmse= 10.862%  lin= 11.609%  ang=  6.960%  max=  19.96%  (0.0 s)
Converged after 32 iterations (max diff = 6.522191e-09)
Mobility computation time: 264.77 ms
fig4 N=90 phi=0.15 seed=5826 mfs_coarse           rel_rmse=  1.328%  lin=  1.230%  ang=  1.738%  max=   7.38%  (0.3 s)
Computing neighbor pairs for n-body correction...
no of RPY interactions: 5818
no of NN interactions: 2192
[Mob_Nbody] Base velocity compute time: 2.979 ms
[Mob_Nbody] Post-base path time: 2.176 ms
fig4 N=90 phi=0.15 seed=5826 M_nbody_gpu          rel_rmse= 11.585%  lin= 12.115%  ang=  8.457%  max=  50.13%  (0.0 s)
Converged after 32 iterations (max diff = 7.505033e-09)
Mobility computation time: 266.40 ms
fig4 N=90 phi=0.15 seed=5827 mfs_coarse           rel_rmse=  1.338%  lin=  1.158%  ang=  1.761%  max=   5.22%  (0.3 s)
Computing neighbor pairs for n-body correction...
no of RPY interactions: 5938
no of NN interactions: 2072
[Mob_Nbody] Base velocity compute time: 2.976 ms
[Mob_Nbody] Post-base path time: 2.199 ms
fig4 N=90 phi=0.15 seed=5827 M_nbody_gpu          rel_rmse= 10.185%  lin= 11.210%  ang=  6.286%  max=  39.26%  (0.0 s)
Converged after 29 iterations (max diff = 9.071109e-09)
Mobility computation time: 243.21 ms
fig4 N=90 phi=0.15 seed=5828 mfs_coarse           rel_rmse=  0.966%  lin=  0.853%  ang=  1.329%  max=   4.73%  (0.2 s)
Computing neighbor pairs for n-body correction...
no of RPY interactions: 6084
no of NN interactions: 1926
[Mob_Nbody] Base velocity compute time: 2.981 ms
[Mob_Nbody] Post-base path time: 2.184 ms
fig4 N=90 phi=0.15 seed=5828 M_nbody_gpu          rel_rmse=  8.259%  lin=  8.859%  ang=  5.127%  max=  22.48%  (0.0 s)
Converged after 34 iterations (max diff = 5.731660e-09)
Mobility computation time: 284.23 ms
fig4 N=90 phi=0.15 seed=5829 mfs_coarse           rel_rmse=  1.340%  lin=  1.266%  ang=  1.606%  max=   6.20%  (0.3 s)
Computing neighbor pairs for n-body correction...
no of RPY interactions: 5842
no of NN interactions: 2168
[Mob_Nbody] Base velocity compute time: 2.977 ms
[Mob_Nbody] Post-base path time: 2.156 ms
fig4 N=90 phi=0.15 seed=5829 M_nbody_gpu          rel_rmse= 11.554%  lin= 12.251%  ang=  8.115%  max=  34.44%  (0.0 s)
Converged after 28 iterations (max diff = 4.704206e-09)
Mobility computation time: 233.33 ms
fig4 N=90 phi=0.15 seed=5830 mfs_coarse           rel_rmse=  0.884%  lin=  0.740%  ang=  1.477%  max=   2.93%  (0.2 s)
Computing neighbor pairs for n-body correction...
no of RPY interactions: 6018
no of NN interactions: 1992
[Mob_Nbody] Base velocity compute time: 2.963 ms
[Mob_Nbody] Post-base path time: 2.191 ms
fig4 N=90 phi=0.15 seed=5830 M_nbody_gpu          rel_rmse=  7.498%  lin=  7.661%  ang=  6.425%  max=  28.80%  (0.0 s)
Converged after 31 iterations (max diff = 8.831539e-09)
Mobility computation time: 258.50 ms
fig4 N=90 phi=0.15 seed=5831 mfs_coarse           rel_rmse=  1.107%  lin=  1.009%  ang=  1.470%  max=   6.47%  (0.3 s)
Computing neighbor pairs for n-body correction...
no of RPY interactions: 5912
no of NN interactions: 2098
[Mob_Nbody] Base velocity compute time: 2.982 ms
[Mob_Nbody] Post-base path time: 2.164 ms
fig4 N=90 phi=0.15 seed=5831 M_nbody_gpu          rel_rmse= 11.023%  lin= 11.659%  ang=  7.537%  max=  28.17%  (0.0 s)
Converged after 28 iterations (max diff = 9.343447e-09)
Mobility computation time: 232.26 ms
fig4 N=90 phi=0.15 seed=5832 mfs_coarse           rel_rmse=  0.890%  lin=  0.730%  ang=  1.387%  max=   2.64%  (0.2 s)
Computing neighbor pairs for n-body correction...
no of RPY interactions: 5946
no of NN interactions: 2064
[Mob_Nbody] Base velocity compute time: 2.971 ms
[Mob_Nbody] Post-base path time: 2.197 ms
fig4 N=90 phi=0.15 seed=5832 M_nbody_gpu          rel_rmse=  9.411%  lin=  9.920%  ang=  6.758%  max=  26.03%  (0.0 s)
Converged after 30 iterations (max diff = 5.188116e-09)
Mobility computation time: 276.07 ms
fig4 N=100 phi=0.15 seed=5923 mfs_coarse           rel_rmse=  0.908%  lin=  0.807%  ang=  1.487%  max=   3.94%  (0.3 s)
Computing neighbor pairs for n-body correction...
no of RPY interactions: 7630
no of NN interactions: 2270
[Mob_Nbody] Base velocity compute time: 2.977 ms
[Mob_Nbody] Post-base path time: 2.189 ms
fig4 N=100 phi=0.15 seed=5923 M_nbody_gpu          rel_rmse=  9.390%  lin=  9.589%  ang=  7.611%  max=  25.40%  (0.0 s)
Converged after 30 iterations (max diff = 9.519823e-09)
Mobility computation time: 275.33 ms
fig4 N=100 phi=0.15 seed=5924 mfs_coarse           rel_rmse=  1.203%  lin=  1.044%  ang=  1.632%  max=   3.35%  (0.3 s)
Computing neighbor pairs for n-body correction...
no of RPY interactions: 7482
no of NN interactions: 2418
[Mob_Nbody] Base velocity compute time: 2.983 ms
[Mob_Nbody] Post-base path time: 2.151 ms
fig4 N=100 phi=0.15 seed=5924 M_nbody_gpu          rel_rmse=  9.132%  lin=  9.733%  ang=  6.692%  max=  26.49%  (0.0 s)
Converged after 30 iterations (max diff = 6.192841e-09)
Mobility computation time: 277.46 ms
fig4 N=100 phi=0.15 seed=5925 mfs_coarse           rel_rmse=  0.762%  lin=  0.624%  ang=  1.435%  max=   2.40%  (0.3 s)
Computing neighbor pairs for n-body correction...
no of RPY interactions: 7670
no of NN interactions: 2230
[Mob_Nbody] Base velocity compute time: 2.987 ms
[Mob_Nbody] Post-base path time: 2.180 ms
fig4 N=100 phi=0.15 seed=5925 M_nbody_gpu          rel_rmse=  7.048%  lin=  7.044%  ang=  7.076%  max=  20.91%  (0.0 s)
Converged after 31 iterations (max diff = 5.762046e-09)
Mobility computation time: 286.35 ms
fig4 N=100 phi=0.15 seed=5926 mfs_coarse           rel_rmse=  1.142%  lin=  1.098%  ang=  1.321%  max=   3.98%  (0.3 s)
Computing neighbor pairs for n-body correction...
no of RPY interactions: 7564
no of NN interactions: 2336
[Mob_Nbody] Base velocity compute time: 2.974 ms
[Mob_Nbody] Post-base path time: 2.177 ms
fig4 N=100 phi=0.15 seed=5926 M_nbody_gpu          rel_rmse= 10.879%  lin= 11.533%  ang=  7.281%  max=  33.15%  (0.0 s)
Converged after 32 iterations (max diff = 8.997099e-09)
Mobility computation time: 294.69 ms
fig4 N=100 phi=0.15 seed=5927 mfs_coarse           rel_rmse=  1.219%  lin=  1.128%  ang=  1.574%  max=   3.71%  (0.3 s)
Computing neighbor pairs for n-body correction...
no of RPY interactions: 7596
no of NN interactions: 2304
[Mob_Nbody] Base velocity compute time: 2.985 ms
[Mob_Nbody] Post-base path time: 2.163 ms
fig4 N=100 phi=0.15 seed=5927 M_nbody_gpu          rel_rmse= 12.274%  lin= 13.064%  ang=  7.612%  max=  27.07%  (0.0 s)
Converged after 33 iterations (max diff = 8.893178e-09)
Mobility computation time: 302.27 ms
fig4 N=100 phi=0.15 seed=5928 mfs_coarse           rel_rmse=  1.119%  lin=  1.079%  ang=  1.280%  max=   4.24%  (0.3 s)
Computing neighbor pairs for n-body correction...
no of RPY interactions: 7640
no of NN interactions: 2260
[Mob_Nbody] Base velocity compute time: 2.989 ms
[Mob_Nbody] Post-base path time: 2.187 ms
fig4 N=100 phi=0.15 seed=5928 M_nbody_gpu          rel_rmse=  9.287%  lin=  9.829%  ang=  6.463%  max=  20.14%  (0.0 s)
Converged after 32 iterations (max diff = 8.105861e-09)
Mobility computation time: 294.85 ms
fig4 N=100 phi=0.15 seed=5929 mfs_coarse           rel_rmse=  0.931%  lin=  0.823%  ang=  1.394%  max=   2.30%  (0.3 s)
Computing neighbor pairs for n-body correction...
no of RPY interactions: 7604
no of NN interactions: 2296
[Mob_Nbody] Base velocity compute time: 2.994 ms
[Mob_Nbody] Post-base path time: 2.170 ms
fig4 N=100 phi=0.15 seed=5929 M_nbody_gpu          rel_rmse=  9.880%  lin= 10.309%  ang=  6.941%  max=  19.98%  (0.0 s)
Converged after 32 iterations (max diff = 5.612770e-09)
Mobility computation time: 294.85 ms
fig4 N=100 phi=0.15 seed=5930 mfs_coarse           rel_rmse=  1.101%  lin=  1.039%  ang=  1.328%  max=   4.78%  (0.3 s)
Computing neighbor pairs for n-body correction...
no of RPY interactions: 7648
no of NN interactions: 2252
[Mob_Nbody] Base velocity compute time: 2.983 ms
[Mob_Nbody] Post-base path time: 2.173 ms
fig4 N=100 phi=0.15 seed=5930 M_nbody_gpu          rel_rmse=  9.425%  lin=  9.969%  ang=  6.661%  max=  22.61%  (0.0 s)
Converged after 32 iterations (max diff = 4.503706e-09)
Mobility computation time: 294.32 ms
fig4 N=100 phi=0.15 seed=5931 mfs_coarse           rel_rmse=  0.857%  lin=  0.715%  ang=  1.726%  max=   2.68%  (0.3 s)
Computing neighbor pairs for n-body correction...
no of RPY interactions: 7506
no of NN interactions: 2394
[Mob_Nbody] Base velocity compute time: 2.995 ms
[Mob_Nbody] Post-base path time: 2.187 ms
fig4 N=100 phi=0.15 seed=5931 M_nbody_gpu          rel_rmse=  7.829%  lin=  7.815%  ang=  7.968%  max=  17.64%  (0.0 s)
Converged after 29 iterations (max diff = 8.071318e-09)
Mobility computation time: 266.17 ms
fig4 N=100 phi=0.15 seed=5932 mfs_coarse           rel_rmse=  1.313%  lin=  1.332%  ang=  1.258%  max=   4.61%  (0.3 s)
Computing neighbor pairs for n-body correction...
no of RPY interactions: 7586
no of NN interactions: 2314
[Mob_Nbody] Base velocity compute time: 2.978 ms
[Mob_Nbody] Post-base path time: 2.161 ms
fig4 N=100 phi=0.15 seed=5932 M_nbody_gpu          rel_rmse= 12.157%  lin= 13.555%  ang=  6.728%  max=  33.40%  (0.0 s)
Converged after 31 iterations (max diff = 8.934081e-09)
Mobility computation time: 341.94 ms
fig4 N=120 phi=0.15 seed=6023 mfs_coarse           rel_rmse=  1.125%  lin=  0.974%  ang=  1.675%  max=   3.87%  (0.3 s)
Computing neighbor pairs for n-body correction...
no of RPY interactions: 11442
no of NN interactions: 2838
[Mob_Nbody] Base velocity compute time: 2.984 ms
[Mob_Nbody] Post-base path time: 2.185 ms
fig4 N=120 phi=0.15 seed=6023 M_nbody_gpu          rel_rmse=  9.119%  lin=  9.597%  ang=  6.321%  max=  29.91%  (0.0 s)
Converged after 34 iterations (max diff = 6.330058e-09)
Mobility computation time: 373.62 ms
fig4 N=120 phi=0.15 seed=6024 mfs_coarse           rel_rmse=  1.315%  lin=  1.276%  ang=  1.488%  max=   4.21%  (0.4 s)
Computing neighbor pairs for n-body correction...
no of RPY interactions: 11302
no of NN interactions: 2978
[Mob_Nbody] Base velocity compute time: 2.984 ms
[Mob_Nbody] Post-base path time: 2.152 ms
fig4 N=120 phi=0.15 seed=6024 M_nbody_gpu          rel_rmse=  9.280%  lin=  9.683%  ang=  7.037%  max=  22.49%  (0.0 s)
Converged after 31 iterations (max diff = 9.418964e-09)
Mobility computation time: 342.74 ms
fig4 N=120 phi=0.15 seed=6025 mfs_coarse           rel_rmse=  0.687%  lin=  0.572%  ang=  1.599%  max=   2.34%  (0.3 s)
Computing neighbor pairs for n-body correction...
no of RPY interactions: 11430
no of NN interactions: 2850
[Mob_Nbody] Base velocity compute time: 2.984 ms
[Mob_Nbody] Post-base path time: 2.167 ms
fig4 N=120 phi=0.15 seed=6025 M_nbody_gpu          rel_rmse=  7.201%  lin=  7.195%  ang=  7.275%  max=  17.34%  (0.0 s)
Converged after 33 iterations (max diff = 4.295816e-09)
Mobility computation time: 363.09 ms
fig4 N=120 phi=0.15 seed=6026 mfs_coarse           rel_rmse=  1.421%  lin=  1.347%  ang=  1.668%  max=   6.65%  (0.4 s)
Computing neighbor pairs for n-body correction...
no of RPY interactions: 11568
no of NN interactions: 2712
[Mob_Nbody] Base velocity compute time: 2.985 ms
[Mob_Nbody] Post-base path time: 2.162 ms
fig4 N=120 phi=0.15 seed=6026 M_nbody_gpu          rel_rmse= 10.823%  lin= 11.657%  ang=  6.932%  max=  28.55%  (0.0 s)
Converged after 30 iterations (max diff = 7.849684e-09)
Mobility computation time: 333.09 ms
fig4 N=120 phi=0.15 seed=6027 mfs_coarse           rel_rmse=  0.843%  lin=  0.770%  ang=  1.231%  max=   2.28%  (0.3 s)
Computing neighbor pairs for n-body correction...
no of RPY interactions: 11478
no of NN interactions: 2802
[Mob_Nbody] Base velocity compute time: 3.167 ms
[Mob_Nbody] Post-base path time: 2.265 ms
fig4 N=120 phi=0.15 seed=6027 M_nbody_gpu          rel_rmse=  8.943%  lin=  9.222%  ang=  6.756%  max=  18.61%  (0.0 s)
Converged after 30 iterations (max diff = 6.909574e-09)
Mobility computation time: 331.73 ms
fig4 N=120 phi=0.15 seed=6028 mfs_coarse           rel_rmse=  1.212%  lin=  1.107%  ang=  1.552%  max=   4.52%  (0.3 s)
Computing neighbor pairs for n-body correction...
no of RPY interactions: 11426
no of NN interactions: 2854
[Mob_Nbody] Base velocity compute time: 2.985 ms
[Mob_Nbody] Post-base path time: 2.173 ms
fig4 N=120 phi=0.15 seed=6028 M_nbody_gpu          rel_rmse=  9.492%  lin= 10.171%  ang=  6.195%  max=  30.11%  (0.0 s)
Converged after 30 iterations (max diff = 7.732353e-09)
Mobility computation time: 331.16 ms
fig4 N=120 phi=0.15 seed=6029 mfs_coarse           rel_rmse=  0.876%  lin=  0.765%  ang=  1.400%  max=   4.23%  (0.3 s)
Computing neighbor pairs for n-body correction...
no of RPY interactions: 11482
no of NN interactions: 2798
[Mob_Nbody] Base velocity compute time: 2.989 ms
[Mob_Nbody] Post-base path time: 2.181 ms
fig4 N=120 phi=0.15 seed=6029 M_nbody_gpu          rel_rmse=  7.877%  lin=  8.038%  ang=  6.727%  max=  20.10%  (0.0 s)
Converged after 36 iterations (max diff = 5.871064e-09)
Mobility computation time: 397.97 ms
fig4 N=120 phi=0.15 seed=6030 mfs_coarse           rel_rmse=  1.021%  lin=  0.946%  ang=  1.398%  max=   3.33%  (0.4 s)
Computing neighbor pairs for n-body correction...
no of RPY interactions: 11490
no of NN interactions: 2790
[Mob_Nbody] Base velocity compute time: 2.982 ms
[Mob_Nbody] Post-base path time: 2.184 ms
fig4 N=120 phi=0.15 seed=6030 M_nbody_gpu          rel_rmse=  9.214%  lin=  9.580%  ang=  6.522%  max=  21.01%  (0.0 s)
Converged after 32 iterations (max diff = 5.036397e-09)
Mobility computation time: 353.42 ms
fig4 N=120 phi=0.15 seed=6031 mfs_coarse           rel_rmse=  0.886%  lin=  0.785%  ang=  1.533%  max=   4.19%  (0.4 s)
Computing neighbor pairs for n-body correction...
no of RPY interactions: 11324
no of NN interactions: 2956
[Mob_Nbody] Base velocity compute time: 2.972 ms
[Mob_Nbody] Post-base path time: 2.176 ms
fig4 N=120 phi=0.15 seed=6031 M_nbody_gpu          rel_rmse=  9.232%  lin=  9.367%  ang=  7.861%  max=  25.94%  (0.0 s)
Converged after 30 iterations (max diff = 4.970968e-09)
Mobility computation time: 330.40 ms
fig4 N=120 phi=0.15 seed=6032 mfs_coarse           rel_rmse=  0.813%  lin=  0.728%  ang=  1.330%  max=   3.95%  (0.3 s)
Computing neighbor pairs for n-body correction...
no of RPY interactions: 11252
no of NN interactions: 3028
[Mob_Nbody] Base velocity compute time: 2.971 ms
[Mob_Nbody] Post-base path time: 2.194 ms
fig4 N=120 phi=0.15 seed=6032 M_nbody_gpu          rel_rmse=  7.425%  lin=  7.455%  ang=  7.174%  max=  18.97%  (0.0 s)
Converged after 33 iterations (max diff = 5.669002e-09)
Mobility computation time: 423.95 ms
fig4 N=140 phi=0.15 seed=6123 mfs_coarse           rel_rmse=  1.045%  lin=  0.924%  ang=  1.693%  max=   3.07%  (0.4 s)
Computing neighbor pairs for n-body correction...
no of RPY interactions: 16032
no of NN interactions: 3428
[Mob_Nbody] Base velocity compute time: 3.017 ms
[Mob_Nbody] Post-base path time: 2.193 ms
fig4 N=140 phi=0.15 seed=6123 M_nbody_gpu          rel_rmse=  8.007%  lin=  8.198%  ang=  6.413%  max=  40.57%  (0.0 s)
Converged after 32 iterations (max diff = 5.516986e-09)
Mobility computation time: 407.91 ms
fig4 N=140 phi=0.15 seed=6124 mfs_coarse           rel_rmse=  0.945%  lin=  0.847%  ang=  1.380%  max=   4.45%  (0.4 s)
Computing neighbor pairs for n-body correction...
no of RPY interactions: 15966
no of NN interactions: 3494
[Mob_Nbody] Base velocity compute time: 2.988 ms
[Mob_Nbody] Post-base path time: 2.166 ms
fig4 N=140 phi=0.15 seed=6124 M_nbody_gpu          rel_rmse= 10.005%  lin= 10.435%  ang=  7.058%  max=  31.37%  (0.0 s)
Converged after 33 iterations (max diff = 5.484076e-09)
Mobility computation time: 425.56 ms
fig4 N=140 phi=0.15 seed=6125 mfs_coarse           rel_rmse=  1.313%  lin=  1.207%  ang=  1.622%  max=   7.83%  (0.4 s)
Computing neighbor pairs for n-body correction...
no of RPY interactions: 16014
no of NN interactions: 3446
[Mob_Nbody] Base velocity compute time: 3.002 ms
[Mob_Nbody] Post-base path time: 2.177 ms
fig4 N=140 phi=0.15 seed=6125 M_nbody_gpu          rel_rmse= 14.152%  lin= 15.486%  ang=  8.114%  max=  58.21%  (0.0 s)
Converged after 33 iterations (max diff = 7.876021e-09)
Mobility computation time: 422.74 ms
fig4 N=140 phi=0.15 seed=6126 mfs_coarse           rel_rmse=  0.828%  lin=  0.737%  ang=  1.382%  max=   2.76%  (0.4 s)
Computing neighbor pairs for n-body correction...
no of RPY interactions: 16008
no of NN interactions: 3452
[Mob_Nbody] Base velocity compute time: 2.997 ms
[Mob_Nbody] Post-base path time: 2.176 ms
fig4 N=140 phi=0.15 seed=6126 M_nbody_gpu          rel_rmse=  9.262%  lin=  9.420%  ang=  7.765%  max=  29.58%  (0.0 s)
Converged after 33 iterations (max diff = 9.127914e-09)
Mobility computation time: 423.47 ms
fig4 N=140 phi=0.15 seed=6127 mfs_coarse           rel_rmse=  1.272%  lin=  1.170%  ang=  1.741%  max=   4.02%  (0.4 s)
Computing neighbor pairs for n-body correction...
no of RPY interactions: 15936
no of NN interactions: 3524
[Mob_Nbody] Base velocity compute time: 2.977 ms
[Mob_Nbody] Post-base path time: 2.193 ms
fig4 N=140 phi=0.15 seed=6127 M_nbody_gpu          rel_rmse= 11.501%  lin= 11.993%  ang=  8.166%  max=  28.12%  (0.0 s)
Converged after 31 iterations (max diff = 6.306771e-09)
Mobility computation time: 398.78 ms
fig4 N=140 phi=0.15 seed=6128 mfs_coarse           rel_rmse=  0.831%  lin=  0.737%  ang=  1.311%  max=   4.29%  (0.4 s)
Computing neighbor pairs for n-body correction...
no of RPY interactions: 16068
no of NN interactions: 3392
[Mob_Nbody] Base velocity compute time: 2.990 ms
[Mob_Nbody] Post-base path time: 2.178 ms
fig4 N=140 phi=0.15 seed=6128 M_nbody_gpu          rel_rmse= 10.787%  lin= 11.227%  ang=  6.940%  max=  30.25%  (0.0 s)
Converged after 31 iterations (max diff = 6.348413e-09)
Mobility computation time: 396.15 ms
fig4 N=140 phi=0.15 seed=6129 mfs_coarse           rel_rmse=  1.236%  lin=  1.108%  ang=  1.541%  max=   6.71%  (0.4 s)
Computing neighbor pairs for n-body correction...
no of RPY interactions: 16076
no of NN interactions: 3384
[Mob_Nbody] Base velocity compute time: 3.007 ms
[Mob_Nbody] Post-base path time: 2.162 ms
fig4 N=140 phi=0.15 seed=6129 M_nbody_gpu          rel_rmse= 13.916%  lin= 15.569%  ang=  7.438%  max=  39.14%  (0.0 s)
Converged after 33 iterations (max diff = 8.432543e-09)
Mobility computation time: 423.39 ms
fig4 N=140 phi=0.15 seed=6130 mfs_coarse           rel_rmse=  0.915%  lin=  0.831%  ang=  1.377%  max=   3.62%  (0.4 s)
Computing neighbor pairs for n-body correction...
no of RPY interactions: 16124
no of NN interactions: 3336
[Mob_Nbody] Base velocity compute time: 3.004 ms
[Mob_Nbody] Post-base path time: 2.180 ms
fig4 N=140 phi=0.15 seed=6130 M_nbody_gpu          rel_rmse=  8.117%  lin=  8.254%  ang=  7.046%  max=  39.40%  (0.0 s)
Converged after 32 iterations (max diff = 4.670495e-09)
Mobility computation time: 411.46 ms
fig4 N=140 phi=0.15 seed=6131 mfs_coarse           rel_rmse=  1.203%  lin=  1.114%  ang=  1.489%  max=   5.30%  (0.4 s)
Computing neighbor pairs for n-body correction...
no of RPY interactions: 16018
no of NN interactions: 3442
[Mob_Nbody] Base velocity compute time: 2.978 ms
[Mob_Nbody] Post-base path time: 2.173 ms
fig4 N=140 phi=0.15 seed=6131 M_nbody_gpu          rel_rmse= 11.494%  lin= 12.463%  ang=  6.713%  max=  26.72%  (0.0 s)
Converged after 33 iterations (max diff = 6.439733e-09)
Mobility computation time: 423.96 ms
fig4 N=140 phi=0.15 seed=6132 mfs_coarse           rel_rmse=  0.902%  lin=  0.789%  ang=  1.484%  max=   2.65%  (0.4 s)
Computing neighbor pairs for n-body correction...
no of RPY interactions: 15982
no of NN interactions: 3478
[Mob_Nbody] Base velocity compute time: 3.008 ms
[Mob_Nbody] Post-base path time: 2.166 ms
fig4 N=140 phi=0.15 seed=6132 M_nbody_gpu          rel_rmse=  8.199%  lin=  8.339%  ang=  7.101%  max=  21.80%  (0.0 s)
Converged after 31 iterations (max diff = 6.472926e-09)
Mobility computation time: 453.30 ms
fig4 N=160 phi=0.15 seed=6223 mfs_coarse           rel_rmse=  0.820%  lin=  0.724%  ang=  1.156%  max=   2.70%  (0.5 s)
Computing neighbor pairs for n-body correction...
no of RPY interactions: 21618
no of NN interactions: 3822
[Mob_Nbody] Base velocity compute time: 2.964 ms
[Mob_Nbody] Post-base path time: 2.202 ms
fig4 N=160 phi=0.15 seed=6223 M_nbody_gpu          rel_rmse=  9.817%  lin= 10.458%  ang=  6.178%  max=  39.85%  (0.0 s)
Converged after 30 iterations (max diff = 5.605493e-09)
Mobility computation time: 438.14 ms
fig4 N=160 phi=0.15 seed=6224 mfs_coarse           rel_rmse=  1.248%  lin=  1.185%  ang=  1.413%  max=   5.48%  (0.4 s)
Computing neighbor pairs for n-body correction...
no of RPY interactions: 21558
no of NN interactions: 3882
[Mob_Nbody] Base velocity compute time: 2.981 ms
[Mob_Nbody] Post-base path time: 2.179 ms
fig4 N=160 phi=0.15 seed=6224 M_nbody_gpu          rel_rmse= 12.604%  lin= 14.088%  ang=  6.776%  max=  37.67%  (0.0 s)
Converged after 31 iterations (max diff = 4.563278e-09)
Mobility computation time: 453.49 ms
fig4 N=160 phi=0.15 seed=6225 mfs_coarse           rel_rmse=  1.116%  lin=  1.021%  ang=  1.434%  max=   3.83%  (0.5 s)
Computing neighbor pairs for n-body correction...
no of RPY interactions: 21320
no of NN interactions: 4120
[Mob_Nbody] Base velocity compute time: 3.006 ms
[Mob_Nbody] Post-base path time: 2.168 ms
fig4 N=160 phi=0.15 seed=6225 M_nbody_gpu          rel_rmse= 11.832%  lin= 12.741%  ang=  7.163%  max=  33.18%  (0.0 s)
Converged after 28 iterations (max diff = 9.109917e-09)
Mobility computation time: 411.77 ms
fig4 N=160 phi=0.15 seed=6226 mfs_coarse           rel_rmse=  0.899%  lin=  0.799%  ang=  1.334%  max=   4.80%  (0.4 s)
Computing neighbor pairs for n-body correction...
no of RPY interactions: 21410
no of NN interactions: 4030
[Mob_Nbody] Base velocity compute time: 3.000 ms
[Mob_Nbody] Post-base path time: 2.162 ms
fig4 N=160 phi=0.15 seed=6226 M_nbody_gpu          rel_rmse=  8.234%  lin=  8.533%  ang=  6.240%  max=  22.30%  (0.0 s)
Converged after 31 iterations (max diff = 8.500572e-09)
Mobility computation time: 454.19 ms
fig4 N=160 phi=0.15 seed=6227 mfs_coarse           rel_rmse=  0.643%  lin=  0.554%  ang=  1.356%  max=   2.70%  (0.5 s)
Computing neighbor pairs for n-body correction...
no of RPY interactions: 21588
no of NN interactions: 3852
[Mob_Nbody] Base velocity compute time: 2.998 ms
[Mob_Nbody] Post-base path time: 2.164 ms
fig4 N=160 phi=0.15 seed=6227 M_nbody_gpu          rel_rmse=  7.042%  lin=  7.058%  ang=  6.819%  max=  15.96%  (0.0 s)
Converged after 32 iterations (max diff = 6.835230e-09)
Mobility computation time: 466.48 ms
fig4 N=160 phi=0.15 seed=6228 mfs_coarse           rel_rmse=  0.717%  lin=  0.608%  ang=  1.482%  max=   3.18%  (0.5 s)
Computing neighbor pairs for n-body correction...
no of RPY interactions: 21320
no of NN interactions: 4120
[Mob_Nbody] Base velocity compute time: 2.916 ms
[Mob_Nbody] Post-base path time: 2.118 ms
fig4 N=160 phi=0.15 seed=6228 M_nbody_gpu          rel_rmse= 10.143%  lin= 10.280%  ang=  8.400%  max=  19.01%  (0.0 s)
Converged after 30 iterations (max diff = 8.212492e-09)
Mobility computation time: 439.66 ms
fig4 N=160 phi=0.15 seed=6229 mfs_coarse           rel_rmse=  0.706%  lin=  0.627%  ang=  1.155%  max=   1.93%  (0.4 s)
Computing neighbor pairs for n-body correction...
no of RPY interactions: 21382
no of NN interactions: 4058
[Mob_Nbody] Base velocity compute time: 3.000 ms
[Mob_Nbody] Post-base path time: 2.154 ms
fig4 N=160 phi=0.15 seed=6229 M_nbody_gpu          rel_rmse= 10.150%  lin= 10.446%  ang=  7.395%  max=  25.04%  (0.0 s)
Converged after 29 iterations (max diff = 4.865305e-09)
Mobility computation time: 424.63 ms
fig4 N=160 phi=0.15 seed=6230 mfs_coarse           rel_rmse=  1.167%  lin=  1.033%  ang=  1.575%  max=   4.50%  (0.4 s)
Computing neighbor pairs for n-body correction...
no of RPY interactions: 21452
no of NN interactions: 3988
[Mob_Nbody] Base velocity compute time: 2.992 ms
[Mob_Nbody] Post-base path time: 2.186 ms
fig4 N=160 phi=0.15 seed=6230 M_nbody_gpu          rel_rmse= 11.524%  lin= 12.518%  ang=  6.528%  max=  34.36%  (0.0 s)
Converged after 35 iterations (max diff = 7.657184e-09)
Mobility computation time: 512.86 ms
fig4 N=160 phi=0.15 seed=6231 mfs_coarse           rel_rmse=  1.026%  lin=  0.822%  ang=  1.828%  max=   3.40%  (0.5 s)
Computing neighbor pairs for n-body correction...
no of RPY interactions: 21502
no of NN interactions: 3938
[Mob_Nbody] Base velocity compute time: 2.982 ms
[Mob_Nbody] Post-base path time: 2.188 ms
fig4 N=160 phi=0.15 seed=6231 M_nbody_gpu          rel_rmse=  8.012%  lin=  8.188%  ang=  6.843%  max=  24.85%  (0.0 s)
Converged after 33 iterations (max diff = 7.792546e-09)
Mobility computation time: 483.70 ms
fig4 N=160 phi=0.15 seed=6232 mfs_coarse           rel_rmse=  0.842%  lin=  0.739%  ang=  1.730%  max=   5.36%  (0.5 s)
Computing neighbor pairs for n-body correction...
no of RPY interactions: 21534
no of NN interactions: 3906
[Mob_Nbody] Base velocity compute time: 2.982 ms
[Mob_Nbody] Post-base path time: 2.180 ms
fig4 N=160 phi=0.15 seed=6232 M_nbody_gpu          rel_rmse=  8.163%  lin=  8.173%  ang=  8.007%  max=  22.86%  (0.0 s)
Converged after 31 iterations (max diff = 6.322740e-09)
Mobility computation time: 510.45 ms
fig4 N=180 phi=0.15 seed=6323 mfs_coarse           rel_rmse=  1.308%  lin=  1.291%  ang=  1.364%  max=   4.28%  (0.5 s)
Computing neighbor pairs for n-body correction...
no of RPY interactions: 27614
no of NN interactions: 4606
[Mob_Nbody] Base velocity compute time: 2.969 ms
[Mob_Nbody] Post-base path time: 2.169 ms
fig4 N=180 phi=0.15 seed=6323 M_nbody_gpu          rel_rmse= 11.597%  lin= 12.690%  ang=  6.832%  max=  43.35%  (0.0 s)
Converged after 32 iterations (max diff = 4.854342e-09)
Mobility computation time: 527.76 ms
fig4 N=180 phi=0.15 seed=6324 mfs_coarse           rel_rmse=  1.159%  lin=  1.122%  ang=  1.291%  max=   5.33%  (0.5 s)
Computing neighbor pairs for n-body correction...
no of RPY interactions: 27752
no of NN interactions: 4468
[Mob_Nbody] Base velocity compute time: 3.091 ms
[Mob_Nbody] Post-base path time: 2.225 ms
fig4 N=180 phi=0.15 seed=6324 M_nbody_gpu          rel_rmse= 14.154%  lin= 15.405%  ang=  7.564%  max=  37.63%  (0.0 s)
Converged after 32 iterations (max diff = 6.816809e-09)
Mobility computation time: 525.29 ms
fig4 N=180 phi=0.15 seed=6325 mfs_coarse           rel_rmse=  1.754%  lin=  1.800%  ang=  1.629%  max=   9.00%  (0.5 s)
Computing neighbor pairs for n-body correction...
no of RPY interactions: 27592
no of NN interactions: 4628
[Mob_Nbody] Base velocity compute time: 2.967 ms
[Mob_Nbody] Post-base path time: 2.156 ms
fig4 N=180 phi=0.15 seed=6325 M_nbody_gpu          rel_rmse= 13.675%  lin= 15.540%  ang=  6.909%  max=  48.65%  (0.0 s)
Converged after 34 iterations (max diff = 8.209098e-09)
Mobility computation time: 558.12 ms
fig4 N=180 phi=0.15 seed=6326 mfs_coarse           rel_rmse=  0.997%  lin=  0.904%  ang=  1.465%  max=   3.47%  (0.6 s)
Computing neighbor pairs for n-body correction...
no of RPY interactions: 27696
no of NN interactions: 4524
[Mob_Nbody] Base velocity compute time: 2.967 ms
[Mob_Nbody] Post-base path time: 2.184 ms
fig4 N=180 phi=0.15 seed=6326 M_nbody_gpu          rel_rmse=  9.863%  lin= 10.212%  ang=  7.199%  max=  32.00%  (0.0 s)
Converged after 33 iterations (max diff = 6.414876e-09)
Mobility computation time: 545.03 ms
fig4 N=180 phi=0.15 seed=6327 mfs_coarse           rel_rmse=  1.219%  lin=  1.202%  ang=  1.290%  max=   5.24%  (0.5 s)
Computing neighbor pairs for n-body correction...
no of RPY interactions: 27742
no of NN interactions: 4478
[Mob_Nbody] Base velocity compute time: 2.959 ms
[Mob_Nbody] Post-base path time: 2.192 ms
fig4 N=180 phi=0.15 seed=6327 M_nbody_gpu          rel_rmse= 13.900%  lin= 15.093%  ang=  7.014%  max=  33.58%  (0.0 s)
Converged after 31 iterations (max diff = 6.888990e-09)
Mobility computation time: 507.31 ms
fig4 N=180 phi=0.15 seed=6328 mfs_coarse           rel_rmse=  0.924%  lin=  0.837%  ang=  1.346%  max=   3.39%  (0.5 s)
Computing neighbor pairs for n-body correction...
no of RPY interactions: 27778
no of NN interactions: 4442
[Mob_Nbody] Base velocity compute time: 2.963 ms
[Mob_Nbody] Post-base path time: 2.166 ms
fig4 N=180 phi=0.15 seed=6328 M_nbody_gpu          rel_rmse= 12.335%  lin= 12.929%  ang=  7.661%  max=  27.32%  (0.0 s)
Converged after 32 iterations (max diff = 8.758365e-09)
Mobility computation time: 525.95 ms
fig4 N=180 phi=0.15 seed=6329 mfs_coarse           rel_rmse=  1.586%  lin=  1.588%  ang=  1.578%  max=   5.27%  (0.5 s)
Computing neighbor pairs for n-body correction...
no of RPY interactions: 27788
no of NN interactions: 4432
[Mob_Nbody] Base velocity compute time: 2.949 ms
[Mob_Nbody] Post-base path time: 2.163 ms
fig4 N=180 phi=0.15 seed=6329 M_nbody_gpu          rel_rmse= 10.839%  lin= 11.725%  ang=  6.361%  max=  31.15%  (0.0 s)
Converged after 32 iterations (max diff = 4.488282e-09)
Mobility computation time: 524.77 ms
fig4 N=180 phi=0.15 seed=6330 mfs_coarse           rel_rmse=  0.783%  lin=  0.687%  ang=  1.367%  max=   2.48%  (0.5 s)
Computing neighbor pairs for n-body correction...
no of RPY interactions: 27808
no of NN interactions: 4412
[Mob_Nbody] Base velocity compute time: 2.978 ms
[Mob_Nbody] Post-base path time: 2.164 ms
fig4 N=180 phi=0.15 seed=6330 M_nbody_gpu          rel_rmse=  7.679%  lin=  7.753%  ang=  6.984%  max=  32.36%  (0.0 s)
Converged after 33 iterations (max diff = 5.839180e-09)
Mobility computation time: 542.51 ms
fig4 N=180 phi=0.15 seed=6331 mfs_coarse           rel_rmse=  0.759%  lin=  0.598%  ang=  1.738%  max=   2.44%  (0.5 s)
Computing neighbor pairs for n-body correction...
no of RPY interactions: 27676
no of NN interactions: 4544
[Mob_Nbody] Base velocity compute time: 2.963 ms
[Mob_Nbody] Post-base path time: 2.177 ms
fig4 N=180 phi=0.15 seed=6331 M_nbody_gpu          rel_rmse=  7.658%  lin=  7.691%  ang=  7.279%  max=  21.66%  (0.0 s)
Converged after 32 iterations (max diff = 4.989353e-09)
Mobility computation time: 525.31 ms
fig4 N=180 phi=0.15 seed=6332 mfs_coarse           rel_rmse=  0.755%  lin=  0.639%  ang=  1.689%  max=   3.00%  (0.5 s)
Computing neighbor pairs for n-body correction...
no of RPY interactions: 27768
no of NN interactions: 4452
[Mob_Nbody] Base velocity compute time: 2.971 ms
[Mob_Nbody] Post-base path time: 2.150 ms
fig4 N=180 phi=0.15 seed=6332 M_nbody_gpu          rel_rmse=  8.713%  lin=  8.742%  ang=  8.286%  max=  17.20%  (0.0 s)
Converged after 33 iterations (max diff = 6.008427e-09)
Mobility computation time: 603.26 ms
fig4 N=200 phi=0.15 seed=6423 mfs_coarse           rel_rmse=  1.022%  lin=  0.936%  ang=  1.476%  max=   3.65%  (0.6 s)
Computing neighbor pairs for n-body correction...
no of RPY interactions: 34732
no of NN interactions: 5068
[Mob_Nbody] Base velocity compute time: 2.988 ms
[Mob_Nbody] Post-base path time: 2.170 ms
fig4 N=200 phi=0.15 seed=6423 M_nbody_gpu          rel_rmse= 10.418%  lin= 10.777%  ang=  7.547%  max=  43.76%  (0.0 s)
Converged after 32 iterations (max diff = 6.594182e-09)
Mobility computation time: 586.95 ms
fig4 N=200 phi=0.15 seed=6424 mfs_coarse           rel_rmse=  0.752%  lin=  0.655%  ang=  1.465%  max=   2.06%  (0.6 s)
Computing neighbor pairs for n-body correction...
no of RPY interactions: 34608
no of NN interactions: 5192
[Mob_Nbody] Base velocity compute time: 2.997 ms
[Mob_Nbody] Post-base path time: 2.166 ms
fig4 N=200 phi=0.15 seed=6424 M_nbody_gpu          rel_rmse=  8.546%  lin=  8.621%  ang=  7.619%  max=  20.19%  (0.0 s)
Converged after 30 iterations (max diff = 8.148388e-09)
Mobility computation time: 551.14 ms
fig4 N=200 phi=0.15 seed=6425 mfs_coarse           rel_rmse=  0.901%  lin=  0.761%  ang=  1.416%  max=   3.44%  (0.6 s)
Computing neighbor pairs for n-body correction...
no of RPY interactions: 34624
no of NN interactions: 5176
[Mob_Nbody] Base velocity compute time: 2.986 ms
[Mob_Nbody] Post-base path time: 2.179 ms
fig4 N=200 phi=0.15 seed=6425 M_nbody_gpu          rel_rmse=  9.510%  lin=  9.997%  ang=  6.458%  max=  32.44%  (0.0 s)
Converged after 30 iterations (max diff = 9.276303e-09)
Mobility computation time: 548.09 ms
fig4 N=200 phi=0.15 seed=6426 mfs_coarse           rel_rmse=  1.377%  lin=  1.337%  ang=  1.486%  max=   6.10%  (0.5 s)
Computing neighbor pairs for n-body correction...
no of RPY interactions: 34684
no of NN interactions: 5116
[Mob_Nbody] Base velocity compute time: 2.979 ms
[Mob_Nbody] Post-base path time: 2.166 ms
fig4 N=200 phi=0.15 seed=6426 M_nbody_gpu          rel_rmse= 17.222%  lin= 19.385%  ang=  8.302%  max=  42.74%  (0.0 s)
Converged after 31 iterations (max diff = 5.565000e-09)
Mobility computation time: 568.78 ms
fig4 N=200 phi=0.15 seed=6427 mfs_coarse           rel_rmse=  1.030%  lin=  0.949%  ang=  1.439%  max=   4.69%  (0.6 s)
Computing neighbor pairs for n-body correction...
no of RPY interactions: 34790
no of NN interactions: 5010
[Mob_Nbody] Base velocity compute time: 2.970 ms
[Mob_Nbody] Post-base path time: 2.172 ms
fig4 N=200 phi=0.15 seed=6427 M_nbody_gpu          rel_rmse= 12.839%  lin= 13.454%  ang=  7.941%  max=  35.65%  (0.0 s)
Converged after 32 iterations (max diff = 7.314572e-09)
Mobility computation time: 588.86 ms
fig4 N=200 phi=0.15 seed=6428 mfs_coarse           rel_rmse=  0.792%  lin=  0.676%  ang=  1.514%  max=   4.42%  (0.6 s)
Computing neighbor pairs for n-body correction...
no of RPY interactions: 34760
no of NN interactions: 5040
[Mob_Nbody] Base velocity compute time: 2.989 ms
[Mob_Nbody] Post-base path time: 2.157 ms
fig4 N=200 phi=0.15 seed=6428 M_nbody_gpu          rel_rmse=  8.185%  lin=  8.282%  ang=  7.165%  max=  20.83%  (0.0 s)
Converged after 33 iterations (max diff = 6.906484e-09)
Mobility computation time: 602.14 ms
fig4 N=200 phi=0.15 seed=6429 mfs_coarse           rel_rmse=  1.375%  lin=  1.298%  ang=  1.664%  max=  10.85%  (0.6 s)
Computing neighbor pairs for n-body correction...
no of RPY interactions: 34820
no of NN interactions: 4980
[Mob_Nbody] Base velocity compute time: 2.999 ms
[Mob_Nbody] Post-base path time: 2.170 ms
fig4 N=200 phi=0.15 seed=6429 M_nbody_gpu          rel_rmse= 12.614%  lin= 13.525%  ang=  7.671%  max=  35.89%  (0.0 s)
Converged after 31 iterations (max diff = 7.447237e-09)
Mobility computation time: 567.25 ms
fig4 N=200 phi=0.15 seed=6430 mfs_coarse           rel_rmse=  1.056%  lin=  0.972%  ang=  1.508%  max=   3.88%  (0.6 s)
Computing neighbor pairs for n-body correction...
no of RPY interactions: 34540
no of NN interactions: 5260
[Mob_Nbody] Base velocity compute time: 2.994 ms
[Mob_Nbody] Post-base path time: 2.181 ms
fig4 N=200 phi=0.15 seed=6430 M_nbody_gpu          rel_rmse= 11.218%  lin= 11.600%  ang=  8.157%  max=  30.54%  (0.0 s)
Converged after 35 iterations (max diff = 6.069690e-09)
Mobility computation time: 641.33 ms
fig4 N=200 phi=0.15 seed=6431 mfs_coarse           rel_rmse=  1.008%  lin=  0.937%  ang=  1.322%  max=   4.49%  (0.6 s)
Computing neighbor pairs for n-body correction...
no of RPY interactions: 34760
no of NN interactions: 5040
[Mob_Nbody] Base velocity compute time: 2.915 ms
[Mob_Nbody] Post-base path time: 2.163 ms
fig4 N=200 phi=0.15 seed=6431 M_nbody_gpu          rel_rmse= 12.539%  lin= 13.292%  ang=  7.350%  max=  35.20%  (0.0 s)
Converged after 30 iterations (max diff = 8.555514e-09)
Mobility computation time: 549.75 ms
fig4 N=200 phi=0.15 seed=6432 mfs_coarse           rel_rmse=  0.610%  lin=  0.526%  ang=  1.305%  max=   1.78%  (0.5 s)
Computing neighbor pairs for n-body correction...
no of RPY interactions: 34678
no of NN interactions: 5122
[Mob_Nbody] Base velocity compute time: 3.011 ms
[Mob_Nbody] Post-base path time: 2.181 ms
fig4 N=200 phi=0.15 seed=6432 M_nbody_gpu          rel_rmse=  9.091%  lin=  9.144%  ang=  8.316%  max=  18.41%  (0.0 s)
task 5 finished Sun Aug 30 02:12:59 PM EDT 2026
