host nfh-004 job 16546490 task 0 phi 0.025 exps fig3 fig4
NVIDIA H200, 143771 MiB
[cases] 160 configurations: fig3:20, fig4:140
cluster created
Converged after 61 iterations (max diff = 7.406670e-09)
Elapsed time (GPU): 11.238 seconds
[truth] N=200 phi=0.025 seed=123: 13.1 s -> /mnt/ffs24/home/khanmd/pinn-stokes/tmp/nbody_moments_truth/uniform_N200_phi0.025_seed123.npz
cluster created
Converged after 55 iterations (max diff = 7.447330e-09)
Elapsed time (GPU): 8.664 seconds
[truth] N=200 phi=0.025 seed=124: 10.5 s -> /mnt/ffs24/home/khanmd/pinn-stokes/tmp/nbody_moments_truth/uniform_N200_phi0.025_seed124.npz
cluster created
Converged after 62 iterations (max diff = 7.421731e-09)
Elapsed time (GPU): 9.767 seconds
[truth] N=200 phi=0.025 seed=125: 11.6 s -> /mnt/ffs24/home/khanmd/pinn-stokes/tmp/nbody_moments_truth/uniform_N200_phi0.025_seed125.npz
cluster created
Converged after 62 iterations (max diff = 7.836379e-09)
Elapsed time (GPU): 9.770 seconds
[truth] N=200 phi=0.025 seed=126: 11.6 s -> /mnt/ffs24/home/khanmd/pinn-stokes/tmp/nbody_moments_truth/uniform_N200_phi0.025_seed126.npz
cluster created
Converged after 55 iterations (max diff = 9.264403e-09)
Elapsed time (GPU): 8.664 seconds
[truth] N=200 phi=0.025 seed=127: 10.5 s -> /mnt/ffs24/home/khanmd/pinn-stokes/tmp/nbody_moments_truth/uniform_N200_phi0.025_seed127.npz
cluster created
Converged after 64 iterations (max diff = 7.030426e-09)
Elapsed time (GPU): 10.088 seconds
[truth] N=200 phi=0.025 seed=128: 12.0 s -> /mnt/ffs24/home/khanmd/pinn-stokes/tmp/nbody_moments_truth/uniform_N200_phi0.025_seed128.npz
cluster created
Converged after 60 iterations (max diff = 8.190731e-09)
Elapsed time (GPU): 9.456 seconds
[truth] N=200 phi=0.025 seed=129: 11.3 s -> /mnt/ffs24/home/khanmd/pinn-stokes/tmp/nbody_moments_truth/uniform_N200_phi0.025_seed129.npz
cluster created
Converged after 41 iterations (max diff = 9.178868e-09)
Elapsed time (GPU): 6.459 seconds
[truth] N=200 phi=0.025 seed=130: 8.3 s -> /mnt/ffs24/home/khanmd/pinn-stokes/tmp/nbody_moments_truth/uniform_N200_phi0.025_seed130.npz
cluster created
Converged after 56 iterations (max diff = 7.135354e-09)
Elapsed time (GPU): 8.823 seconds
[truth] N=200 phi=0.025 seed=131: 10.7 s -> /mnt/ffs24/home/khanmd/pinn-stokes/tmp/nbody_moments_truth/uniform_N200_phi0.025_seed131.npz
cluster created
Converged after 56 iterations (max diff = 9.750604e-09)
Elapsed time (GPU): 8.824 seconds
[truth] N=200 phi=0.025 seed=132: 10.7 s -> /mnt/ffs24/home/khanmd/pinn-stokes/tmp/nbody_moments_truth/uniform_N200_phi0.025_seed132.npz
cluster created
Converged after 45 iterations (max diff = 7.366434e-09)
Elapsed time (GPU): 15.211 seconds
[truth] N=300 phi=0.025 seed=123: 17.2 s -> /mnt/ffs24/home/khanmd/pinn-stokes/tmp/nbody_moments_truth/uniform_N300_phi0.025_seed123.npz
cluster created
Converged after 68 iterations (max diff = 7.787138e-09)
Elapsed time (GPU): 22.983 seconds
[truth] N=300 phi=0.025 seed=124: 24.9 s -> /mnt/ffs24/home/khanmd/pinn-stokes/tmp/nbody_moments_truth/uniform_N300_phi0.025_seed124.npz
cluster created
Converged after 60 iterations (max diff = 7.737894e-09)
Elapsed time (GPU): 20.279 seconds
[truth] N=300 phi=0.025 seed=125: 22.2 s -> /mnt/ffs24/home/khanmd/pinn-stokes/tmp/nbody_moments_truth/uniform_N300_phi0.025_seed125.npz
cluster created
Converged after 55 iterations (max diff = 8.661334e-09)
Elapsed time (GPU): 18.591 seconds
[truth] N=300 phi=0.025 seed=126: 20.5 s -> /mnt/ffs24/home/khanmd/pinn-stokes/tmp/nbody_moments_truth/uniform_N300_phi0.025_seed126.npz
cluster created
Converged after 62 iterations (max diff = 7.455849e-09)
Elapsed time (GPU): 20.956 seconds
[truth] N=300 phi=0.025 seed=127: 22.9 s -> /mnt/ffs24/home/khanmd/pinn-stokes/tmp/nbody_moments_truth/uniform_N300_phi0.025_seed127.npz
cluster created
Converged after 64 iterations (max diff = 8.355289e-09)
Elapsed time (GPU): 21.631 seconds
[truth] N=300 phi=0.025 seed=128: 23.6 s -> /mnt/ffs24/home/khanmd/pinn-stokes/tmp/nbody_moments_truth/uniform_N300_phi0.025_seed128.npz
cluster created
Converged after 54 iterations (max diff = 9.886735e-09)
Elapsed time (GPU): 18.252 seconds
[truth] N=300 phi=0.025 seed=129: 20.2 s -> /mnt/ffs24/home/khanmd/pinn-stokes/tmp/nbody_moments_truth/uniform_N300_phi0.025_seed129.npz
cluster created
Converged after 61 iterations (max diff = 9.706122e-09)
Elapsed time (GPU): 20.619 seconds
[truth] N=300 phi=0.025 seed=130: 22.6 s -> /mnt/ffs24/home/khanmd/pinn-stokes/tmp/nbody_moments_truth/uniform_N300_phi0.025_seed130.npz
cluster created
Converged after 49 iterations (max diff = 8.649786e-09)
Elapsed time (GPU): 16.565 seconds
[truth] N=300 phi=0.025 seed=131: 18.5 s -> /mnt/ffs24/home/khanmd/pinn-stokes/tmp/nbody_moments_truth/uniform_N300_phi0.025_seed131.npz
cluster created
Converged after 57 iterations (max diff = 8.857422e-09)
Elapsed time (GPU): 19.267 seconds
[truth] N=300 phi=0.025 seed=132: 21.2 s -> /mnt/ffs24/home/khanmd/pinn-stokes/tmp/nbody_moments_truth/uniform_N300_phi0.025_seed132.npz
cluster created
Converged after 35 iterations (max diff = 8.342397e-09)
Elapsed time (GPU): 0.221 seconds
[truth] N=20 phi=0.025 seed=123: 2.0 s -> /mnt/ffs24/home/khanmd/pinn-stokes/tmp/nbody_moments_truth/uniform_N20_phi0.025_seed123.npz
cluster created
Converged after 33 iterations (max diff = 8.392144e-09)
Elapsed time (GPU): 0.208 seconds
[truth] N=20 phi=0.025 seed=124: 2.0 s -> /mnt/ffs24/home/khanmd/pinn-stokes/tmp/nbody_moments_truth/uniform_N20_phi0.025_seed124.npz
cluster created
Converged after 22 iterations (max diff = 3.456760e-09)
Elapsed time (GPU): 0.139 seconds
[truth] N=20 phi=0.025 seed=125: 1.9 s -> /mnt/ffs24/home/khanmd/pinn-stokes/tmp/nbody_moments_truth/uniform_N20_phi0.025_seed125.npz
cluster created
Converged after 12 iterations (max diff = 2.691821e-09)
Elapsed time (GPU): 0.076 seconds
[truth] N=20 phi=0.025 seed=126: 1.9 s -> /mnt/ffs24/home/khanmd/pinn-stokes/tmp/nbody_moments_truth/uniform_N20_phi0.025_seed126.npz
cluster created
Converged after 36 iterations (max diff = 5.728914e-09)
Elapsed time (GPU): 0.227 seconds
[truth] N=20 phi=0.025 seed=127: 2.0 s -> /mnt/ffs24/home/khanmd/pinn-stokes/tmp/nbody_moments_truth/uniform_N20_phi0.025_seed127.npz
cluster created
Converged after 27 iterations (max diff = 6.050579e-09)
Elapsed time (GPU): 0.170 seconds
[truth] N=20 phi=0.025 seed=128: 2.0 s -> /mnt/ffs24/home/khanmd/pinn-stokes/tmp/nbody_moments_truth/uniform_N20_phi0.025_seed128.npz
cluster created
Converged after 19 iterations (max diff = 8.913188e-09)
Elapsed time (GPU): 0.120 seconds
[truth] N=20 phi=0.025 seed=129: 1.9 s -> /mnt/ffs24/home/khanmd/pinn-stokes/tmp/nbody_moments_truth/uniform_N20_phi0.025_seed129.npz
cluster created
Converged after 62 iterations (max diff = 8.754017e-09)
Elapsed time (GPU): 0.390 seconds
[truth] N=20 phi=0.025 seed=130: 2.2 s -> /mnt/ffs24/home/khanmd/pinn-stokes/tmp/nbody_moments_truth/uniform_N20_phi0.025_seed130.npz
cluster created
Converged after 16 iterations (max diff = 9.509668e-09)
Elapsed time (GPU): 0.102 seconds
[truth] N=20 phi=0.025 seed=131: 1.9 s -> /mnt/ffs24/home/khanmd/pinn-stokes/tmp/nbody_moments_truth/uniform_N20_phi0.025_seed131.npz
cluster created
Converged after 39 iterations (max diff = 7.451368e-09)
Elapsed time (GPU): 0.246 seconds
[truth] N=20 phi=0.025 seed=132: 2.0 s -> /mnt/ffs24/home/khanmd/pinn-stokes/tmp/nbody_moments_truth/uniform_N20_phi0.025_seed132.npz
cluster created
Converged after 26 iterations (max diff = 4.671773e-09)
Elapsed time (GPU): 0.245 seconds
[truth] N=30 phi=0.025 seed=223: 2.0 s -> /mnt/ffs24/home/khanmd/pinn-stokes/tmp/nbody_moments_truth/uniform_N30_phi0.025_seed223.npz
cluster created
Converged after 43 iterations (max diff = 8.218990e-09)
Elapsed time (GPU): 0.404 seconds
[truth] N=30 phi=0.025 seed=224: 2.2 s -> /mnt/ffs24/home/khanmd/pinn-stokes/tmp/nbody_moments_truth/uniform_N30_phi0.025_seed224.npz
cluster created
Converged after 26 iterations (max diff = 5.240699e-09)
Elapsed time (GPU): 0.245 seconds
[truth] N=30 phi=0.025 seed=225: 2.0 s -> /mnt/ffs24/home/khanmd/pinn-stokes/tmp/nbody_moments_truth/uniform_N30_phi0.025_seed225.npz
cluster created
Converged after 27 iterations (max diff = 5.230179e-09)
Elapsed time (GPU): 0.254 seconds
[truth] N=30 phi=0.025 seed=226: 2.0 s -> /mnt/ffs24/home/khanmd/pinn-stokes/tmp/nbody_moments_truth/uniform_N30_phi0.025_seed226.npz
cluster created
Converged after 39 iterations (max diff = 5.673310e-09)
Elapsed time (GPU): 0.367 seconds
[truth] N=30 phi=0.025 seed=227: 2.2 s -> /mnt/ffs24/home/khanmd/pinn-stokes/tmp/nbody_moments_truth/uniform_N30_phi0.025_seed227.npz
cluster created
Converged after 49 iterations (max diff = 6.636847e-09)
Elapsed time (GPU): 0.461 seconds
[truth] N=30 phi=0.025 seed=228: 2.2 s -> /mnt/ffs24/home/khanmd/pinn-stokes/tmp/nbody_moments_truth/uniform_N30_phi0.025_seed228.npz
cluster created
Converged after 39 iterations (max diff = 5.708031e-09)
Elapsed time (GPU): 0.367 seconds
[truth] N=30 phi=0.025 seed=229: 2.2 s -> /mnt/ffs24/home/khanmd/pinn-stokes/tmp/nbody_moments_truth/uniform_N30_phi0.025_seed229.npz
cluster created
Converged after 18 iterations (max diff = 4.421393e-09)
Elapsed time (GPU): 0.170 seconds
[truth] N=30 phi=0.025 seed=230: 2.0 s -> /mnt/ffs24/home/khanmd/pinn-stokes/tmp/nbody_moments_truth/uniform_N30_phi0.025_seed230.npz
cluster created
Converged after 25 iterations (max diff = 6.300708e-09)
Elapsed time (GPU): 0.236 seconds
[truth] N=30 phi=0.025 seed=231: 2.0 s -> /mnt/ffs24/home/khanmd/pinn-stokes/tmp/nbody_moments_truth/uniform_N30_phi0.025_seed231.npz
cluster created
Converged after 13 iterations (max diff = 2.255224e-09)
Elapsed time (GPU): 0.123 seconds
[truth] N=30 phi=0.025 seed=232: 1.9 s -> /mnt/ffs24/home/khanmd/pinn-stokes/tmp/nbody_moments_truth/uniform_N30_phi0.025_seed232.npz
cluster created
Converged after 33 iterations (max diff = 7.393586e-09)
Elapsed time (GPU): 0.418 seconds
[truth] N=40 phi=0.025 seed=323: 2.2 s -> /mnt/ffs24/home/khanmd/pinn-stokes/tmp/nbody_moments_truth/uniform_N40_phi0.025_seed323.npz
cluster created
Converged after 40 iterations (max diff = 8.427971e-09)
Elapsed time (GPU): 0.507 seconds
[truth] N=40 phi=0.025 seed=324: 2.3 s -> /mnt/ffs24/home/khanmd/pinn-stokes/tmp/nbody_moments_truth/uniform_N40_phi0.025_seed324.npz
cluster created
Converged after 28 iterations (max diff = 6.749435e-09)
Elapsed time (GPU): 0.355 seconds
[truth] N=40 phi=0.025 seed=325: 2.1 s -> /mnt/ffs24/home/khanmd/pinn-stokes/tmp/nbody_moments_truth/uniform_N40_phi0.025_seed325.npz
cluster created
Converged after 66 iterations (max diff = 7.251265e-09)
Elapsed time (GPU): 0.835 seconds
[truth] N=40 phi=0.025 seed=326: 2.6 s -> /mnt/ffs24/home/khanmd/pinn-stokes/tmp/nbody_moments_truth/uniform_N40_phi0.025_seed326.npz
cluster created
Converged after 14 iterations (max diff = 3.673549e-09)
Elapsed time (GPU): 0.178 seconds
[truth] N=40 phi=0.025 seed=327: 2.0 s -> /mnt/ffs24/home/khanmd/pinn-stokes/tmp/nbody_moments_truth/uniform_N40_phi0.025_seed327.npz
cluster created
Converged after 54 iterations (max diff = 6.366931e-09)
Elapsed time (GPU): 0.684 seconds
[truth] N=40 phi=0.025 seed=328: 2.5 s -> /mnt/ffs24/home/khanmd/pinn-stokes/tmp/nbody_moments_truth/uniform_N40_phi0.025_seed328.npz
cluster created
Converged after 50 iterations (max diff = 6.474958e-09)
Elapsed time (GPU): 0.633 seconds
[truth] N=40 phi=0.025 seed=329: 2.4 s -> /mnt/ffs24/home/khanmd/pinn-stokes/tmp/nbody_moments_truth/uniform_N40_phi0.025_seed329.npz
cluster created
Converged after 33 iterations (max diff = 6.252776e-09)
Elapsed time (GPU): 0.418 seconds
[truth] N=40 phi=0.025 seed=330: 2.2 s -> /mnt/ffs24/home/khanmd/pinn-stokes/tmp/nbody_moments_truth/uniform_N40_phi0.025_seed330.npz
cluster created
Converged after 40 iterations (max diff = 8.060849e-09)
Elapsed time (GPU): 0.507 seconds
[truth] N=40 phi=0.025 seed=331: 2.3 s -> /mnt/ffs24/home/khanmd/pinn-stokes/tmp/nbody_moments_truth/uniform_N40_phi0.025_seed331.npz
cluster created
Converged after 41 iterations (max diff = 6.669578e-09)
Elapsed time (GPU): 0.520 seconds
[truth] N=40 phi=0.025 seed=332: 2.3 s -> /mnt/ffs24/home/khanmd/pinn-stokes/tmp/nbody_moments_truth/uniform_N40_phi0.025_seed332.npz
cluster created
Converged after 39 iterations (max diff = 6.428741e-09)
Elapsed time (GPU): 0.631 seconds
[truth] N=50 phi=0.025 seed=423: 2.4 s -> /mnt/ffs24/home/khanmd/pinn-stokes/tmp/nbody_moments_truth/uniform_N50_phi0.025_seed423.npz
cluster created
Converged after 17 iterations (max diff = 2.887255e-09)
Elapsed time (GPU): 0.276 seconds
[truth] N=50 phi=0.025 seed=424: 2.1 s -> /mnt/ffs24/home/khanmd/pinn-stokes/tmp/nbody_moments_truth/uniform_N50_phi0.025_seed424.npz
cluster created
Converged after 40 iterations (max diff = 7.472927e-09)
Elapsed time (GPU): 0.648 seconds
[truth] N=50 phi=0.025 seed=425: 2.4 s -> /mnt/ffs24/home/khanmd/pinn-stokes/tmp/nbody_moments_truth/uniform_N50_phi0.025_seed425.npz
cluster created
Converged after 50 iterations (max diff = 9.258970e-09)
Elapsed time (GPU): 0.809 seconds
[truth] N=50 phi=0.025 seed=426: 2.6 s -> /mnt/ffs24/home/khanmd/pinn-stokes/tmp/nbody_moments_truth/uniform_N50_phi0.025_seed426.npz
cluster created
Converged after 51 iterations (max diff = 6.536184e-09)
Elapsed time (GPU): 0.825 seconds
[truth] N=50 phi=0.025 seed=427: 2.6 s -> /mnt/ffs24/home/khanmd/pinn-stokes/tmp/nbody_moments_truth/uniform_N50_phi0.025_seed427.npz
cluster created
Converged after 30 iterations (max diff = 5.335607e-09)
Elapsed time (GPU): 0.486 seconds
[truth] N=50 phi=0.025 seed=428: 2.3 s -> /mnt/ffs24/home/khanmd/pinn-stokes/tmp/nbody_moments_truth/uniform_N50_phi0.025_seed428.npz
cluster created
Converged after 15 iterations (max diff = 2.821758e-09)
Elapsed time (GPU): 0.244 seconds
[truth] N=50 phi=0.025 seed=429: 2.0 s -> /mnt/ffs24/home/khanmd/pinn-stokes/tmp/nbody_moments_truth/uniform_N50_phi0.025_seed429.npz
cluster created
Converged after 27 iterations (max diff = 7.314749e-09)
Elapsed time (GPU): 0.437 seconds
[truth] N=50 phi=0.025 seed=430: 2.2 s -> /mnt/ffs24/home/khanmd/pinn-stokes/tmp/nbody_moments_truth/uniform_N50_phi0.025_seed430.npz
cluster created
Converged after 37 iterations (max diff = 7.695114e-09)
Elapsed time (GPU): 0.599 seconds
[truth] N=50 phi=0.025 seed=431: 2.4 s -> /mnt/ffs24/home/khanmd/pinn-stokes/tmp/nbody_moments_truth/uniform_N50_phi0.025_seed431.npz
cluster created
Converged after 35 iterations (max diff = 9.755891e-09)
Elapsed time (GPU): 0.566 seconds
[truth] N=50 phi=0.025 seed=432: 2.4 s -> /mnt/ffs24/home/khanmd/pinn-stokes/tmp/nbody_moments_truth/uniform_N50_phi0.025_seed432.npz
cluster created
Converged after 58 iterations (max diff = 8.761631e-09)
Elapsed time (GPU): 1.150 seconds
[truth] N=60 phi=0.025 seed=523: 3.0 s -> /mnt/ffs24/home/khanmd/pinn-stokes/tmp/nbody_moments_truth/uniform_N60_phi0.025_seed523.npz
cluster created
Converged after 37 iterations (max diff = 6.424845e-09)
Elapsed time (GPU): 0.734 seconds
[truth] N=60 phi=0.025 seed=524: 2.5 s -> /mnt/ffs24/home/khanmd/pinn-stokes/tmp/nbody_moments_truth/uniform_N60_phi0.025_seed524.npz
cluster created
Converged after 60 iterations (max diff = 8.791978e-09)
Elapsed time (GPU): 1.190 seconds
[truth] N=60 phi=0.025 seed=525: 3.0 s -> /mnt/ffs24/home/khanmd/pinn-stokes/tmp/nbody_moments_truth/uniform_N60_phi0.025_seed525.npz
cluster created
Converged after 47 iterations (max diff = 7.872070e-09)
Elapsed time (GPU): 0.932 seconds
[truth] N=60 phi=0.025 seed=526: 2.7 s -> /mnt/ffs24/home/khanmd/pinn-stokes/tmp/nbody_moments_truth/uniform_N60_phi0.025_seed526.npz
cluster created
Converged after 35 iterations (max diff = 6.427453e-09)
Elapsed time (GPU): 0.695 seconds
[truth] N=60 phi=0.025 seed=527: 2.5 s -> /mnt/ffs24/home/khanmd/pinn-stokes/tmp/nbody_moments_truth/uniform_N60_phi0.025_seed527.npz
cluster created
Converged after 41 iterations (max diff = 5.726586e-09)
Elapsed time (GPU): 0.813 seconds
[truth] N=60 phi=0.025 seed=528: 2.6 s -> /mnt/ffs24/home/khanmd/pinn-stokes/tmp/nbody_moments_truth/uniform_N60_phi0.025_seed528.npz
cluster created
Converged after 61 iterations (max diff = 7.497410e-09)
Elapsed time (GPU): 1.210 seconds
[truth] N=60 phi=0.025 seed=529: 3.0 s -> /mnt/ffs24/home/khanmd/pinn-stokes/tmp/nbody_moments_truth/uniform_N60_phi0.025_seed529.npz
cluster created
Converged after 58 iterations (max diff = 7.996580e-09)
Elapsed time (GPU): 1.150 seconds
[truth] N=60 phi=0.025 seed=530: 3.0 s -> /mnt/ffs24/home/khanmd/pinn-stokes/tmp/nbody_moments_truth/uniform_N60_phi0.025_seed530.npz
cluster created
Converged after 52 iterations (max diff = 6.228754e-09)
Elapsed time (GPU): 1.031 seconds
[truth] N=60 phi=0.025 seed=531: 2.8 s -> /mnt/ffs24/home/khanmd/pinn-stokes/tmp/nbody_moments_truth/uniform_N60_phi0.025_seed531.npz
cluster created
Converged after 32 iterations (max diff = 7.140565e-09)
Elapsed time (GPU): 0.635 seconds
[truth] N=60 phi=0.025 seed=532: 2.4 s -> /mnt/ffs24/home/khanmd/pinn-stokes/tmp/nbody_moments_truth/uniform_N60_phi0.025_seed532.npz
cluster created
Converged after 54 iterations (max diff = 9.154834e-09)
Elapsed time (GPU): 1.380 seconds
[truth] N=70 phi=0.025 seed=623: 3.2 s -> /mnt/ffs24/home/khanmd/pinn-stokes/tmp/nbody_moments_truth/uniform_N70_phi0.025_seed623.npz
cluster created
Converged after 64 iterations (max diff = 9.203235e-09)
Elapsed time (GPU): 1.634 seconds
[truth] N=70 phi=0.025 seed=624: 3.4 s -> /mnt/ffs24/home/khanmd/pinn-stokes/tmp/nbody_moments_truth/uniform_N70_phi0.025_seed624.npz
cluster created
Converged after 60 iterations (max diff = 9.607379e-09)
Elapsed time (GPU): 1.532 seconds
[truth] N=70 phi=0.025 seed=625: 3.3 s -> /mnt/ffs24/home/khanmd/pinn-stokes/tmp/nbody_moments_truth/uniform_N70_phi0.025_seed625.npz
cluster created
Converged after 35 iterations (max diff = 6.228611e-09)
Elapsed time (GPU): 0.895 seconds
[truth] N=70 phi=0.025 seed=626: 2.7 s -> /mnt/ffs24/home/khanmd/pinn-stokes/tmp/nbody_moments_truth/uniform_N70_phi0.025_seed626.npz
cluster created
Converged after 50 iterations (max diff = 8.121176e-09)
Elapsed time (GPU): 1.278 seconds
[truth] N=70 phi=0.025 seed=627: 3.1 s -> /mnt/ffs24/home/khanmd/pinn-stokes/tmp/nbody_moments_truth/uniform_N70_phi0.025_seed627.npz
cluster created
Converged after 30 iterations (max diff = 9.476296e-09)
Elapsed time (GPU): 0.767 seconds
[truth] N=70 phi=0.025 seed=628: 2.6 s -> /mnt/ffs24/home/khanmd/pinn-stokes/tmp/nbody_moments_truth/uniform_N70_phi0.025_seed628.npz
cluster created
Converged after 39 iterations (max diff = 5.819849e-09)
Elapsed time (GPU): 0.996 seconds
[truth] N=70 phi=0.025 seed=629: 2.8 s -> /mnt/ffs24/home/khanmd/pinn-stokes/tmp/nbody_moments_truth/uniform_N70_phi0.025_seed629.npz
cluster created
Converged after 34 iterations (max diff = 5.320766e-09)
Elapsed time (GPU): 0.869 seconds
[truth] N=70 phi=0.025 seed=630: 2.7 s -> /mnt/ffs24/home/khanmd/pinn-stokes/tmp/nbody_moments_truth/uniform_N70_phi0.025_seed630.npz
cluster created
Converged after 34 iterations (max diff = 5.662783e-09)
Elapsed time (GPU): 0.869 seconds
[truth] N=70 phi=0.025 seed=631: 2.7 s -> /mnt/ffs24/home/khanmd/pinn-stokes/tmp/nbody_moments_truth/uniform_N70_phi0.025_seed631.npz
cluster created
Converged after 52 iterations (max diff = 7.621297e-09)
Elapsed time (GPU): 1.328 seconds
[truth] N=70 phi=0.025 seed=632: 3.1 s -> /mnt/ffs24/home/khanmd/pinn-stokes/tmp/nbody_moments_truth/uniform_N70_phi0.025_seed632.npz
cluster created
Converged after 62 iterations (max diff = 8.651086e-09)
Elapsed time (GPU): 1.941 seconds
[truth] N=80 phi=0.025 seed=723: 3.8 s -> /mnt/ffs24/home/khanmd/pinn-stokes/tmp/nbody_moments_truth/uniform_N80_phi0.025_seed723.npz
cluster created
Converged after 61 iterations (max diff = 7.843047e-09)
Elapsed time (GPU): 1.836 seconds
[truth] N=80 phi=0.025 seed=724: 3.6 s -> /mnt/ffs24/home/khanmd/pinn-stokes/tmp/nbody_moments_truth/uniform_N80_phi0.025_seed724.npz
cluster created
Converged after 25 iterations (max diff = 7.963431e-09)
Elapsed time (GPU): 0.754 seconds
[truth] N=80 phi=0.025 seed=725: 2.6 s -> /mnt/ffs24/home/khanmd/pinn-stokes/tmp/nbody_moments_truth/uniform_N80_phi0.025_seed725.npz
cluster created
Converged after 56 iterations (max diff = 7.896944e-09)
Elapsed time (GPU): 1.686 seconds
[truth] N=80 phi=0.025 seed=726: 3.5 s -> /mnt/ffs24/home/khanmd/pinn-stokes/tmp/nbody_moments_truth/uniform_N80_phi0.025_seed726.npz
cluster created
Converged after 63 iterations (max diff = 8.663189e-09)
Elapsed time (GPU): 1.898 seconds
[truth] N=80 phi=0.025 seed=727: 3.7 s -> /mnt/ffs24/home/khanmd/pinn-stokes/tmp/nbody_moments_truth/uniform_N80_phi0.025_seed727.npz
cluster created
Converged after 62 iterations (max diff = 7.486127e-09)
Elapsed time (GPU): 1.866 seconds
[truth] N=80 phi=0.025 seed=728: 3.7 s -> /mnt/ffs24/home/khanmd/pinn-stokes/tmp/nbody_moments_truth/uniform_N80_phi0.025_seed728.npz
cluster created
Converged after 66 iterations (max diff = 8.026833e-09)
Elapsed time (GPU): 1.988 seconds
[truth] N=80 phi=0.025 seed=729: 3.8 s -> /mnt/ffs24/home/khanmd/pinn-stokes/tmp/nbody_moments_truth/uniform_N80_phi0.025_seed729.npz
cluster created
Converged after 57 iterations (max diff = 8.830398e-09)
Elapsed time (GPU): 1.717 seconds
[truth] N=80 phi=0.025 seed=730: 3.5 s -> /mnt/ffs24/home/khanmd/pinn-stokes/tmp/nbody_moments_truth/uniform_N80_phi0.025_seed730.npz
cluster created
Converged after 48 iterations (max diff = 7.948922e-09)
Elapsed time (GPU): 1.446 seconds
[truth] N=80 phi=0.025 seed=731: 3.2 s -> /mnt/ffs24/home/khanmd/pinn-stokes/tmp/nbody_moments_truth/uniform_N80_phi0.025_seed731.npz
cluster created
Converged after 58 iterations (max diff = 9.713431e-09)
Elapsed time (GPU): 1.747 seconds
[truth] N=80 phi=0.025 seed=732: 3.6 s -> /mnt/ffs24/home/khanmd/pinn-stokes/tmp/nbody_moments_truth/uniform_N80_phi0.025_seed732.npz
cluster created
Converged after 57 iterations (max diff = 6.750446e-09)
Elapsed time (GPU): 2.232 seconds
[truth] N=90 phi=0.025 seed=823: 4.0 s -> /mnt/ffs24/home/khanmd/pinn-stokes/tmp/nbody_moments_truth/uniform_N90_phi0.025_seed823.npz
cluster created
Converged after 31 iterations (max diff = 4.970334e-09)
Elapsed time (GPU): 1.215 seconds
[truth] N=90 phi=0.025 seed=824: 3.0 s -> /mnt/ffs24/home/khanmd/pinn-stokes/tmp/nbody_moments_truth/uniform_N90_phi0.025_seed824.npz
cluster created
Converged after 44 iterations (max diff = 9.869177e-09)
Elapsed time (GPU): 1.724 seconds
[truth] N=90 phi=0.025 seed=825: 3.5 s -> /mnt/ffs24/home/khanmd/pinn-stokes/tmp/nbody_moments_truth/uniform_N90_phi0.025_seed825.npz
cluster created
Converged after 37 iterations (max diff = 8.585268e-09)
Elapsed time (GPU): 1.450 seconds
[truth] N=90 phi=0.025 seed=826: 3.3 s -> /mnt/ffs24/home/khanmd/pinn-stokes/tmp/nbody_moments_truth/uniform_N90_phi0.025_seed826.npz
cluster created
Converged after 66 iterations (max diff = 9.272885e-09)
Elapsed time (GPU): 2.585 seconds
[truth] N=90 phi=0.025 seed=827: 4.4 s -> /mnt/ffs24/home/khanmd/pinn-stokes/tmp/nbody_moments_truth/uniform_N90_phi0.025_seed827.npz
cluster created
Converged after 58 iterations (max diff = 6.981596e-09)
Elapsed time (GPU): 2.272 seconds
[truth] N=90 phi=0.025 seed=828: 4.1 s -> /mnt/ffs24/home/khanmd/pinn-stokes/tmp/nbody_moments_truth/uniform_N90_phi0.025_seed828.npz
cluster created
Converged after 59 iterations (max diff = 7.235755e-09)
Elapsed time (GPU): 2.311 seconds
[truth] N=90 phi=0.025 seed=829: 4.1 s -> /mnt/ffs24/home/khanmd/pinn-stokes/tmp/nbody_moments_truth/uniform_N90_phi0.025_seed829.npz
cluster created
Converged after 29 iterations (max diff = 9.837882e-09)
Elapsed time (GPU): 1.137 seconds
[truth] N=90 phi=0.025 seed=830: 2.9 s -> /mnt/ffs24/home/khanmd/pinn-stokes/tmp/nbody_moments_truth/uniform_N90_phi0.025_seed830.npz
cluster created
Converged after 41 iterations (max diff = 7.596190e-09)
Elapsed time (GPU): 1.606 seconds
[truth] N=90 phi=0.025 seed=831: 3.4 s -> /mnt/ffs24/home/khanmd/pinn-stokes/tmp/nbody_moments_truth/uniform_N90_phi0.025_seed831.npz
cluster created
Converged after 52 iterations (max diff = 6.359008e-09)
Elapsed time (GPU): 2.037 seconds
[truth] N=90 phi=0.025 seed=832: 3.8 s -> /mnt/ffs24/home/khanmd/pinn-stokes/tmp/nbody_moments_truth/uniform_N90_phi0.025_seed832.npz
cluster created
Converged after 50 iterations (max diff = 9.872787e-09)
Elapsed time (GPU): 2.361 seconds
[truth] N=100 phi=0.025 seed=923: 4.2 s -> /mnt/ffs24/home/khanmd/pinn-stokes/tmp/nbody_moments_truth/uniform_N100_phi0.025_seed923.npz
cluster created
Converged after 63 iterations (max diff = 6.746654e-09)
Elapsed time (GPU): 2.974 seconds
[truth] N=100 phi=0.025 seed=924: 4.8 s -> /mnt/ffs24/home/khanmd/pinn-stokes/tmp/nbody_moments_truth/uniform_N100_phi0.025_seed924.npz
cluster created
Converged after 48 iterations (max diff = 7.358861e-09)
Elapsed time (GPU): 2.266 seconds
[truth] N=100 phi=0.025 seed=925: 4.1 s -> /mnt/ffs24/home/khanmd/pinn-stokes/tmp/nbody_moments_truth/uniform_N100_phi0.025_seed925.npz
cluster created
Converged after 63 iterations (max diff = 7.659961e-09)
Elapsed time (GPU): 2.973 seconds
[truth] N=100 phi=0.025 seed=926: 4.8 s -> /mnt/ffs24/home/khanmd/pinn-stokes/tmp/nbody_moments_truth/uniform_N100_phi0.025_seed926.npz
cluster created
Converged after 48 iterations (max diff = 8.311461e-09)
Elapsed time (GPU): 2.267 seconds
[truth] N=100 phi=0.025 seed=927: 4.1 s -> /mnt/ffs24/home/khanmd/pinn-stokes/tmp/nbody_moments_truth/uniform_N100_phi0.025_seed927.npz
cluster created
Converged after 32 iterations (max diff = 9.074737e-09)
Elapsed time (GPU): 1.511 seconds
[truth] N=100 phi=0.025 seed=928: 3.3 s -> /mnt/ffs24/home/khanmd/pinn-stokes/tmp/nbody_moments_truth/uniform_N100_phi0.025_seed928.npz
cluster created
Converged after 35 iterations (max diff = 9.633653e-09)
Elapsed time (GPU): 1.653 seconds
[truth] N=100 phi=0.025 seed=929: 3.5 s -> /mnt/ffs24/home/khanmd/pinn-stokes/tmp/nbody_moments_truth/uniform_N100_phi0.025_seed929.npz
cluster created
Converged after 56 iterations (max diff = 6.985296e-09)
Elapsed time (GPU): 2.644 seconds
[truth] N=100 phi=0.025 seed=930: 4.5 s -> /mnt/ffs24/home/khanmd/pinn-stokes/tmp/nbody_moments_truth/uniform_N100_phi0.025_seed930.npz
cluster created
Converged after 37 iterations (max diff = 6.334034e-09)
Elapsed time (GPU): 1.747 seconds
[truth] N=100 phi=0.025 seed=931: 3.6 s -> /mnt/ffs24/home/khanmd/pinn-stokes/tmp/nbody_moments_truth/uniform_N100_phi0.025_seed931.npz
cluster created
Converged after 63 iterations (max diff = 9.874988e-09)
Elapsed time (GPU): 2.974 seconds
[truth] N=100 phi=0.025 seed=932: 4.8 s -> /mnt/ffs24/home/khanmd/pinn-stokes/tmp/nbody_moments_truth/uniform_N100_phi0.025_seed932.npz
cluster created
Converged after 53 iterations (max diff = 9.835560e-09)
Elapsed time (GPU): 2.823 seconds
[truth] N=120 phi=0.025 seed=1023: 4.7 s -> /mnt/ffs24/home/khanmd/pinn-stokes/tmp/nbody_moments_truth/uniform_N120_phi0.025_seed1023.npz
cluster created
Converged after 55 iterations (max diff = 9.890257e-09)
Elapsed time (GPU): 2.929 seconds
[truth] N=120 phi=0.025 seed=1024: 4.7 s -> /mnt/ffs24/home/khanmd/pinn-stokes/tmp/nbody_moments_truth/uniform_N120_phi0.025_seed1024.npz
cluster created
Converged after 54 iterations (max diff = 9.269576e-09)
Elapsed time (GPU): 2.876 seconds
[truth] N=120 phi=0.025 seed=1025: 4.7 s -> /mnt/ffs24/home/khanmd/pinn-stokes/tmp/nbody_moments_truth/uniform_N120_phi0.025_seed1025.npz
cluster created
Converged after 52 iterations (max diff = 8.151067e-09)
Elapsed time (GPU): 2.770 seconds
[truth] N=120 phi=0.025 seed=1026: 4.6 s -> /mnt/ffs24/home/khanmd/pinn-stokes/tmp/nbody_moments_truth/uniform_N120_phi0.025_seed1026.npz
cluster created
Converged after 60 iterations (max diff = 9.844248e-09)
Elapsed time (GPU): 3.194 seconds
[truth] N=120 phi=0.025 seed=1027: 5.0 s -> /mnt/ffs24/home/khanmd/pinn-stokes/tmp/nbody_moments_truth/uniform_N120_phi0.025_seed1027.npz
cluster created
Converged after 36 iterations (max diff = 7.435456e-09)
Elapsed time (GPU): 1.917 seconds
[truth] N=120 phi=0.025 seed=1028: 3.7 s -> /mnt/ffs24/home/khanmd/pinn-stokes/tmp/nbody_moments_truth/uniform_N120_phi0.025_seed1028.npz
cluster created
Converged after 43 iterations (max diff = 8.357845e-09)
Elapsed time (GPU): 2.290 seconds
[truth] N=120 phi=0.025 seed=1029: 4.1 s -> /mnt/ffs24/home/khanmd/pinn-stokes/tmp/nbody_moments_truth/uniform_N120_phi0.025_seed1029.npz
cluster created
Converged after 57 iterations (max diff = 8.834333e-09)
Elapsed time (GPU): 3.036 seconds
[truth] N=120 phi=0.025 seed=1030: 4.9 s -> /mnt/ffs24/home/khanmd/pinn-stokes/tmp/nbody_moments_truth/uniform_N120_phi0.025_seed1030.npz
cluster created
Converged after 39 iterations (max diff = 5.524172e-09)
Elapsed time (GPU): 2.077 seconds
[truth] N=120 phi=0.025 seed=1031: 3.9 s -> /mnt/ffs24/home/khanmd/pinn-stokes/tmp/nbody_moments_truth/uniform_N120_phi0.025_seed1031.npz
cluster created
Converged after 45 iterations (max diff = 5.930110e-09)
Elapsed time (GPU): 2.396 seconds
[truth] N=120 phi=0.025 seed=1032: 4.2 s -> /mnt/ffs24/home/khanmd/pinn-stokes/tmp/nbody_moments_truth/uniform_N120_phi0.025_seed1032.npz
cluster created
Converged after 46 iterations (max diff = 7.342972e-09)
Elapsed time (GPU): 4.738 seconds
[truth] N=140 phi=0.025 seed=1123: 6.6 s -> /mnt/ffs24/home/khanmd/pinn-stokes/tmp/nbody_moments_truth/uniform_N140_phi0.025_seed1123.npz
cluster created
Converged after 38 iterations (max diff = 5.864933e-09)
Elapsed time (GPU): 3.915 seconds
[truth] N=140 phi=0.025 seed=1124: 5.7 s -> /mnt/ffs24/home/khanmd/pinn-stokes/tmp/nbody_moments_truth/uniform_N140_phi0.025_seed1124.npz
cluster created
Converged after 56 iterations (max diff = 9.129386e-09)
Elapsed time (GPU): 5.768 seconds
[truth] N=140 phi=0.025 seed=1125: 7.6 s -> /mnt/ffs24/home/khanmd/pinn-stokes/tmp/nbody_moments_truth/uniform_N140_phi0.025_seed1125.npz
cluster created
Converged after 54 iterations (max diff = 8.876556e-09)
Elapsed time (GPU): 5.562 seconds
[truth] N=140 phi=0.025 seed=1126: 7.4 s -> /mnt/ffs24/home/khanmd/pinn-stokes/tmp/nbody_moments_truth/uniform_N140_phi0.025_seed1126.npz
cluster created
Converged after 60 iterations (max diff = 7.321012e-09)
Elapsed time (GPU): 6.180 seconds
[truth] N=140 phi=0.025 seed=1127: 8.0 s -> /mnt/ffs24/home/khanmd/pinn-stokes/tmp/nbody_moments_truth/uniform_N140_phi0.025_seed1127.npz
cluster created
Converged after 38 iterations (max diff = 6.135446e-09)
Elapsed time (GPU): 3.915 seconds
[truth] N=140 phi=0.025 seed=1128: 5.7 s -> /mnt/ffs24/home/khanmd/pinn-stokes/tmp/nbody_moments_truth/uniform_N140_phi0.025_seed1128.npz
cluster created
Converged after 39 iterations (max diff = 9.432464e-09)
Elapsed time (GPU): 4.018 seconds
[truth] N=140 phi=0.025 seed=1129: 5.8 s -> /mnt/ffs24/home/khanmd/pinn-stokes/tmp/nbody_moments_truth/uniform_N140_phi0.025_seed1129.npz
cluster created
Converged after 50 iterations (max diff = 6.251412e-09)
Elapsed time (GPU): 5.150 seconds
[truth] N=140 phi=0.025 seed=1130: 7.0 s -> /mnt/ffs24/home/khanmd/pinn-stokes/tmp/nbody_moments_truth/uniform_N140_phi0.025_seed1130.npz
cluster created
Converged after 58 iterations (max diff = 8.635933e-09)
Elapsed time (GPU): 5.975 seconds
[truth] N=140 phi=0.025 seed=1131: 7.8 s -> /mnt/ffs24/home/khanmd/pinn-stokes/tmp/nbody_moments_truth/uniform_N140_phi0.025_seed1131.npz
cluster created
Converged after 46 iterations (max diff = 8.532049e-09)
Elapsed time (GPU): 4.738 seconds
[truth] N=140 phi=0.025 seed=1132: 6.6 s -> /mnt/ffs24/home/khanmd/pinn-stokes/tmp/nbody_moments_truth/uniform_N140_phi0.025_seed1132.npz
cluster created
Converged after 52 iterations (max diff = 7.137158e-09)
Elapsed time (GPU): 6.260 seconds
[truth] N=160 phi=0.025 seed=1223: 8.1 s -> /mnt/ffs24/home/khanmd/pinn-stokes/tmp/nbody_moments_truth/uniform_N160_phi0.025_seed1223.npz
cluster created
Converged after 54 iterations (max diff = 8.526979e-09)
Elapsed time (GPU): 6.501 seconds
[truth] N=160 phi=0.025 seed=1224: 8.3 s -> /mnt/ffs24/home/khanmd/pinn-stokes/tmp/nbody_moments_truth/uniform_N160_phi0.025_seed1224.npz
cluster created
Converged after 38 iterations (max diff = 9.802784e-09)
Elapsed time (GPU): 4.575 seconds
[truth] N=160 phi=0.025 seed=1225: 6.4 s -> /mnt/ffs24/home/khanmd/pinn-stokes/tmp/nbody_moments_truth/uniform_N160_phi0.025_seed1225.npz
cluster created
Converged after 52 iterations (max diff = 6.673124e-09)
Elapsed time (GPU): 6.261 seconds
[truth] N=160 phi=0.025 seed=1226: 8.1 s -> /mnt/ffs24/home/khanmd/pinn-stokes/tmp/nbody_moments_truth/uniform_N160_phi0.025_seed1226.npz
cluster created
Converged after 61 iterations (max diff = 7.984388e-09)
Elapsed time (GPU): 7.344 seconds
[truth] N=160 phi=0.025 seed=1227: 9.2 s -> /mnt/ffs24/home/khanmd/pinn-stokes/tmp/nbody_moments_truth/uniform_N160_phi0.025_seed1227.npz
cluster created
Converged after 34 iterations (max diff = 6.499677e-09)
Elapsed time (GPU): 4.094 seconds
[truth] N=160 phi=0.025 seed=1228: 5.9 s -> /mnt/ffs24/home/khanmd/pinn-stokes/tmp/nbody_moments_truth/uniform_N160_phi0.025_seed1228.npz
cluster created
Converged after 39 iterations (max diff = 7.511828e-09)
Elapsed time (GPU): 4.696 seconds
[truth] N=160 phi=0.025 seed=1229: 6.5 s -> /mnt/ffs24/home/khanmd/pinn-stokes/tmp/nbody_moments_truth/uniform_N160_phi0.025_seed1229.npz
cluster created
Converged after 53 iterations (max diff = 9.138944e-09)
Elapsed time (GPU): 6.381 seconds
[truth] N=160 phi=0.025 seed=1230: 8.2 s -> /mnt/ffs24/home/khanmd/pinn-stokes/tmp/nbody_moments_truth/uniform_N160_phi0.025_seed1230.npz
cluster created
Converged after 28 iterations (max diff = 9.452237e-09)
Elapsed time (GPU): 3.372 seconds
[truth] N=160 phi=0.025 seed=1231: 5.2 s -> /mnt/ffs24/home/khanmd/pinn-stokes/tmp/nbody_moments_truth/uniform_N160_phi0.025_seed1231.npz
cluster created
Converged after 47 iterations (max diff = 6.491333e-09)
Elapsed time (GPU): 5.658 seconds
[truth] N=160 phi=0.025 seed=1232: 7.5 s -> /mnt/ffs24/home/khanmd/pinn-stokes/tmp/nbody_moments_truth/uniform_N160_phi0.025_seed1232.npz
cluster created
Converged after 45 iterations (max diff = 7.683469e-09)
Elapsed time (GPU): 6.221 seconds
[truth] N=180 phi=0.025 seed=1323: 8.1 s -> /mnt/ffs24/home/khanmd/pinn-stokes/tmp/nbody_moments_truth/uniform_N180_phi0.025_seed1323.npz
cluster created
Converged after 58 iterations (max diff = 8.658546e-09)
Elapsed time (GPU): 8.019 seconds
[truth] N=180 phi=0.025 seed=1324: 9.9 s -> /mnt/ffs24/home/khanmd/pinn-stokes/tmp/nbody_moments_truth/uniform_N180_phi0.025_seed1324.npz
cluster created
Converged after 43 iterations (max diff = 9.499494e-09)
Elapsed time (GPU): 5.946 seconds
[truth] N=180 phi=0.025 seed=1325: 7.8 s -> /mnt/ffs24/home/khanmd/pinn-stokes/tmp/nbody_moments_truth/uniform_N180_phi0.025_seed1325.npz
cluster created
Converged after 48 iterations (max diff = 8.947931e-09)
Elapsed time (GPU): 6.638 seconds
[truth] N=180 phi=0.025 seed=1326: 8.5 s -> /mnt/ffs24/home/khanmd/pinn-stokes/tmp/nbody_moments_truth/uniform_N180_phi0.025_seed1326.npz
cluster created
Converged after 60 iterations (max diff = 9.686933e-09)
Elapsed time (GPU): 8.298 seconds
[truth] N=180 phi=0.025 seed=1327: 10.2 s -> /mnt/ffs24/home/khanmd/pinn-stokes/tmp/nbody_moments_truth/uniform_N180_phi0.025_seed1327.npz
cluster created
Converged after 60 iterations (max diff = 9.531842e-09)
Elapsed time (GPU): 8.299 seconds
[truth] N=180 phi=0.025 seed=1328: 10.2 s -> /mnt/ffs24/home/khanmd/pinn-stokes/tmp/nbody_moments_truth/uniform_N180_phi0.025_seed1328.npz
cluster created
Converged after 53 iterations (max diff = 7.125783e-09)
Elapsed time (GPU): 7.332 seconds
[truth] N=180 phi=0.025 seed=1329: 9.2 s -> /mnt/ffs24/home/khanmd/pinn-stokes/tmp/nbody_moments_truth/uniform_N180_phi0.025_seed1329.npz
cluster created
Converged after 65 iterations (max diff = 8.328109e-09)
Elapsed time (GPU): 8.983 seconds
[truth] N=180 phi=0.025 seed=1330: 10.8 s -> /mnt/ffs24/home/khanmd/pinn-stokes/tmp/nbody_moments_truth/uniform_N180_phi0.025_seed1330.npz
cluster created
Converged after 45 iterations (max diff = 8.337367e-09)
Elapsed time (GPU): 6.224 seconds
[truth] N=180 phi=0.025 seed=1331: 8.1 s -> /mnt/ffs24/home/khanmd/pinn-stokes/tmp/nbody_moments_truth/uniform_N180_phi0.025_seed1331.npz
cluster created
Converged after 27 iterations (max diff = 8.580995e-09)
Elapsed time (GPU): 3.734 seconds
[truth] N=180 phi=0.025 seed=1332: 5.6 s -> /mnt/ffs24/home/khanmd/pinn-stokes/tmp/nbody_moments_truth/uniform_N180_phi0.025_seed1332.npz
cluster created
Converged after 54 iterations (max diff = 7.758776e-09)
Elapsed time (GPU): 8.508 seconds
[truth] N=200 phi=0.025 seed=1423: 10.4 s -> /mnt/ffs24/home/khanmd/pinn-stokes/tmp/nbody_moments_truth/uniform_N200_phi0.025_seed1423.npz
cluster created
Converged after 49 iterations (max diff = 6.292598e-09)
Elapsed time (GPU): 7.719 seconds
[truth] N=200 phi=0.025 seed=1424: 9.6 s -> /mnt/ffs24/home/khanmd/pinn-stokes/tmp/nbody_moments_truth/uniform_N200_phi0.025_seed1424.npz
cluster created
Converged after 48 iterations (max diff = 6.829689e-09)
Elapsed time (GPU): 7.563 seconds
[truth] N=200 phi=0.025 seed=1425: 9.4 s -> /mnt/ffs24/home/khanmd/pinn-stokes/tmp/nbody_moments_truth/uniform_N200_phi0.025_seed1425.npz
cluster created
Converged after 54 iterations (max diff = 8.995975e-09)
Elapsed time (GPU): 8.509 seconds
[truth] N=200 phi=0.025 seed=1426: 10.4 s -> /mnt/ffs24/home/khanmd/pinn-stokes/tmp/nbody_moments_truth/uniform_N200_phi0.025_seed1426.npz
cluster created
Converged after 60 iterations (max diff = 8.235942e-09)
Elapsed time (GPU): 9.452 seconds
[truth] N=200 phi=0.025 seed=1427: 11.3 s -> /mnt/ffs24/home/khanmd/pinn-stokes/tmp/nbody_moments_truth/uniform_N200_phi0.025_seed1427.npz
cluster created
Converged after 53 iterations (max diff = 7.802821e-09)
Elapsed time (GPU): 8.349 seconds
[truth] N=200 phi=0.025 seed=1428: 10.2 s -> /mnt/ffs24/home/khanmd/pinn-stokes/tmp/nbody_moments_truth/uniform_N200_phi0.025_seed1428.npz
cluster created
Converged after 62 iterations (max diff = 8.918724e-09)
Elapsed time (GPU): 9.768 seconds
[truth] N=200 phi=0.025 seed=1429: 11.8 s -> /mnt/ffs24/home/khanmd/pinn-stokes/tmp/nbody_moments_truth/uniform_N200_phi0.025_seed1429.npz
cluster created
Converged after 60 iterations (max diff = 7.726823e-09)
Elapsed time (GPU): 9.451 seconds
[truth] N=200 phi=0.025 seed=1430: 11.3 s -> /mnt/ffs24/home/khanmd/pinn-stokes/tmp/nbody_moments_truth/uniform_N200_phi0.025_seed1430.npz
cluster created
Converged after 64 iterations (max diff = 8.020340e-09)
Elapsed time (GPU): 10.083 seconds
[truth] N=200 phi=0.025 seed=1431: 12.0 s -> /mnt/ffs24/home/khanmd/pinn-stokes/tmp/nbody_moments_truth/uniform_N200_phi0.025_seed1431.npz
cluster created
Converged after 54 iterations (max diff = 6.945696e-09)
Elapsed time (GPU): 8.507 seconds
[truth] N=200 phi=0.025 seed=1432: 10.4 s -> /mnt/ffs24/home/khanmd/pinn-stokes/tmp/nbody_moments_truth/uniform_N200_phi0.025_seed1432.npz
Loaded geometry: 54 boundary nodes, 47 source points
Warp 1.12.0.dev0 initialized:
   CUDA Toolkit 12.6, Driver 13.0
   Devices:
     "cpu"      : "x86_64"
     "cuda:0"   : "NVIDIA H200" (140 GiB, sm_90, mempool enabled)
   Kernel cache:
     /mnt/home/khanmd/.cache/warp/1.12.0.dev0
Converged after 24 iterations (max diff = 4.462679e-09)
Mobility computation time: 451.12 ms
fig3 N=200 phi=0.025 seed=123 mfs_coarse           rel_rmse=  0.403%  lin=  0.401%  ang=  0.406%  max=   2.25%  (0.5 s)
Computing neighbor pairs for n-body correction...
Module src.hashgrid_neighbors b882eb1 load on device 'cuda:0' took 142.87 ms  (cached)
no of RPY interactions: 38878
no of NN interactions: 922
[Mob_Nbody] Base velocity compute time: 281.282 ms
[Mob_Nbody] Post-base path time: 106.156 ms
fig3 N=200 phi=0.025 seed=123 M_nbody_gpu          rel_rmse=  2.154%  lin=  2.506%  ang=  1.037%  max=   9.37%  (0.6 s)
Converged after 22 iterations (max diff = 5.705331e-09)
Mobility computation time: 402.96 ms
fig3 N=200 phi=0.025 seed=124 mfs_coarse           rel_rmse=  0.260%  lin=  0.230%  ang=  0.317%  max=   1.96%  (0.4 s)
Computing neighbor pairs for n-body correction...
no of RPY interactions: 38860
no of NN interactions: 940
[Mob_Nbody] Base velocity compute time: 3.325 ms
[Mob_Nbody] Post-base path time: 2.155 ms
fig3 N=200 phi=0.025 seed=124 M_nbody_gpu          rel_rmse=  2.578%  lin=  2.966%  ang=  1.296%  max=   7.48%  (0.0 s)
Converged after 22 iterations (max diff = 4.313536e-09)
Mobility computation time: 400.94 ms
fig3 N=200 phi=0.025 seed=125 mfs_coarse           rel_rmse=  0.264%  lin=  0.264%  ang=  0.267%  max=   1.73%  (0.4 s)
Computing neighbor pairs for n-body correction...
no of RPY interactions: 38778
no of NN interactions: 1022
[Mob_Nbody] Base velocity compute time: 2.987 ms
[Mob_Nbody] Post-base path time: 2.164 ms
fig3 N=200 phi=0.025 seed=125 M_nbody_gpu          rel_rmse=  1.924%  lin=  2.053%  ang=  1.127%  max=   4.90%  (0.0 s)
Converged after 23 iterations (max diff = 4.730931e-09)
Mobility computation time: 419.57 ms
fig3 N=200 phi=0.025 seed=126 mfs_coarse           rel_rmse=  0.298%  lin=  0.243%  ang=  0.495%  max=   2.99%  (0.4 s)
Computing neighbor pairs for n-body correction...
no of RPY interactions: 38824
no of NN interactions: 976
[Mob_Nbody] Base velocity compute time: 2.970 ms
[Mob_Nbody] Post-base path time: 2.139 ms
fig3 N=200 phi=0.025 seed=126 M_nbody_gpu          rel_rmse=  1.839%  lin=  1.935%  ang=  1.210%  max=   7.97%  (0.0 s)
Converged after 25 iterations (max diff = 8.995444e-09)
Mobility computation time: 456.14 ms
fig3 N=200 phi=0.025 seed=127 mfs_coarse           rel_rmse=  0.336%  lin=  0.271%  ang=  0.563%  max=   2.77%  (0.5 s)
Computing neighbor pairs for n-body correction...
no of RPY interactions: 38806
no of NN interactions: 994
[Mob_Nbody] Base velocity compute time: 2.967 ms
[Mob_Nbody] Post-base path time: 2.142 ms
fig3 N=200 phi=0.025 seed=127 M_nbody_gpu          rel_rmse=  1.927%  lin=  2.025%  ang=  1.299%  max=  11.39%  (0.0 s)
Converged after 25 iterations (max diff = 6.080418e-09)
Mobility computation time: 453.73 ms
fig3 N=200 phi=0.025 seed=128 mfs_coarse           rel_rmse=  0.543%  lin=  0.532%  ang=  0.574%  max=   5.31%  (0.5 s)
Computing neighbor pairs for n-body correction...
no of RPY interactions: 38850
no of NN interactions: 950
[Mob_Nbody] Base velocity compute time: 2.984 ms
[Mob_Nbody] Post-base path time: 2.199 ms
fig3 N=200 phi=0.025 seed=128 M_nbody_gpu          rel_rmse=  2.144%  lin=  2.345%  ang=  1.374%  max=  13.02%  (0.0 s)
Converged after 25 iterations (max diff = 4.054577e-09)
Mobility computation time: 455.73 ms
fig3 N=200 phi=0.025 seed=129 mfs_coarse           rel_rmse=  0.247%  lin=  0.238%  ang=  0.284%  max=   2.35%  (0.5 s)
Computing neighbor pairs for n-body correction...
no of RPY interactions: 38874
no of NN interactions: 926
[Mob_Nbody] Base velocity compute time: 2.955 ms
[Mob_Nbody] Post-base path time: 2.153 ms
fig3 N=200 phi=0.025 seed=129 M_nbody_gpu          rel_rmse=  1.980%  lin=  2.138%  ang=  1.130%  max=   5.40%  (0.0 s)
Converged after 23 iterations (max diff = 3.694965e-09)
Mobility computation time: 418.21 ms
fig3 N=200 phi=0.025 seed=130 mfs_coarse           rel_rmse=  0.254%  lin=  0.223%  ang=  0.333%  max=   1.34%  (0.4 s)
Computing neighbor pairs for n-body correction...
no of RPY interactions: 38878
no of NN interactions: 922
[Mob_Nbody] Base velocity compute time: 2.892 ms
[Mob_Nbody] Post-base path time: 2.086 ms
fig3 N=200 phi=0.025 seed=130 M_nbody_gpu          rel_rmse=  2.049%  lin=  2.277%  ang=  1.072%  max=   6.85%  (0.0 s)
Converged after 25 iterations (max diff = 6.763606e-09)
Mobility computation time: 455.60 ms
fig3 N=200 phi=0.025 seed=131 mfs_coarse           rel_rmse=  0.397%  lin=  0.335%  ang=  0.542%  max=   2.26%  (0.5 s)
Computing neighbor pairs for n-body correction...
no of RPY interactions: 38798
no of NN interactions: 1002
[Mob_Nbody] Base velocity compute time: 3.120 ms
[Mob_Nbody] Post-base path time: 2.209 ms
fig3 N=200 phi=0.025 seed=131 M_nbody_gpu          rel_rmse=  2.331%  lin=  2.573%  ang=  1.392%  max=   6.67%  (0.0 s)
Converged after 24 iterations (max diff = 3.161827e-09)
Mobility computation time: 436.94 ms
fig3 N=200 phi=0.025 seed=132 mfs_coarse           rel_rmse=  0.456%  lin=  0.453%  ang=  0.465%  max=   4.00%  (0.4 s)
Computing neighbor pairs for n-body correction...
no of RPY interactions: 38796
no of NN interactions: 1004
[Mob_Nbody] Base velocity compute time: 2.968 ms
[Mob_Nbody] Post-base path time: 2.157 ms
fig3 N=200 phi=0.025 seed=132 M_nbody_gpu          rel_rmse=  2.471%  lin=  2.801%  ang=  1.283%  max=   6.76%  (0.0 s)
Converged after 21 iterations (max diff = 9.910529e-09)
Mobility computation time: 575.53 ms
fig3 N=300 phi=0.025 seed=123 mfs_coarse           rel_rmse=  0.246%  lin=  0.199%  ang=  0.336%  max=   2.00%  (0.6 s)
Computing neighbor pairs for n-body correction...
no of RPY interactions: 88218
no of NN interactions: 1482
[Mob_Nbody] Base velocity compute time: 4.337 ms
[Mob_Nbody] Post-base path time: 2.157 ms
fig3 N=300 phi=0.025 seed=123 M_nbody_gpu          rel_rmse=  2.227%  lin=  2.559%  ang=  1.018%  max=   6.89%  (0.0 s)
Converged after 27 iterations (max diff = 5.238362e-09)
Mobility computation time: 732.84 ms
fig3 N=300 phi=0.025 seed=124 mfs_coarse           rel_rmse=  0.492%  lin=  0.457%  ang=  0.607%  max=   4.63%  (0.7 s)
Computing neighbor pairs for n-body correction...
no of RPY interactions: 88252
no of NN interactions: 1448
[Mob_Nbody] Base velocity compute time: 3.210 ms
[Mob_Nbody] Post-base path time: 2.145 ms
fig3 N=300 phi=0.025 seed=124 M_nbody_gpu          rel_rmse=  2.578%  lin=  2.791%  ang=  1.508%  max=  13.74%  (0.0 s)
Converged after 24 iterations (max diff = 3.186144e-09)
Mobility computation time: 656.07 ms
fig3 N=300 phi=0.025 seed=125 mfs_coarse           rel_rmse=  0.254%  lin=  0.202%  ang=  0.455%  max=   1.93%  (0.7 s)
Computing neighbor pairs for n-body correction...
no of RPY interactions: 88254
no of NN interactions: 1446
[Mob_Nbody] Base velocity compute time: 3.162 ms
[Mob_Nbody] Post-base path time: 2.128 ms
fig3 N=300 phi=0.025 seed=125 M_nbody_gpu          rel_rmse=  1.932%  lin=  2.022%  ang=  1.249%  max=   5.89%  (0.0 s)
Converged after 25 iterations (max diff = 4.146780e-09)
Mobility computation time: 686.83 ms
fig3 N=300 phi=0.025 seed=126 mfs_coarse           rel_rmse=  0.285%  lin=  0.244%  ang=  0.368%  max=   1.93%  (0.7 s)
Computing neighbor pairs for n-body correction...
no of RPY interactions: 88266
no of NN interactions: 1434
[Mob_Nbody] Base velocity compute time: 3.196 ms
[Mob_Nbody] Post-base path time: 2.138 ms
fig3 N=300 phi=0.025 seed=126 M_nbody_gpu          rel_rmse=  2.761%  lin=  3.157%  ang=  1.326%  max=   7.26%  (0.0 s)
Converged after 25 iterations (max diff = 3.998615e-09)
Mobility computation time: 681.15 ms
fig3 N=300 phi=0.025 seed=127 mfs_coarse           rel_rmse=  0.271%  lin=  0.208%  ang=  0.524%  max=   1.90%  (0.7 s)
Computing neighbor pairs for n-body correction...
no of RPY interactions: 88142
no of NN interactions: 1558
[Mob_Nbody] Base velocity compute time: 3.162 ms
[Mob_Nbody] Post-base path time: 2.132 ms
fig3 N=300 phi=0.025 seed=127 M_nbody_gpu          rel_rmse=  1.750%  lin=  1.811%  ang=  1.273%  max=   6.01%  (0.0 s)
Converged after 23 iterations (max diff = 3.736096e-09)
Mobility computation time: 626.20 ms
fig3 N=300 phi=0.025 seed=128 mfs_coarse           rel_rmse=  0.225%  lin=  0.215%  ang=  0.256%  max=   1.66%  (0.6 s)
Computing neighbor pairs for n-body correction...
no of RPY interactions: 88220
no of NN interactions: 1480
[Mob_Nbody] Base velocity compute time: 3.171 ms
[Mob_Nbody] Post-base path time: 2.140 ms
fig3 N=300 phi=0.025 seed=128 M_nbody_gpu          rel_rmse=  2.453%  lin=  2.676%  ang=  1.323%  max=   8.13%  (0.0 s)
Converged after 28 iterations (max diff = 4.511588e-09)
Mobility computation time: 767.59 ms
fig3 N=300 phi=0.025 seed=129 mfs_coarse           rel_rmse=  0.295%  lin=  0.302%  ang=  0.250%  max=   3.34%  (0.8 s)
Computing neighbor pairs for n-body correction...
no of RPY interactions: 88266
no of NN interactions: 1434
[Mob_Nbody] Base velocity compute time: 3.106 ms
[Mob_Nbody] Post-base path time: 2.067 ms
fig3 N=300 phi=0.025 seed=129 M_nbody_gpu          rel_rmse=  1.982%  lin=  2.113%  ang=  1.046%  max=   9.67%  (0.0 s)
Converged after 24 iterations (max diff = 4.572597e-09)
Mobility computation time: 653.05 ms
fig3 N=300 phi=0.025 seed=130 mfs_coarse           rel_rmse=  0.334%  lin=  0.323%  ang=  0.369%  max=   2.01%  (0.7 s)
Computing neighbor pairs for n-body correction...
no of RPY interactions: 88198
no of NN interactions: 1502
[Mob_Nbody] Base velocity compute time: 3.175 ms
[Mob_Nbody] Post-base path time: 2.116 ms
fig3 N=300 phi=0.025 seed=130 M_nbody_gpu          rel_rmse=  2.114%  lin=  2.310%  ang=  1.252%  max=   7.30%  (0.0 s)
Converged after 24 iterations (max diff = 4.369423e-09)
Mobility computation time: 649.57 ms
fig3 N=300 phi=0.025 seed=131 mfs_coarse           rel_rmse=  0.238%  lin=  0.173%  ang=  0.384%  max=   2.04%  (0.6 s)
Computing neighbor pairs for n-body correction...
no of RPY interactions: 88104
no of NN interactions: 1596
[Mob_Nbody] Base velocity compute time: 3.169 ms
[Mob_Nbody] Post-base path time: 2.123 ms
fig3 N=300 phi=0.025 seed=131 M_nbody_gpu          rel_rmse=  2.757%  lin=  3.038%  ang=  1.427%  max=   7.68%  (0.0 s)
Converged after 27 iterations (max diff = 4.813615e-09)
Mobility computation time: 735.08 ms
fig3 N=300 phi=0.025 seed=132 mfs_coarse           rel_rmse=  0.361%  lin=  0.319%  ang=  0.527%  max=   2.56%  (0.7 s)
Computing neighbor pairs for n-body correction...
no of RPY interactions: 88158
no of NN interactions: 1542
[Mob_Nbody] Base velocity compute time: 3.162 ms
[Mob_Nbody] Post-base path time: 2.140 ms
fig3 N=300 phi=0.025 seed=132 M_nbody_gpu          rel_rmse=  2.323%  lin=  2.456%  ang=  1.472%  max=   9.62%  (0.0 s)
Converged after 22 iterations (max diff = 4.596482e-09)
Mobility computation time: 42.22 ms
fig4 N=20 phi=0.025 seed=123 mfs_coarse           rel_rmse=  0.419%  lin=  0.144%  ang=  0.674%  max=   1.24%  (0.0 s)
Computing neighbor pairs for n-body correction...
no of RPY interactions: 294
no of NN interactions: 86
[Mob_Nbody] Base velocity compute time: 2.850 ms
[Mob_Nbody] Post-base path time: 2.073 ms
fig4 N=20 phi=0.025 seed=123 M_nbody_gpu          rel_rmse=  2.040%  lin=  2.473%  ang=  0.810%  max=   4.52%  (0.0 s)
Converged after 21 iterations (max diff = 3.916701e-09)
Mobility computation time: 40.36 ms
fig4 N=20 phi=0.025 seed=124 mfs_coarse           rel_rmse=  0.378%  lin=  0.423%  ang=  0.297%  max=   1.32%  (0.0 s)
Computing neighbor pairs for n-body correction...
no of RPY interactions: 302
no of NN interactions: 78
[Mob_Nbody] Base velocity compute time: 2.750 ms
[Mob_Nbody] Post-base path time: 2.090 ms
fig4 N=20 phi=0.025 seed=124 M_nbody_gpu          rel_rmse=  2.247%  lin=  2.597%  ang=  1.585%  max=   4.18%  (0.0 s)
Converged after 17 iterations (max diff = 4.149493e-09)
Mobility computation time: 32.63 ms
fig4 N=20 phi=0.025 seed=125 mfs_coarse           rel_rmse=  0.199%  lin=  0.202%  ang=  0.186%  max=   0.76%  (0.0 s)
Computing neighbor pairs for n-body correction...
no of RPY interactions: 290
no of NN interactions: 90
[Mob_Nbody] Base velocity compute time: 2.731 ms
[Mob_Nbody] Post-base path time: 2.051 ms
fig4 N=20 phi=0.025 seed=125 M_nbody_gpu          rel_rmse=  1.308%  lin=  1.394%  ang=  0.902%  max=   2.59%  (0.0 s)
Converged after 13 iterations (max diff = 1.629129e-09)
Mobility computation time: 25.21 ms
fig4 N=20 phi=0.025 seed=126 mfs_coarse           rel_rmse=  0.016%  lin=  0.015%  ang=  0.018%  max=   0.04%  (0.0 s)
Computing neighbor pairs for n-body correction...
no of RPY interactions: 288
no of NN interactions: 92
[Mob_Nbody] Base velocity compute time: 2.712 ms
[Mob_Nbody] Post-base path time: 2.037 ms
fig4 N=20 phi=0.025 seed=126 M_nbody_gpu          rel_rmse=  1.349%  lin=  1.437%  ang=  0.953%  max=   3.81%  (0.0 s)
Converged after 19 iterations (max diff = 4.003720e-09)
Mobility computation time: 36.53 ms
fig4 N=20 phi=0.025 seed=127 mfs_coarse           rel_rmse=  0.236%  lin=  0.093%  ang=  0.501%  max=   0.68%  (0.0 s)
Computing neighbor pairs for n-body correction...
no of RPY interactions: 278
no of NN interactions: 102
[Mob_Nbody] Base velocity compute time: 2.745 ms
[Mob_Nbody] Post-base path time: 2.045 ms
fig4 N=20 phi=0.025 seed=127 M_nbody_gpu          rel_rmse=  1.232%  lin=  1.260%  ang=  1.107%  max=   2.33%  (0.0 s)
Converged after 20 iterations (max diff = 1.997495e-09)
Mobility computation time: 38.38 ms
fig4 N=20 phi=0.025 seed=128 mfs_coarse           rel_rmse=  0.531%  lin=  0.641%  ang=  0.199%  max=   1.65%  (0.0 s)
Computing neighbor pairs for n-body correction...
no of RPY interactions: 294
no of NN interactions: 86
[Mob_Nbody] Base velocity compute time: 2.693 ms
[Mob_Nbody] Post-base path time: 2.015 ms
fig4 N=20 phi=0.025 seed=128 M_nbody_gpu          rel_rmse=  3.134%  lin=  3.796%  ang=  1.079%  max=   7.47%  (0.0 s)
Converged after 18 iterations (max diff = 3.968793e-09)
Mobility computation time: 34.57 ms
fig4 N=20 phi=0.025 seed=129 mfs_coarse           rel_rmse=  0.069%  lin=  0.056%  ang=  0.109%  max=   0.22%  (0.0 s)
Computing neighbor pairs for n-body correction...
no of RPY interactions: 290
no of NN interactions: 90
[Mob_Nbody] Base velocity compute time: 2.708 ms
[Mob_Nbody] Post-base path time: 2.051 ms
fig4 N=20 phi=0.025 seed=129 M_nbody_gpu          rel_rmse=  1.220%  lin=  1.259%  ang=  1.031%  max=   2.20%  (0.0 s)
Converged after 22 iterations (max diff = 9.054631e-09)
Mobility computation time: 42.34 ms
fig4 N=20 phi=0.025 seed=130 mfs_coarse           rel_rmse=  0.587%  lin=  0.215%  ang=  1.119%  max=   1.61%  (0.0 s)
Computing neighbor pairs for n-body correction...
no of RPY interactions: 268
no of NN interactions: 112
[Mob_Nbody] Base velocity compute time: 2.772 ms
[Mob_Nbody] Post-base path time: 2.051 ms
fig4 N=20 phi=0.025 seed=130 M_nbody_gpu          rel_rmse=  1.679%  lin=  1.783%  ang=  1.313%  max=   3.99%  (0.0 s)
Converged after 14 iterations (max diff = 5.147716e-09)
Mobility computation time: 27.17 ms
fig4 N=20 phi=0.025 seed=131 mfs_coarse           rel_rmse=  0.073%  lin=  0.052%  ang=  0.111%  max=   0.14%  (0.0 s)
Computing neighbor pairs for n-body correction...
no of RPY interactions: 288
no of NN interactions: 92
[Mob_Nbody] Base velocity compute time: 2.688 ms
[Mob_Nbody] Post-base path time: 2.044 ms
fig4 N=20 phi=0.025 seed=131 M_nbody_gpu          rel_rmse=  1.401%  lin=  1.509%  ang=  1.050%  max=   2.56%  (0.0 s)
Converged after 22 iterations (max diff = 8.006674e-09)
Mobility computation time: 42.29 ms
fig4 N=20 phi=0.025 seed=132 mfs_coarse           rel_rmse=  0.351%  lin=  0.324%  ang=  0.453%  max=   0.95%  (0.0 s)
Computing neighbor pairs for n-body correction...
no of RPY interactions: 298
no of NN interactions: 82
[Mob_Nbody] Base velocity compute time: 2.770 ms
[Mob_Nbody] Post-base path time: 2.074 ms
fig4 N=20 phi=0.025 seed=132 M_nbody_gpu          rel_rmse=  1.505%  lin=  1.562%  ang=  1.218%  max=   3.98%  (0.0 s)
Converged after 18 iterations (max diff = 9.700685e-09)
Mobility computation time: 51.31 ms
fig4 N=30 phi=0.025 seed=223 mfs_coarse           rel_rmse=  0.201%  lin=  0.147%  ang=  0.270%  max=   0.69%  (0.1 s)
Computing neighbor pairs for n-body correction...
no of RPY interactions: 766
no of NN interactions: 104
[Mob_Nbody] Base velocity compute time: 2.817 ms
[Mob_Nbody] Post-base path time: 2.093 ms
fig4 N=30 phi=0.025 seed=223 M_nbody_gpu          rel_rmse=  1.396%  lin=  1.613%  ang=  0.912%  max=   4.72%  (0.0 s)
Converged after 20 iterations (max diff = 4.235622e-09)
Mobility computation time: 56.49 ms
fig4 N=30 phi=0.025 seed=224 mfs_coarse           rel_rmse=  0.318%  lin=  0.234%  ang=  0.453%  max=   1.11%  (0.1 s)
Computing neighbor pairs for n-body correction...
no of RPY interactions: 724
no of NN interactions: 146
[Mob_Nbody] Base velocity compute time: 2.895 ms
[Mob_Nbody] Post-base path time: 2.105 ms
fig4 N=30 phi=0.025 seed=224 M_nbody_gpu          rel_rmse=  2.304%  lin=  2.545%  ang=  1.642%  max=   5.57%  (0.0 s)
Converged after 18 iterations (max diff = 8.879131e-09)
Mobility computation time: 51.29 ms
fig4 N=30 phi=0.025 seed=225 mfs_coarse           rel_rmse=  0.174%  lin=  0.115%  ang=  0.236%  max=   0.55%  (0.1 s)
Computing neighbor pairs for n-body correction...
no of RPY interactions: 736
no of NN interactions: 134
[Mob_Nbody] Base velocity compute time: 2.801 ms
[Mob_Nbody] Post-base path time: 2.099 ms
fig4 N=30 phi=0.025 seed=225 M_nbody_gpu          rel_rmse=  1.976%  lin=  2.154%  ang=  1.677%  max=   4.21%  (0.0 s)
Converged after 19 iterations (max diff = 2.354220e-09)
Mobility computation time: 53.78 ms
fig4 N=30 phi=0.025 seed=226 mfs_coarse           rel_rmse=  0.141%  lin=  0.130%  ang=  0.183%  max=   0.53%  (0.1 s)
Computing neighbor pairs for n-body correction...
no of RPY interactions: 736
no of NN interactions: 134
[Mob_Nbody] Base velocity compute time: 2.766 ms
[Mob_Nbody] Post-base path time: 2.054 ms
fig4 N=30 phi=0.025 seed=226 M_nbody_gpu          rel_rmse=  1.288%  lin=  1.351%  ang=  0.976%  max=   2.69%  (0.0 s)
Converged after 21 iterations (max diff = 8.096519e-09)
Mobility computation time: 59.27 ms
fig4 N=30 phi=0.025 seed=227 mfs_coarse           rel_rmse=  0.249%  lin=  0.184%  ang=  0.350%  max=   1.54%  (0.1 s)
Computing neighbor pairs for n-body correction...
no of RPY interactions: 734
no of NN interactions: 136
[Mob_Nbody] Base velocity compute time: 2.900 ms
[Mob_Nbody] Post-base path time: 2.133 ms
fig4 N=30 phi=0.025 seed=227 M_nbody_gpu          rel_rmse=  2.057%  lin=  2.391%  ang=  1.007%  max=   4.94%  (0.0 s)
Converged after 23 iterations (max diff = 4.992602e-09)
Mobility computation time: 65.05 ms
fig4 N=30 phi=0.025 seed=228 mfs_coarse           rel_rmse=  0.647%  lin=  0.728%  ang=  0.470%  max=   2.08%  (0.1 s)
Computing neighbor pairs for n-body correction...
no of RPY interactions: 702
no of NN interactions: 168
[Mob_Nbody] Base velocity compute time: 2.870 ms
[Mob_Nbody] Post-base path time: 2.118 ms
fig4 N=30 phi=0.025 seed=228 M_nbody_gpu          rel_rmse=  2.157%  lin=  2.526%  ang=  1.250%  max=   4.05%  (0.0 s)
Converged after 21 iterations (max diff = 7.477272e-09)
Mobility computation time: 59.34 ms
fig4 N=30 phi=0.025 seed=229 mfs_coarse           rel_rmse=  0.302%  lin=  0.120%  ang=  0.493%  max=   1.82%  (0.1 s)
Computing neighbor pairs for n-body correction...
no of RPY interactions: 756
no of NN interactions: 114
[Mob_Nbody] Base velocity compute time: 2.835 ms
[Mob_Nbody] Post-base path time: 2.086 ms
fig4 N=30 phi=0.025 seed=229 M_nbody_gpu          rel_rmse=  1.388%  lin=  1.606%  ang=  0.792%  max=   3.62%  (0.0 s)
Converged after 15 iterations (max diff = 6.082932e-09)
Mobility computation time: 42.64 ms
fig4 N=30 phi=0.025 seed=230 mfs_coarse           rel_rmse=  0.103%  lin=  0.122%  ang=  0.069%  max=   0.57%  (0.0 s)
Computing neighbor pairs for n-body correction...
no of RPY interactions: 740
no of NN interactions: 130
[Mob_Nbody] Base velocity compute time: 2.782 ms
[Mob_Nbody] Post-base path time: 2.067 ms
fig4 N=30 phi=0.025 seed=230 M_nbody_gpu          rel_rmse=  2.176%  lin=  2.557%  ang=  1.467%  max=   4.90%  (0.0 s)
Converged after 18 iterations (max diff = 2.509995e-09)
Mobility computation time: 50.94 ms
fig4 N=30 phi=0.025 seed=231 mfs_coarse           rel_rmse=  0.184%  lin=  0.194%  ang=  0.150%  max=   0.55%  (0.1 s)
Computing neighbor pairs for n-body correction...
no of RPY interactions: 730
no of NN interactions: 140
[Mob_Nbody] Base velocity compute time: 2.815 ms
[Mob_Nbody] Post-base path time: 2.088 ms
fig4 N=30 phi=0.025 seed=231 M_nbody_gpu          rel_rmse=  1.581%  lin=  1.760%  ang=  0.847%  max=   4.84%  (0.0 s)
Converged after 14 iterations (max diff = 4.683963e-09)
Mobility computation time: 39.66 ms
fig4 N=30 phi=0.025 seed=232 mfs_coarse           rel_rmse=  0.035%  lin=  0.034%  ang=  0.040%  max=   0.08%  (0.0 s)
Computing neighbor pairs for n-body correction...
no of RPY interactions: 698
no of NN interactions: 172
[Mob_Nbody] Base velocity compute time: 2.765 ms
[Mob_Nbody] Post-base path time: 2.085 ms
fig4 N=30 phi=0.025 seed=232 M_nbody_gpu          rel_rmse=  1.787%  lin=  1.903%  ang=  1.201%  max=   4.45%  (0.0 s)
Converged after 19 iterations (max diff = 8.858341e-09)
Mobility computation time: 71.15 ms
fig4 N=40 phi=0.025 seed=323 mfs_coarse           rel_rmse=  0.207%  lin=  0.206%  ang=  0.209%  max=   0.78%  (0.1 s)
Computing neighbor pairs for n-body correction...
no of RPY interactions: 1388
no of NN interactions: 172
[Mob_Nbody] Base velocity compute time: 2.833 ms
[Mob_Nbody] Post-base path time: 2.103 ms
fig4 N=40 phi=0.025 seed=323 M_nbody_gpu          rel_rmse=  1.823%  lin=  2.149%  ang=  0.886%  max=   4.12%  (0.0 s)
Converged after 23 iterations (max diff = 5.134363e-09)
Mobility computation time: 86.71 ms
fig4 N=40 phi=0.025 seed=324 mfs_coarse           rel_rmse=  0.404%  lin=  0.385%  ang=  0.503%  max=   1.83%  (0.1 s)
Computing neighbor pairs for n-body correction...
no of RPY interactions: 1366
no of NN interactions: 194
[Mob_Nbody] Base velocity compute time: 2.901 ms
[Mob_Nbody] Post-base path time: 2.121 ms
fig4 N=40 phi=0.025 seed=324 M_nbody_gpu          rel_rmse=  2.303%  lin=  2.334%  ang=  2.109%  max=   4.48%  (0.0 s)
Converged after 20 iterations (max diff = 3.735528e-09)
Mobility computation time: 75.41 ms
fig4 N=40 phi=0.025 seed=325 mfs_coarse           rel_rmse=  0.199%  lin=  0.150%  ang=  0.357%  max=   0.97%  (0.1 s)
Computing neighbor pairs for n-body correction...
no of RPY interactions: 1408
no of NN interactions: 152
[Mob_Nbody] Base velocity compute time: 2.905 ms
[Mob_Nbody] Post-base path time: 2.137 ms
fig4 N=40 phi=0.025 seed=325 M_nbody_gpu          rel_rmse=  1.076%  lin=  1.083%  ang=  1.041%  max=   3.32%  (0.0 s)
Converged after 23 iterations (max diff = 8.470921e-09)
Mobility computation time: 86.20 ms
fig4 N=40 phi=0.025 seed=326 mfs_coarse           rel_rmse=  0.591%  lin=  0.419%  ang=  0.870%  max=   2.37%  (0.1 s)
Computing neighbor pairs for n-body correction...
no of RPY interactions: 1388
no of NN interactions: 172
[Mob_Nbody] Base velocity compute time: 2.853 ms
[Mob_Nbody] Post-base path time: 2.093 ms
fig4 N=40 phi=0.025 seed=326 M_nbody_gpu          rel_rmse=  1.764%  lin=  1.978%  ang=  1.107%  max=   3.41%  (0.0 s)
Converged after 14 iterations (max diff = 1.768530e-09)
Mobility computation time: 52.47 ms
fig4 N=40 phi=0.025 seed=327 mfs_coarse           rel_rmse=  0.033%  lin=  0.030%  ang=  0.044%  max=   0.14%  (0.1 s)
Computing neighbor pairs for n-body correction...
no of RPY interactions: 1362
no of NN interactions: 198
[Mob_Nbody] Base velocity compute time: 2.895 ms
[Mob_Nbody] Post-base path time: 2.083 ms
fig4 N=40 phi=0.025 seed=327 M_nbody_gpu          rel_rmse=  1.269%  lin=  1.310%  ang=  1.039%  max=   2.12%  (0.0 s)
Converged after 24 iterations (max diff = 6.408645e-09)
Mobility computation time: 89.42 ms
fig4 N=40 phi=0.025 seed=328 mfs_coarse           rel_rmse=  0.668%  lin=  0.752%  ang=  0.461%  max=   1.93%  (0.1 s)
Computing neighbor pairs for n-body correction...
no of RPY interactions: 1352
no of NN interactions: 208
[Mob_Nbody] Base velocity compute time: 2.895 ms
[Mob_Nbody] Post-base path time: 2.112 ms
fig4 N=40 phi=0.025 seed=328 M_nbody_gpu          rel_rmse=  2.426%  lin=  2.775%  ang=  1.511%  max=   7.89%  (0.0 s)
Converged after 24 iterations (max diff = 5.620985e-09)
Mobility computation time: 89.25 ms
fig4 N=40 phi=0.025 seed=329 mfs_coarse           rel_rmse=  0.377%  lin=  0.290%  ang=  0.487%  max=   1.30%  (0.1 s)
Computing neighbor pairs for n-body correction...
no of RPY interactions: 1354
no of NN interactions: 206
[Mob_Nbody] Base velocity compute time: 2.896 ms
[Mob_Nbody] Post-base path time: 2.119 ms
fig4 N=40 phi=0.025 seed=329 M_nbody_gpu          rel_rmse=  1.805%  lin=  2.144%  ang=  1.021%  max=   5.29%  (0.0 s)
Converged after 22 iterations (max diff = 5.234708e-09)
Mobility computation time: 82.60 ms
fig4 N=40 phi=0.025 seed=330 mfs_coarse           rel_rmse=  0.145%  lin=  0.153%  ang=  0.098%  max=   0.53%  (0.1 s)
Computing neighbor pairs for n-body correction...
no of RPY interactions: 1370
no of NN interactions: 190
[Mob_Nbody] Base velocity compute time: 2.914 ms
[Mob_Nbody] Post-base path time: 2.148 ms
fig4 N=40 phi=0.025 seed=330 M_nbody_gpu          rel_rmse=  1.682%  lin=  1.773%  ang=  1.159%  max=   4.28%  (0.0 s)
Converged after 22 iterations (max diff = 7.108020e-09)
Mobility computation time: 82.21 ms
fig4 N=40 phi=0.025 seed=331 mfs_coarse           rel_rmse=  0.767%  lin=  0.835%  ang=  0.602%  max=   3.02%  (0.1 s)
Computing neighbor pairs for n-body correction...
no of RPY interactions: 1344
no of NN interactions: 216
[Mob_Nbody] Base velocity compute time: 2.898 ms
[Mob_Nbody] Post-base path time: 2.110 ms
fig4 N=40 phi=0.025 seed=331 M_nbody_gpu          rel_rmse=  2.270%  lin=  2.579%  ang=  1.440%  max=   7.67%  (0.0 s)
Converged after 23 iterations (max diff = 3.931026e-09)
Mobility computation time: 85.84 ms
fig4 N=40 phi=0.025 seed=332 mfs_coarse           rel_rmse=  0.375%  lin=  0.279%  ang=  0.528%  max=   2.21%  (0.1 s)
Computing neighbor pairs for n-body correction...
no of RPY interactions: 1374
no of NN interactions: 186
[Mob_Nbody] Base velocity compute time: 2.890 ms
[Mob_Nbody] Post-base path time: 2.126 ms
fig4 N=40 phi=0.025 seed=332 M_nbody_gpu          rel_rmse=  2.101%  lin=  2.338%  ang=  1.450%  max=   3.97%  (0.0 s)
Converged after 21 iterations (max diff = 5.902073e-09)
Mobility computation time: 97.24 ms
fig4 N=50 phi=0.025 seed=423 mfs_coarse           rel_rmse=  0.254%  lin=  0.211%  ang=  0.354%  max=   1.16%  (0.1 s)
Computing neighbor pairs for n-body correction...
no of RPY interactions: 2234
no of NN interactions: 216
[Mob_Nbody] Base velocity compute time: 2.867 ms
[Mob_Nbody] Post-base path time: 2.116 ms
fig4 N=50 phi=0.025 seed=423 M_nbody_gpu          rel_rmse=  1.922%  lin=  2.107%  ang=  1.192%  max=   4.15%  (0.0 s)
Converged after 16 iterations (max diff = 3.580058e-09)
Mobility computation time: 74.31 ms
fig4 N=50 phi=0.025 seed=424 mfs_coarse           rel_rmse=  0.076%  lin=  0.072%  ang=  0.086%  max=   0.29%  (0.1 s)
Computing neighbor pairs for n-body correction...
no of RPY interactions: 2202
no of NN interactions: 248
[Mob_Nbody] Base velocity compute time: 2.904 ms
[Mob_Nbody] Post-base path time: 2.189 ms
fig4 N=50 phi=0.025 seed=424 M_nbody_gpu          rel_rmse=  1.743%  lin=  1.944%  ang=  1.038%  max=   7.40%  (0.0 s)
Converged after 21 iterations (max diff = 4.534289e-09)
Mobility computation time: 96.73 ms
fig4 N=50 phi=0.025 seed=425 mfs_coarse           rel_rmse=  0.187%  lin=  0.171%  ang=  0.219%  max=   0.77%  (0.1 s)
Computing neighbor pairs for n-body correction...
no of RPY interactions: 2222
no of NN interactions: 228
[Mob_Nbody] Base velocity compute time: 2.905 ms
[Mob_Nbody] Post-base path time: 2.121 ms
fig4 N=50 phi=0.025 seed=425 M_nbody_gpu          rel_rmse=  1.956%  lin=  2.051%  ang=  1.706%  max=   4.78%  (0.0 s)
Converged after 23 iterations (max diff = 6.841762e-09)
Mobility computation time: 106.50 ms
fig4 N=50 phi=0.025 seed=426 mfs_coarse           rel_rmse=  0.315%  lin=  0.319%  ang=  0.301%  max=   1.45%  (0.1 s)
Computing neighbor pairs for n-body correction...
no of RPY interactions: 2174
no of NN interactions: 276
[Mob_Nbody] Base velocity compute time: 2.901 ms
[Mob_Nbody] Post-base path time: 2.119 ms
fig4 N=50 phi=0.025 seed=426 M_nbody_gpu          rel_rmse=  1.569%  lin=  1.699%  ang=  0.953%  max=   4.92%  (0.0 s)
Converged after 24 iterations (max diff = 4.093034e-09)
Mobility computation time: 111.09 ms
fig4 N=50 phi=0.025 seed=427 mfs_coarse           rel_rmse=  0.569%  lin=  0.617%  ang=  0.466%  max=   2.51%  (0.1 s)
Computing neighbor pairs for n-body correction...
no of RPY interactions: 2236
no of NN interactions: 214
[Mob_Nbody] Base velocity compute time: 2.930 ms
[Mob_Nbody] Post-base path time: 2.120 ms
fig4 N=50 phi=0.025 seed=427 M_nbody_gpu          rel_rmse=  2.093%  lin=  2.440%  ang=  1.217%  max=   6.95%  (0.0 s)
Converged after 20 iterations (max diff = 3.329605e-09)
Mobility computation time: 92.59 ms
fig4 N=50 phi=0.025 seed=428 mfs_coarse           rel_rmse=  0.168%  lin=  0.124%  ang=  0.269%  max=   0.70%  (0.1 s)
Computing neighbor pairs for n-body correction...
no of RPY interactions: 2238
no of NN interactions: 212
[Mob_Nbody] Base velocity compute time: 2.911 ms
[Mob_Nbody] Post-base path time: 2.122 ms
fig4 N=50 phi=0.025 seed=428 M_nbody_gpu          rel_rmse=  1.326%  lin=  1.434%  ang=  0.860%  max=   3.49%  (0.0 s)
Converged after 15 iterations (max diff = 3.593377e-09)
Mobility computation time: 69.69 ms
fig4 N=50 phi=0.025 seed=429 mfs_coarse           rel_rmse=  0.110%  lin=  0.129%  ang=  0.066%  max=   0.43%  (0.1 s)
Computing neighbor pairs for n-body correction...
no of RPY interactions: 2206
no of NN interactions: 244
[Mob_Nbody] Base velocity compute time: 2.887 ms
[Mob_Nbody] Post-base path time: 2.127 ms
fig4 N=50 phi=0.025 seed=429 M_nbody_gpu          rel_rmse=  1.973%  lin=  2.437%  ang=  0.785%  max=   8.93%  (0.0 s)
Converged after 18 iterations (max diff = 4.014221e-09)
Mobility computation time: 83.69 ms
fig4 N=50 phi=0.025 seed=430 mfs_coarse           rel_rmse=  0.091%  lin=  0.092%  ang=  0.086%  max=   0.43%  (0.1 s)
Computing neighbor pairs for n-body correction...
no of RPY interactions: 2228
no of NN interactions: 222
[Mob_Nbody] Base velocity compute time: 2.914 ms
[Mob_Nbody] Post-base path time: 2.133 ms
fig4 N=50 phi=0.025 seed=430 M_nbody_gpu          rel_rmse=  1.560%  lin=  1.688%  ang=  1.092%  max=   5.38%  (0.0 s)
Converged after 21 iterations (max diff = 3.375158e-09)
Mobility computation time: 96.81 ms
fig4 N=50 phi=0.025 seed=431 mfs_coarse           rel_rmse=  0.285%  lin=  0.171%  ang=  0.474%  max=   0.93%  (0.1 s)
Computing neighbor pairs for n-body correction...
no of RPY interactions: 2244
no of NN interactions: 206
[Mob_Nbody] Base velocity compute time: 2.859 ms
[Mob_Nbody] Post-base path time: 2.113 ms
fig4 N=50 phi=0.025 seed=431 M_nbody_gpu          rel_rmse=  1.737%  lin=  1.952%  ang=  0.915%  max=   4.96%  (0.0 s)
Converged after 22 iterations (max diff = 6.533751e-09)
Mobility computation time: 102.20 ms
fig4 N=50 phi=0.025 seed=432 mfs_coarse           rel_rmse=  0.318%  lin=  0.252%  ang=  0.457%  max=   1.35%  (0.1 s)
Computing neighbor pairs for n-body correction...
no of RPY interactions: 2208
no of NN interactions: 242
[Mob_Nbody] Base velocity compute time: 2.898 ms
[Mob_Nbody] Post-base path time: 2.128 ms
fig4 N=50 phi=0.025 seed=432 M_nbody_gpu          rel_rmse=  1.670%  lin=  1.829%  ang=  1.096%  max=   4.60%  (0.0 s)
Converged after 24 iterations (max diff = 4.389070e-09)
Mobility computation time: 132.36 ms
fig4 N=60 phi=0.025 seed=523 mfs_coarse           rel_rmse=  0.294%  lin=  0.145%  ang=  0.535%  max=   1.31%  (0.1 s)
Computing neighbor pairs for n-body correction...
no of RPY interactions: 3224
no of NN interactions: 316
[Mob_Nbody] Base velocity compute time: 2.911 ms
[Mob_Nbody] Post-base path time: 2.148 ms
fig4 N=60 phi=0.025 seed=523 M_nbody_gpu          rel_rmse=  1.524%  lin=  1.631%  ang=  1.134%  max=   4.33%  (0.0 s)
Converged after 21 iterations (max diff = 6.288625e-09)
Mobility computation time: 117.23 ms
fig4 N=60 phi=0.025 seed=524 mfs_coarse           rel_rmse=  0.178%  lin=  0.137%  ang=  0.279%  max=   0.66%  (0.1 s)
Computing neighbor pairs for n-body correction...
no of RPY interactions: 3274
no of NN interactions: 266
[Mob_Nbody] Base velocity compute time: 2.916 ms
[Mob_Nbody] Post-base path time: 2.133 ms
fig4 N=60 phi=0.025 seed=524 M_nbody_gpu          rel_rmse=  1.560%  lin=  1.693%  ang=  0.938%  max=   4.03%  (0.0 s)
Converged after 23 iterations (max diff = 7.748811e-09)
Mobility computation time: 126.84 ms
fig4 N=60 phi=0.025 seed=525 mfs_coarse           rel_rmse=  0.207%  lin=  0.145%  ang=  0.370%  max=   0.89%  (0.1 s)
Computing neighbor pairs for n-body correction...
no of RPY interactions: 3280
no of NN interactions: 260
[Mob_Nbody] Base velocity compute time: 2.908 ms
[Mob_Nbody] Post-base path time: 2.130 ms
fig4 N=60 phi=0.025 seed=525 M_nbody_gpu          rel_rmse=  1.430%  lin=  1.433%  ang=  1.420%  max=   3.06%  (0.0 s)
Converged after 22 iterations (max diff = 3.239371e-09)
Mobility computation time: 121.24 ms
fig4 N=60 phi=0.025 seed=526 mfs_coarse           rel_rmse=  0.197%  lin=  0.178%  ang=  0.253%  max=   1.09%  (0.1 s)
Computing neighbor pairs for n-body correction...
no of RPY interactions: 3266
no of NN interactions: 274
[Mob_Nbody] Base velocity compute time: 2.914 ms
[Mob_Nbody] Post-base path time: 2.151 ms
fig4 N=60 phi=0.025 seed=526 M_nbody_gpu          rel_rmse=  1.705%  lin=  1.831%  ang=  1.126%  max=   3.87%  (0.0 s)
Converged after 23 iterations (max diff = 5.134627e-09)
Mobility computation time: 126.85 ms
fig4 N=60 phi=0.025 seed=527 mfs_coarse           rel_rmse=  0.319%  lin=  0.270%  ang=  0.438%  max=   1.42%  (0.1 s)
Computing neighbor pairs for n-body correction...
no of RPY interactions: 3242
no of NN interactions: 298
[Mob_Nbody] Base velocity compute time: 2.922 ms
[Mob_Nbody] Post-base path time: 2.142 ms
fig4 N=60 phi=0.025 seed=527 M_nbody_gpu          rel_rmse=  2.380%  lin=  2.652%  ang=  1.194%  max=   5.22%  (0.0 s)
Converged after 22 iterations (max diff = 4.675382e-09)
Mobility computation time: 122.19 ms
fig4 N=60 phi=0.025 seed=528 mfs_coarse           rel_rmse=  0.241%  lin=  0.120%  ang=  0.384%  max=   0.96%  (0.1 s)
Computing neighbor pairs for n-body correction...
no of RPY interactions: 3276
no of NN interactions: 264
[Mob_Nbody] Base velocity compute time: 2.898 ms
[Mob_Nbody] Post-base path time: 2.137 ms
fig4 N=60 phi=0.025 seed=528 M_nbody_gpu          rel_rmse=  1.630%  lin=  1.918%  ang=  0.751%  max=   3.85%  (0.0 s)
Converged after 24 iterations (max diff = 4.977279e-09)
Mobility computation time: 132.58 ms
fig4 N=60 phi=0.025 seed=529 mfs_coarse           rel_rmse=  0.985%  lin=  0.916%  ang=  1.123%  max=   4.76%  (0.1 s)
Computing neighbor pairs for n-body correction...
no of RPY interactions: 3164
no of NN interactions: 376
[Mob_Nbody] Base velocity compute time: 2.902 ms
[Mob_Nbody] Post-base path time: 2.143 ms
fig4 N=60 phi=0.025 seed=529 M_nbody_gpu          rel_rmse=  3.067%  lin=  3.473%  ang=  1.865%  max=   9.60%  (0.0 s)
Converged after 23 iterations (max diff = 7.291321e-09)
Mobility computation time: 126.71 ms
fig4 N=60 phi=0.025 seed=530 mfs_coarse           rel_rmse=  0.377%  lin=  0.232%  ang=  0.643%  max=   1.45%  (0.1 s)
Computing neighbor pairs for n-body correction...
no of RPY interactions: 3284
no of NN interactions: 256
[Mob_Nbody] Base velocity compute time: 2.893 ms
[Mob_Nbody] Post-base path time: 2.203 ms
fig4 N=60 phi=0.025 seed=530 M_nbody_gpu          rel_rmse=  1.912%  lin=  2.094%  ang=  1.182%  max=   6.57%  (0.0 s)
Converged after 24 iterations (max diff = 5.798147e-09)
Mobility computation time: 132.52 ms
fig4 N=60 phi=0.025 seed=531 mfs_coarse           rel_rmse=  0.315%  lin=  0.308%  ang=  0.365%  max=   1.69%  (0.1 s)
Computing neighbor pairs for n-body correction...
no of RPY interactions: 3272
no of NN interactions: 268
[Mob_Nbody] Base velocity compute time: 2.900 ms
[Mob_Nbody] Post-base path time: 2.135 ms
fig4 N=60 phi=0.025 seed=531 M_nbody_gpu          rel_rmse=  1.344%  lin=  1.391%  ang=  0.951%  max=   4.32%  (0.0 s)
Converged after 20 iterations (max diff = 8.117296e-09)
Mobility computation time: 110.75 ms
fig4 N=60 phi=0.025 seed=532 mfs_coarse           rel_rmse=  0.156%  lin=  0.096%  ang=  0.299%  max=   0.60%  (0.1 s)
Computing neighbor pairs for n-body correction...
no of RPY interactions: 3226
no of NN interactions: 314
[Mob_Nbody] Base velocity compute time: 2.919 ms
[Mob_Nbody] Post-base path time: 2.151 ms
fig4 N=60 phi=0.025 seed=532 M_nbody_gpu          rel_rmse=  1.958%  lin=  2.116%  ang=  1.029%  max=   3.62%  (0.0 s)
Converged after 24 iterations (max diff = 5.383552e-09)
Mobility computation time: 156.30 ms
fig4 N=70 phi=0.025 seed=623 mfs_coarse           rel_rmse=  0.744%  lin=  0.783%  ang=  0.665%  max=   4.53%  (0.2 s)
Computing neighbor pairs for n-body correction...
no of RPY interactions: 4530
no of NN interactions: 300
[Mob_Nbody] Base velocity compute time: 3.109 ms
[Mob_Nbody] Post-base path time: 2.305 ms
fig4 N=70 phi=0.025 seed=623 M_nbody_gpu          rel_rmse=  2.425%  lin=  2.796%  ang=  1.514%  max=   7.42%  (0.0 s)
Converged after 24 iterations (max diff = 2.809107e-09)
Mobility computation time: 153.91 ms
fig4 N=70 phi=0.025 seed=624 mfs_coarse           rel_rmse=  0.398%  lin=  0.398%  ang=  0.396%  max=   1.62%  (0.2 s)
Computing neighbor pairs for n-body correction...
no of RPY interactions: 4540
no of NN interactions: 290
[Mob_Nbody] Base velocity compute time: 2.927 ms
[Mob_Nbody] Post-base path time: 2.126 ms
fig4 N=70 phi=0.025 seed=624 M_nbody_gpu          rel_rmse=  1.700%  lin=  1.876%  ang=  1.119%  max=   3.64%  (0.0 s)
Converged after 24 iterations (max diff = 3.377840e-09)
Mobility computation time: 153.58 ms
fig4 N=70 phi=0.025 seed=625 mfs_coarse           rel_rmse=  0.625%  lin=  0.542%  ang=  0.874%  max=   3.75%  (0.2 s)
Computing neighbor pairs for n-body correction...
no of RPY interactions: 4506
no of NN interactions: 324
[Mob_Nbody] Base velocity compute time: 2.922 ms
[Mob_Nbody] Post-base path time: 2.139 ms
fig4 N=70 phi=0.025 seed=625 M_nbody_gpu          rel_rmse=  1.962%  lin=  2.099%  ang=  1.315%  max=   6.99%  (0.0 s)
Converged after 20 iterations (max diff = 9.148579e-09)
Mobility computation time: 128.68 ms
fig4 N=70 phi=0.025 seed=626 mfs_coarse           rel_rmse=  0.266%  lin=  0.264%  ang=  0.271%  max=   1.29%  (0.1 s)
Computing neighbor pairs for n-body correction...
no of RPY interactions: 4518
no of NN interactions: 312
[Mob_Nbody] Base velocity compute time: 2.921 ms
[Mob_Nbody] Post-base path time: 2.142 ms
fig4 N=70 phi=0.025 seed=626 M_nbody_gpu          rel_rmse=  1.924%  lin=  2.270%  ang=  0.855%  max=   5.64%  (0.0 s)
Converged after 23 iterations (max diff = 4.298270e-09)
Mobility computation time: 147.42 ms
fig4 N=70 phi=0.025 seed=627 mfs_coarse           rel_rmse=  0.470%  lin=  0.334%  ang=  0.688%  max=   2.42%  (0.1 s)
Computing neighbor pairs for n-body correction...
no of RPY interactions: 4518
no of NN interactions: 312
[Mob_Nbody] Base velocity compute time: 2.850 ms
[Mob_Nbody] Post-base path time: 2.106 ms
fig4 N=70 phi=0.025 seed=627 M_nbody_gpu          rel_rmse=  1.757%  lin=  2.004%  ang=  0.974%  max=   3.79%  (0.0 s)
Converged after 21 iterations (max diff = 2.940296e-09)
Mobility computation time: 134.61 ms
fig4 N=70 phi=0.025 seed=628 mfs_coarse           rel_rmse=  0.220%  lin=  0.223%  ang=  0.211%  max=   0.89%  (0.1 s)
Computing neighbor pairs for n-body correction...
no of RPY interactions: 4456
no of NN interactions: 374
[Mob_Nbody] Base velocity compute time: 2.899 ms
[Mob_Nbody] Post-base path time: 2.169 ms
fig4 N=70 phi=0.025 seed=628 M_nbody_gpu          rel_rmse=  2.028%  lin=  2.241%  ang=  1.281%  max=   6.50%  (0.0 s)
Converged after 23 iterations (max diff = 2.956058e-09)
Mobility computation time: 147.65 ms
fig4 N=70 phi=0.025 seed=629 mfs_coarse           rel_rmse=  0.357%  lin=  0.324%  ang=  0.427%  max=   2.04%  (0.1 s)
Computing neighbor pairs for n-body correction...
no of RPY interactions: 4494
no of NN interactions: 336
[Mob_Nbody] Base velocity compute time: 2.909 ms
[Mob_Nbody] Post-base path time: 2.143 ms
fig4 N=70 phi=0.025 seed=629 M_nbody_gpu          rel_rmse=  1.684%  lin=  1.907%  ang=  0.919%  max=   4.32%  (0.0 s)
Converged after 21 iterations (max diff = 3.709476e-09)
Mobility computation time: 134.34 ms
fig4 N=70 phi=0.025 seed=630 mfs_coarse           rel_rmse=  0.255%  lin=  0.257%  ang=  0.247%  max=   2.50%  (0.1 s)
Computing neighbor pairs for n-body correction...
no of RPY interactions: 4512
no of NN interactions: 318
[Mob_Nbody] Base velocity compute time: 2.933 ms
[Mob_Nbody] Post-base path time: 2.142 ms
fig4 N=70 phi=0.025 seed=630 M_nbody_gpu          rel_rmse=  1.706%  lin=  1.917%  ang=  0.889%  max=   4.55%  (0.0 s)
Converged after 22 iterations (max diff = 6.743213e-09)
Mobility computation time: 141.11 ms
fig4 N=70 phi=0.025 seed=631 mfs_coarse           rel_rmse=  0.277%  lin=  0.270%  ang=  0.291%  max=   1.19%  (0.1 s)
Computing neighbor pairs for n-body correction...
no of RPY interactions: 4468
no of NN interactions: 362
[Mob_Nbody] Base velocity compute time: 2.921 ms
[Mob_Nbody] Post-base path time: 2.159 ms
fig4 N=70 phi=0.025 seed=631 M_nbody_gpu          rel_rmse=  2.088%  lin=  2.428%  ang=  1.086%  max=   5.84%  (0.0 s)
Converged after 24 iterations (max diff = 3.998499e-09)
Mobility computation time: 154.44 ms
fig4 N=70 phi=0.025 seed=632 mfs_coarse           rel_rmse=  0.536%  lin=  0.633%  ang=  0.308%  max=   4.68%  (0.2 s)
Computing neighbor pairs for n-body correction...
no of RPY interactions: 4484
no of NN interactions: 346
[Mob_Nbody] Base velocity compute time: 2.910 ms
[Mob_Nbody] Post-base path time: 2.148 ms
fig4 N=70 phi=0.025 seed=632 M_nbody_gpu          rel_rmse=  2.188%  lin=  2.644%  ang=  1.030%  max=   6.39%  (0.0 s)
Converged after 22 iterations (max diff = 8.532970e-09)
Mobility computation time: 160.30 ms
fig4 N=80 phi=0.025 seed=723 mfs_coarse           rel_rmse=  0.696%  lin=  0.812%  ang=  0.416%  max=   4.46%  (0.2 s)
Computing neighbor pairs for n-body correction...
no of RPY interactions: 5966
no of NN interactions: 354
[Mob_Nbody] Base velocity compute time: 3.236 ms
[Mob_Nbody] Post-base path time: 2.143 ms
fig4 N=80 phi=0.025 seed=723 M_nbody_gpu          rel_rmse=  1.929%  lin=  2.259%  ang=  1.119%  max=   7.02%  (0.0 s)
Converged after 26 iterations (max diff = 6.971563e-09)
Mobility computation time: 190.54 ms
fig4 N=80 phi=0.025 seed=724 mfs_coarse           rel_rmse=  0.537%  lin=  0.484%  ang=  0.722%  max=   4.15%  (0.2 s)
Computing neighbor pairs for n-body correction...
no of RPY interactions: 5922
no of NN interactions: 398
[Mob_Nbody] Base velocity compute time: 2.918 ms
[Mob_Nbody] Post-base path time: 2.154 ms
fig4 N=80 phi=0.025 seed=724 M_nbody_gpu          rel_rmse=  1.729%  lin=  1.781%  ang=  1.490%  max=   6.37%  (0.0 s)
Converged after 18 iterations (max diff = 7.345942e-09)
Mobility computation time: 132.51 ms
fig4 N=80 phi=0.025 seed=725 mfs_coarse           rel_rmse=  0.082%  lin=  0.046%  ang=  0.171%  max=   0.44%  (0.1 s)
Computing neighbor pairs for n-body correction...
no of RPY interactions: 5958
no of NN interactions: 362
[Mob_Nbody] Base velocity compute time: 2.848 ms
[Mob_Nbody] Post-base path time: 2.102 ms
fig4 N=80 phi=0.025 seed=725 M_nbody_gpu          rel_rmse=  1.377%  lin=  1.457%  ang=  0.884%  max=   3.88%  (0.0 s)
Converged after 24 iterations (max diff = 4.234254e-09)
Mobility computation time: 175.64 ms
fig4 N=80 phi=0.025 seed=726 mfs_coarse           rel_rmse=  0.414%  lin=  0.348%  ang=  0.580%  max=   2.19%  (0.2 s)
Computing neighbor pairs for n-body correction...
no of RPY interactions: 5952
no of NN interactions: 368
[Mob_Nbody] Base velocity compute time: 2.904 ms
[Mob_Nbody] Post-base path time: 2.153 ms
fig4 N=80 phi=0.025 seed=726 M_nbody_gpu          rel_rmse=  1.713%  lin=  1.844%  ang=  1.193%  max=   4.05%  (0.0 s)
Converged after 25 iterations (max diff = 3.631859e-09)
Mobility computation time: 182.93 ms
fig4 N=80 phi=0.025 seed=727 mfs_coarse           rel_rmse=  0.531%  lin=  0.504%  ang=  0.623%  max=   3.00%  (0.2 s)
Computing neighbor pairs for n-body correction...
no of RPY interactions: 5988
no of NN interactions: 332
[Mob_Nbody] Base velocity compute time: 2.903 ms
[Mob_Nbody] Post-base path time: 2.157 ms
fig4 N=80 phi=0.025 seed=727 M_nbody_gpu          rel_rmse=  1.627%  lin=  1.698%  ang=  1.313%  max=   6.04%  (0.0 s)
Converged after 23 iterations (max diff = 8.004511e-09)
Mobility computation time: 168.79 ms
fig4 N=80 phi=0.025 seed=728 mfs_coarse           rel_rmse=  0.374%  lin=  0.343%  ang=  0.493%  max=   1.80%  (0.2 s)
Computing neighbor pairs for n-body correction...
no of RPY interactions: 5936
no of NN interactions: 384
[Mob_Nbody] Base velocity compute time: 2.921 ms
[Mob_Nbody] Post-base path time: 2.160 ms
fig4 N=80 phi=0.025 seed=728 M_nbody_gpu          rel_rmse=  1.734%  lin=  1.813%  ang=  1.305%  max=   4.41%  (0.0 s)
Converged after 25 iterations (max diff = 9.889053e-09)
Mobility computation time: 183.35 ms
fig4 N=80 phi=0.025 seed=729 mfs_coarse           rel_rmse=  0.531%  lin=  0.527%  ang=  0.543%  max=   3.46%  (0.2 s)
Computing neighbor pairs for n-body correction...
no of RPY interactions: 5872
no of NN interactions: 448
[Mob_Nbody] Base velocity compute time: 2.923 ms
[Mob_Nbody] Post-base path time: 2.162 ms
fig4 N=80 phi=0.025 seed=729 M_nbody_gpu          rel_rmse=  1.951%  lin=  1.991%  ang=  1.773%  max=   4.70%  (0.0 s)
Converged after 26 iterations (max diff = 2.846783e-09)
Mobility computation time: 190.17 ms
fig4 N=80 phi=0.025 seed=730 mfs_coarse           rel_rmse=  0.433%  lin=  0.340%  ang=  0.683%  max=   2.33%  (0.2 s)
Computing neighbor pairs for n-body correction...
no of RPY interactions: 5922
no of NN interactions: 398
[Mob_Nbody] Base velocity compute time: 2.872 ms
[Mob_Nbody] Post-base path time: 2.104 ms
fig4 N=80 phi=0.025 seed=730 M_nbody_gpu          rel_rmse=  1.699%  lin=  1.811%  ang=  1.171%  max=   4.55%  (0.0 s)
Converged after 25 iterations (max diff = 4.192898e-09)
Mobility computation time: 183.66 ms
fig4 N=80 phi=0.025 seed=731 mfs_coarse           rel_rmse=  0.400%  lin=  0.390%  ang=  0.426%  max=   1.65%  (0.2 s)
Computing neighbor pairs for n-body correction...
no of RPY interactions: 5918
no of NN interactions: 402
[Mob_Nbody] Base velocity compute time: 2.915 ms
[Mob_Nbody] Post-base path time: 2.151 ms
fig4 N=80 phi=0.025 seed=731 M_nbody_gpu          rel_rmse=  1.910%  lin=  2.152%  ang=  1.077%  max=   6.87%  (0.0 s)
Converged after 26 iterations (max diff = 6.013865e-09)
Mobility computation time: 190.87 ms
fig4 N=80 phi=0.025 seed=732 mfs_coarse           rel_rmse=  0.375%  lin=  0.292%  ang=  0.507%  max=   2.05%  (0.2 s)
Computing neighbor pairs for n-body correction...
no of RPY interactions: 5934
no of NN interactions: 386
[Mob_Nbody] Base velocity compute time: 2.906 ms
[Mob_Nbody] Post-base path time: 2.173 ms
fig4 N=80 phi=0.025 seed=732 M_nbody_gpu          rel_rmse=  2.344%  lin=  2.730%  ang=  1.169%  max=   5.80%  (0.0 s)
Converged after 24 iterations (max diff = 9.950085e-09)
Mobility computation time: 196.64 ms
fig4 N=90 phi=0.025 seed=823 mfs_coarse           rel_rmse=  0.497%  lin=  0.468%  ang=  0.613%  max=   3.10%  (0.2 s)
Computing neighbor pairs for n-body correction...
no of RPY interactions: 7576
no of NN interactions: 434
[Mob_Nbody] Base velocity compute time: 2.915 ms
[Mob_Nbody] Post-base path time: 2.144 ms
fig4 N=90 phi=0.025 seed=823 M_nbody_gpu          rel_rmse=  1.859%  lin=  1.949%  ang=  1.374%  max=   6.03%  (0.0 s)
Converged after 21 iterations (max diff = 4.598088e-09)
Mobility computation time: 173.71 ms
fig4 N=90 phi=0.025 seed=824 mfs_coarse           rel_rmse=  0.276%  lin=  0.297%  ang=  0.205%  max=   2.04%  (0.2 s)
Computing neighbor pairs for n-body correction...
no of RPY interactions: 7590
no of NN interactions: 420
[Mob_Nbody] Base velocity compute time: 2.934 ms
[Mob_Nbody] Post-base path time: 2.149 ms
fig4 N=90 phi=0.025 seed=824 M_nbody_gpu          rel_rmse=  1.806%  lin=  1.996%  ang=  1.088%  max=   5.09%  (0.0 s)
Converged after 24 iterations (max diff = 8.255338e-09)
Mobility computation time: 197.62 ms
fig4 N=90 phi=0.025 seed=825 mfs_coarse           rel_rmse=  0.477%  lin=  0.496%  ang=  0.422%  max=   2.21%  (0.2 s)
Computing neighbor pairs for n-body correction...
no of RPY interactions: 7610
no of NN interactions: 400
[Mob_Nbody] Base velocity compute time: 2.971 ms
[Mob_Nbody] Post-base path time: 2.165 ms
fig4 N=90 phi=0.025 seed=825 M_nbody_gpu          rel_rmse=  2.228%  lin=  2.429%  ang=  1.591%  max=   6.78%  (0.0 s)
Converged after 21 iterations (max diff = 5.929047e-09)
Mobility computation time: 173.92 ms
fig4 N=90 phi=0.025 seed=826 mfs_coarse           rel_rmse=  0.335%  lin=  0.321%  ang=  0.378%  max=   3.53%  (0.2 s)
Computing neighbor pairs for n-body correction...
no of RPY interactions: 7620
no of NN interactions: 390
[Mob_Nbody] Base velocity compute time: 2.930 ms
[Mob_Nbody] Post-base path time: 2.129 ms
fig4 N=90 phi=0.025 seed=826 M_nbody_gpu          rel_rmse=  1.992%  lin=  2.189%  ang=  1.170%  max=   7.14%  (0.0 s)
Converged after 24 iterations (max diff = 4.853437e-09)
Mobility computation time: 197.71 ms
fig4 N=90 phi=0.025 seed=827 mfs_coarse           rel_rmse=  0.337%  lin=  0.234%  ang=  0.647%  max=   3.64%  (0.2 s)
Computing neighbor pairs for n-body correction...
no of RPY interactions: 7590
no of NN interactions: 420
[Mob_Nbody] Base velocity compute time: 2.858 ms
[Mob_Nbody] Post-base path time: 2.121 ms
fig4 N=90 phi=0.025 seed=827 M_nbody_gpu          rel_rmse=  1.349%  lin=  1.407%  ang=  0.994%  max=   3.59%  (0.0 s)
Converged after 23 iterations (max diff = 9.962092e-09)
Mobility computation time: 189.84 ms
fig4 N=90 phi=0.025 seed=828 mfs_coarse           rel_rmse=  0.357%  lin=  0.393%  ang=  0.247%  max=   1.73%  (0.2 s)
Computing neighbor pairs for n-body correction...
no of RPY interactions: 7592
no of NN interactions: 418
[Mob_Nbody] Base velocity compute time: 2.925 ms
[Mob_Nbody] Post-base path time: 2.136 ms
fig4 N=90 phi=0.025 seed=828 M_nbody_gpu          rel_rmse=  2.294%  lin=  2.561%  ang=  1.445%  max=   5.19%  (0.0 s)
Converged after 29 iterations (max diff = 4.931649e-09)
Mobility computation time: 238.06 ms
fig4 N=90 phi=0.025 seed=829 mfs_coarse           rel_rmse=  0.379%  lin=  0.304%  ang=  0.539%  max=   2.83%  (0.2 s)
Computing neighbor pairs for n-body correction...
no of RPY interactions: 7546
no of NN interactions: 464
[Mob_Nbody] Base velocity compute time: 2.931 ms
[Mob_Nbody] Post-base path time: 2.149 ms
fig4 N=90 phi=0.025 seed=829 M_nbody_gpu          rel_rmse=  2.012%  lin=  2.199%  ang=  1.333%  max=  10.31%  (0.0 s)
Converged after 20 iterations (max diff = 6.195321e-09)
Mobility computation time: 165.07 ms
fig4 N=90 phi=0.025 seed=830 mfs_coarse           rel_rmse=  0.171%  lin=  0.162%  ang=  0.192%  max=   1.17%  (0.2 s)
Computing neighbor pairs for n-body correction...
no of RPY interactions: 7590
no of NN interactions: 420
[Mob_Nbody] Base velocity compute time: 2.868 ms
[Mob_Nbody] Post-base path time: 2.147 ms
fig4 N=90 phi=0.025 seed=830 M_nbody_gpu          rel_rmse=  1.675%  lin=  1.898%  ang=  0.824%  max=   7.94%  (0.0 s)
Converged after 22 iterations (max diff = 7.557792e-09)
Mobility computation time: 181.78 ms
fig4 N=90 phi=0.025 seed=831 mfs_coarse           rel_rmse=  0.287%  lin=  0.263%  ang=  0.334%  max=   1.98%  (0.2 s)
Computing neighbor pairs for n-body correction...
no of RPY interactions: 7606
no of NN interactions: 404
[Mob_Nbody] Base velocity compute time: 2.904 ms
[Mob_Nbody] Post-base path time: 2.228 ms
fig4 N=90 phi=0.025 seed=831 M_nbody_gpu          rel_rmse=  1.664%  lin=  1.869%  ang=  1.088%  max=   5.04%  (0.0 s)
Converged after 22 iterations (max diff = 3.351702e-09)
Mobility computation time: 181.02 ms
fig4 N=90 phi=0.025 seed=832 mfs_coarse           rel_rmse=  0.253%  lin=  0.201%  ang=  0.345%  max=   1.18%  (0.2 s)
Computing neighbor pairs for n-body correction...
no of RPY interactions: 7566
no of NN interactions: 444
[Mob_Nbody] Base velocity compute time: 2.908 ms
[Mob_Nbody] Post-base path time: 2.152 ms
fig4 N=90 phi=0.025 seed=832 M_nbody_gpu          rel_rmse=  2.454%  lin=  2.832%  ang=  1.163%  max=   5.99%  (0.0 s)
Converged after 24 iterations (max diff = 3.558599e-09)
Mobility computation time: 219.16 ms
fig4 N=100 phi=0.025 seed=923 mfs_coarse           rel_rmse=  0.394%  lin=  0.298%  ang=  0.599%  max=   2.95%  (0.2 s)
Computing neighbor pairs for n-body correction...
no of RPY interactions: 9456
no of NN interactions: 444
[Mob_Nbody] Base velocity compute time: 2.881 ms
[Mob_Nbody] Post-base path time: 2.105 ms
fig4 N=100 phi=0.025 seed=923 M_nbody_gpu          rel_rmse=  1.875%  lin=  2.025%  ang=  1.313%  max=   4.83%  (0.0 s)
Converged after 23 iterations (max diff = 7.516326e-09)
Mobility computation time: 210.96 ms
fig4 N=100 phi=0.025 seed=924 mfs_coarse           rel_rmse=  0.498%  lin=  0.468%  ang=  0.575%  max=   3.85%  (0.2 s)
Computing neighbor pairs for n-body correction...
no of RPY interactions: 9500
no of NN interactions: 400
[Mob_Nbody] Base velocity compute time: 2.863 ms
[Mob_Nbody] Post-base path time: 2.113 ms
fig4 N=100 phi=0.025 seed=924 M_nbody_gpu          rel_rmse=  2.070%  lin=  2.266%  ang=  1.368%  max=   7.17%  (0.0 s)
Converged after 22 iterations (max diff = 8.729784e-09)
Mobility computation time: 200.30 ms
fig4 N=100 phi=0.025 seed=925 mfs_coarse           rel_rmse=  0.324%  lin=  0.178%  ang=  0.549%  max=   1.88%  (0.2 s)
Computing neighbor pairs for n-body correction...
no of RPY interactions: 9396
no of NN interactions: 504
[Mob_Nbody] Base velocity compute time: 2.916 ms
[Mob_Nbody] Post-base path time: 2.141 ms
fig4 N=100 phi=0.025 seed=925 M_nbody_gpu          rel_rmse=  2.022%  lin=  2.264%  ang=  1.133%  max=   5.36%  (0.0 s)
Converged after 26 iterations (max diff = 8.411018e-09)
Mobility computation time: 237.26 ms
fig4 N=100 phi=0.025 seed=926 mfs_coarse           rel_rmse=  0.579%  lin=  0.537%  ang=  0.708%  max=   2.69%  (0.2 s)
Computing neighbor pairs for n-body correction...
no of RPY interactions: 9398
no of NN interactions: 502
[Mob_Nbody] Base velocity compute time: 2.913 ms
[Mob_Nbody] Post-base path time: 2.146 ms
fig4 N=100 phi=0.025 seed=926 M_nbody_gpu          rel_rmse=  1.764%  lin=  1.898%  ang=  1.183%  max=   8.47%  (0.0 s)
Converged after 21 iterations (max diff = 4.536712e-09)
Mobility computation time: 191.50 ms
fig4 N=100 phi=0.025 seed=927 mfs_coarse           rel_rmse=  0.295%  lin=  0.161%  ang=  0.512%  max=   2.49%  (0.2 s)
Computing neighbor pairs for n-body correction...
no of RPY interactions: 9402
no of NN interactions: 498
[Mob_Nbody] Base velocity compute time: 2.927 ms
[Mob_Nbody] Post-base path time: 2.131 ms
fig4 N=100 phi=0.025 seed=927 M_nbody_gpu          rel_rmse=  2.125%  lin=  2.366%  ang=  1.181%  max=   6.75%  (0.0 s)
Converged after 20 iterations (max diff = 6.632305e-09)
Mobility computation time: 182.77 ms
fig4 N=100 phi=0.025 seed=928 mfs_coarse           rel_rmse=  0.160%  lin=  0.139%  ang=  0.237%  max=   1.97%  (0.2 s)
Computing neighbor pairs for n-body correction...
no of RPY interactions: 9286
no of NN interactions: 614
[Mob_Nbody] Base velocity compute time: 2.911 ms
[Mob_Nbody] Post-base path time: 2.170 ms
fig4 N=100 phi=0.025 seed=928 M_nbody_gpu          rel_rmse=  2.883%  lin=  3.115%  ang=  1.299%  max=   7.94%  (0.0 s)
Converged after 22 iterations (max diff = 3.051698e-09)
Mobility computation time: 200.63 ms
fig4 N=100 phi=0.025 seed=929 mfs_coarse           rel_rmse=  0.374%  lin=  0.369%  ang=  0.384%  max=   1.82%  (0.2 s)
Computing neighbor pairs for n-body correction...
no of RPY interactions: 9380
no of NN interactions: 520
[Mob_Nbody] Base velocity compute time: 2.916 ms
[Mob_Nbody] Post-base path time: 2.135 ms
fig4 N=100 phi=0.025 seed=929 M_nbody_gpu          rel_rmse=  2.154%  lin=  2.472%  ang=  1.236%  max=   4.77%  (0.0 s)
Converged after 22 iterations (max diff = 4.953009e-09)
Mobility computation time: 200.92 ms
fig4 N=100 phi=0.025 seed=930 mfs_coarse           rel_rmse=  0.429%  lin=  0.421%  ang=  0.446%  max=   2.00%  (0.2 s)
Computing neighbor pairs for n-body correction...
no of RPY interactions: 9470
no of NN interactions: 430
[Mob_Nbody] Base velocity compute time: 2.916 ms
[Mob_Nbody] Post-base path time: 2.148 ms
fig4 N=100 phi=0.025 seed=930 M_nbody_gpu          rel_rmse=  1.959%  lin=  2.237%  ang=  1.064%  max=   5.73%  (0.0 s)
Converged after 19 iterations (max diff = 5.760062e-09)
Mobility computation time: 173.37 ms
fig4 N=100 phi=0.025 seed=931 mfs_coarse           rel_rmse=  0.248%  lin=  0.239%  ang=  0.266%  max=   2.04%  (0.2 s)
Computing neighbor pairs for n-body correction...
no of RPY interactions: 9422
no of NN interactions: 478
[Mob_Nbody] Base velocity compute time: 2.922 ms
[Mob_Nbody] Post-base path time: 2.148 ms
fig4 N=100 phi=0.025 seed=931 M_nbody_gpu          rel_rmse=  1.789%  lin=  2.045%  ang=  1.028%  max=   5.31%  (0.0 s)
Converged after 24 iterations (max diff = 5.086154e-09)
Mobility computation time: 218.31 ms
fig4 N=100 phi=0.025 seed=932 mfs_coarse           rel_rmse=  0.681%  lin=  0.623%  ang=  0.828%  max=   6.78%  (0.2 s)
Computing neighbor pairs for n-body correction...
no of RPY interactions: 9430
no of NN interactions: 470
[Mob_Nbody] Base velocity compute time: 2.909 ms
[Mob_Nbody] Post-base path time: 2.150 ms
fig4 N=100 phi=0.025 seed=932 M_nbody_gpu          rel_rmse=  2.220%  lin=  2.477%  ang=  1.176%  max=   8.29%  (0.0 s)
Converged after 22 iterations (max diff = 8.646520e-09)
Mobility computation time: 240.58 ms
fig4 N=120 phi=0.025 seed=1023 mfs_coarse           rel_rmse=  0.253%  lin=  0.253%  ang=  0.252%  max=   2.25%  (0.2 s)
Computing neighbor pairs for n-body correction...
no of RPY interactions: 13664
no of NN interactions: 616
[Mob_Nbody] Base velocity compute time: 2.937 ms
[Mob_Nbody] Post-base path time: 2.134 ms
fig4 N=120 phi=0.025 seed=1023 M_nbody_gpu          rel_rmse=  2.455%  lin=  2.674%  ang=  1.458%  max=   9.01%  (0.0 s)
Converged after 23 iterations (max diff = 5.039083e-09)
Mobility computation time: 252.59 ms
fig4 N=120 phi=0.025 seed=1024 mfs_coarse           rel_rmse=  0.276%  lin=  0.247%  ang=  0.391%  max=   2.63%  (0.3 s)
Computing neighbor pairs for n-body correction...
no of RPY interactions: 13674
no of NN interactions: 606
[Mob_Nbody] Base velocity compute time: 2.917 ms
[Mob_Nbody] Post-base path time: 2.142 ms
fig4 N=120 phi=0.025 seed=1024 M_nbody_gpu          rel_rmse=  2.249%  lin=  2.344%  ang=  1.696%  max=   7.90%  (0.0 s)
Converged after 21 iterations (max diff = 6.576167e-09)
Mobility computation time: 229.01 ms
fig4 N=120 phi=0.025 seed=1025 mfs_coarse           rel_rmse=  0.217%  lin=  0.234%  ang=  0.178%  max=   1.30%  (0.2 s)
Computing neighbor pairs for n-body correction...
no of RPY interactions: 13734
no of NN interactions: 546
[Mob_Nbody] Base velocity compute time: 2.914 ms
[Mob_Nbody] Post-base path time: 2.128 ms
fig4 N=120 phi=0.025 seed=1025 M_nbody_gpu          rel_rmse=  2.323%  lin=  2.752%  ang=  1.139%  max=   7.42%  (0.0 s)
Converged after 21 iterations (max diff = 9.943437e-09)
Mobility computation time: 230.26 ms
fig4 N=120 phi=0.025 seed=1026 mfs_coarse           rel_rmse=  0.249%  lin=  0.249%  ang=  0.249%  max=   1.36%  (0.2 s)
Computing neighbor pairs for n-body correction...
no of RPY interactions: 13724
no of NN interactions: 556
[Mob_Nbody] Base velocity compute time: 2.922 ms
[Mob_Nbody] Post-base path time: 2.119 ms
fig4 N=120 phi=0.025 seed=1026 M_nbody_gpu          rel_rmse=  2.055%  lin=  2.241%  ang=  1.169%  max=   6.60%  (0.0 s)
Converged after 25 iterations (max diff = 5.109988e-09)
Mobility computation time: 273.31 ms
fig4 N=120 phi=0.025 seed=1027 mfs_coarse           rel_rmse=  0.331%  lin=  0.204%  ang=  0.599%  max=   2.40%  (0.3 s)
Computing neighbor pairs for n-body correction...
no of RPY interactions: 13786
no of NN interactions: 494
[Mob_Nbody] Base velocity compute time: 2.911 ms
[Mob_Nbody] Post-base path time: 2.150 ms
fig4 N=120 phi=0.025 seed=1027 M_nbody_gpu          rel_rmse=  1.667%  lin=  1.816%  ang=  0.932%  max=   6.03%  (0.0 s)
Converged after 21 iterations (max diff = 8.491254e-09)
Mobility computation time: 230.56 ms
fig4 N=120 phi=0.025 seed=1028 mfs_coarse           rel_rmse=  0.134%  lin=  0.109%  ang=  0.206%  max=   0.98%  (0.2 s)
Computing neighbor pairs for n-body correction...
no of RPY interactions: 13708
no of NN interactions: 572
[Mob_Nbody] Base velocity compute time: 2.920 ms
[Mob_Nbody] Post-base path time: 2.145 ms
fig4 N=120 phi=0.025 seed=1028 M_nbody_gpu          rel_rmse=  1.746%  lin=  1.876%  ang=  1.109%  max=   6.55%  (0.0 s)
Converged after 21 iterations (max diff = 4.064870e-09)
Mobility computation time: 229.50 ms
fig4 N=120 phi=0.025 seed=1029 mfs_coarse           rel_rmse=  0.276%  lin=  0.228%  ang=  0.449%  max=   1.66%  (0.2 s)
Computing neighbor pairs for n-body correction...
no of RPY interactions: 13760
no of NN interactions: 520
[Mob_Nbody] Base velocity compute time: 2.881 ms
[Mob_Nbody] Post-base path time: 2.090 ms
fig4 N=120 phi=0.025 seed=1029 M_nbody_gpu          rel_rmse=  1.570%  lin=  1.634%  ang=  1.194%  max=   4.73%  (0.0 s)
Converged after 23 iterations (max diff = 4.413296e-09)
Mobility computation time: 252.32 ms
fig4 N=120 phi=0.025 seed=1030 mfs_coarse           rel_rmse=  0.426%  lin=  0.391%  ang=  0.506%  max=   2.47%  (0.3 s)
Computing neighbor pairs for n-body correction...
no of RPY interactions: 13688
no of NN interactions: 592
[Mob_Nbody] Base velocity compute time: 2.922 ms
[Mob_Nbody] Post-base path time: 2.147 ms
fig4 N=120 phi=0.025 seed=1030 M_nbody_gpu          rel_rmse=  2.137%  lin=  2.365%  ang=  1.367%  max=   5.67%  (0.0 s)
Converged after 25 iterations (max diff = 7.049596e-09)
Mobility computation time: 274.24 ms
fig4 N=120 phi=0.025 seed=1031 mfs_coarse           rel_rmse=  0.312%  lin=  0.296%  ang=  0.353%  max=   2.82%  (0.3 s)
Computing neighbor pairs for n-body correction...
no of RPY interactions: 13690
no of NN interactions: 590
[Mob_Nbody] Base velocity compute time: 2.935 ms
[Mob_Nbody] Post-base path time: 2.139 ms
fig4 N=120 phi=0.025 seed=1031 M_nbody_gpu          rel_rmse=  2.142%  lin=  2.413%  ang=  1.042%  max=   6.28%  (0.0 s)
Converged after 21 iterations (max diff = 3.420152e-09)
Mobility computation time: 231.09 ms
fig4 N=120 phi=0.025 seed=1032 mfs_coarse           rel_rmse=  0.281%  lin=  0.288%  ang=  0.260%  max=   1.56%  (0.2 s)
Computing neighbor pairs for n-body correction...
no of RPY interactions: 13740
no of NN interactions: 540
[Mob_Nbody] Base velocity compute time: 2.933 ms
[Mob_Nbody] Post-base path time: 2.148 ms
fig4 N=120 phi=0.025 seed=1032 M_nbody_gpu          rel_rmse=  2.104%  lin=  2.360%  ang=  0.973%  max=   6.33%  (0.0 s)
Converged after 24 iterations (max diff = 3.643625e-09)
Mobility computation time: 305.76 ms
fig4 N=140 phi=0.025 seed=1123 mfs_coarse           rel_rmse=  0.289%  lin=  0.263%  ang=  0.395%  max=   1.97%  (0.3 s)
Computing neighbor pairs for n-body correction...
no of RPY interactions: 18730
no of NN interactions: 730
[Mob_Nbody] Base velocity compute time: 2.943 ms
[Mob_Nbody] Post-base path time: 2.165 ms
fig4 N=140 phi=0.025 seed=1123 M_nbody_gpu          rel_rmse=  1.799%  lin=  1.890%  ang=  1.251%  max=   5.55%  (0.0 s)
Converged after 20 iterations (max diff = 9.866011e-09)
Mobility computation time: 254.87 ms
fig4 N=140 phi=0.025 seed=1124 mfs_coarse           rel_rmse=  0.253%  lin=  0.254%  ang=  0.250%  max=   1.16%  (0.3 s)
Computing neighbor pairs for n-body correction...
no of RPY interactions: 18784
no of NN interactions: 676
[Mob_Nbody] Base velocity compute time: 2.931 ms
[Mob_Nbody] Post-base path time: 2.120 ms
fig4 N=140 phi=0.025 seed=1124 M_nbody_gpu          rel_rmse=  1.861%  lin=  2.092%  ang=  1.163%  max=   5.48%  (0.0 s)
Converged after 24 iterations (max diff = 8.843347e-09)
Mobility computation time: 305.75 ms
fig4 N=140 phi=0.025 seed=1125 mfs_coarse           rel_rmse=  0.320%  lin=  0.232%  ang=  0.447%  max=   2.98%  (0.3 s)
Computing neighbor pairs for n-body correction...
no of RPY interactions: 18852
no of NN interactions: 608
[Mob_Nbody] Base velocity compute time: 2.937 ms
[Mob_Nbody] Post-base path time: 2.144 ms
fig4 N=140 phi=0.025 seed=1125 M_nbody_gpu          rel_rmse=  1.847%  lin=  2.194%  ang=  0.788%  max=   6.72%  (0.0 s)
Converged after 23 iterations (max diff = 4.391993e-09)
Mobility computation time: 293.09 ms
fig4 N=140 phi=0.025 seed=1126 mfs_coarse           rel_rmse=  0.416%  lin=  0.369%  ang=  0.528%  max=   2.97%  (0.3 s)
Computing neighbor pairs for n-body correction...
no of RPY interactions: 18812
no of NN interactions: 648
[Mob_Nbody] Base velocity compute time: 2.935 ms
[Mob_Nbody] Post-base path time: 2.149 ms
fig4 N=140 phi=0.025 seed=1126 M_nbody_gpu          rel_rmse=  2.033%  lin=  2.246%  ang=  1.231%  max=   6.37%  (0.0 s)
Converged after 22 iterations (max diff = 8.007886e-09)
Mobility computation time: 280.50 ms
fig4 N=140 phi=0.025 seed=1127 mfs_coarse           rel_rmse=  0.321%  lin=  0.270%  ang=  0.514%  max=   2.23%  (0.3 s)
Computing neighbor pairs for n-body correction...
no of RPY interactions: 18838
no of NN interactions: 622
[Mob_Nbody] Base velocity compute time: 2.918 ms
[Mob_Nbody] Post-base path time: 2.149 ms
fig4 N=140 phi=0.025 seed=1127 M_nbody_gpu          rel_rmse=  1.539%  lin=  1.605%  ang=  1.132%  max=   4.72%  (0.0 s)
Converged after 22 iterations (max diff = 7.172042e-09)
Mobility computation time: 281.02 ms
fig4 N=140 phi=0.025 seed=1128 mfs_coarse           rel_rmse=  0.227%  lin=  0.168%  ang=  0.382%  max=   2.11%  (0.3 s)
Computing neighbor pairs for n-body correction...
no of RPY interactions: 18806
no of NN interactions: 654
[Mob_Nbody] Base velocity compute time: 2.923 ms
[Mob_Nbody] Post-base path time: 2.134 ms
fig4 N=140 phi=0.025 seed=1128 M_nbody_gpu          rel_rmse=  2.041%  lin=  2.212%  ang=  1.090%  max=   5.76%  (0.0 s)
Converged after 27 iterations (max diff = 5.354960e-09)
Mobility computation time: 346.64 ms
fig4 N=140 phi=0.025 seed=1129 mfs_coarse           rel_rmse=  0.236%  lin=  0.216%  ang=  0.329%  max=   2.57%  (0.3 s)
Computing neighbor pairs for n-body correction...
no of RPY interactions: 18682
no of NN interactions: 778
[Mob_Nbody] Base velocity compute time: 3.308 ms
[Mob_Nbody] Post-base path time: 2.398 ms
fig4 N=140 phi=0.025 seed=1129 M_nbody_gpu          rel_rmse=  1.815%  lin=  1.880%  ang=  1.359%  max=   8.19%  (0.0 s)
Converged after 26 iterations (max diff = 4.713335e-09)
Mobility computation time: 331.76 ms
fig4 N=140 phi=0.025 seed=1130 mfs_coarse           rel_rmse=  0.436%  lin=  0.439%  ang=  0.427%  max=   2.37%  (0.3 s)
Computing neighbor pairs for n-body correction...
no of RPY interactions: 18800
no of NN interactions: 660
[Mob_Nbody] Base velocity compute time: 2.939 ms
[Mob_Nbody] Post-base path time: 2.142 ms
fig4 N=140 phi=0.025 seed=1130 M_nbody_gpu          rel_rmse=  2.088%  lin=  2.326%  ang=  1.203%  max=   5.89%  (0.0 s)
Converged after 25 iterations (max diff = 7.785886e-09)
Mobility computation time: 318.29 ms
fig4 N=140 phi=0.025 seed=1131 mfs_coarse           rel_rmse=  0.429%  lin=  0.377%  ang=  0.546%  max=   5.25%  (0.3 s)
Computing neighbor pairs for n-body correction...
no of RPY interactions: 18798
no of NN interactions: 662
[Mob_Nbody] Base velocity compute time: 2.926 ms
[Mob_Nbody] Post-base path time: 2.157 ms
fig4 N=140 phi=0.025 seed=1131 M_nbody_gpu          rel_rmse=  1.994%  lin=  2.261%  ang=  0.949%  max=   5.35%  (0.0 s)
Converged after 22 iterations (max diff = 5.334338e-09)
Mobility computation time: 279.37 ms
fig4 N=140 phi=0.025 seed=1132 mfs_coarse           rel_rmse=  0.237%  lin=  0.202%  ang=  0.349%  max=   2.31%  (0.3 s)
Computing neighbor pairs for n-body correction...
no of RPY interactions: 18810
no of NN interactions: 650
[Mob_Nbody] Base velocity compute time: 2.969 ms
[Mob_Nbody] Post-base path time: 2.162 ms
fig4 N=140 phi=0.025 seed=1132 M_nbody_gpu          rel_rmse=  1.790%  lin=  1.903%  ang=  1.205%  max=   4.51%  (0.0 s)
Converged after 23 iterations (max diff = 6.211508e-09)
Mobility computation time: 333.48 ms
fig4 N=160 phi=0.025 seed=1223 mfs_coarse           rel_rmse=  0.308%  lin=  0.243%  ang=  0.480%  max=   2.24%  (0.3 s)
Computing neighbor pairs for n-body correction...
no of RPY interactions: 24744
no of NN interactions: 696
[Mob_Nbody] Base velocity compute time: 2.932 ms
[Mob_Nbody] Post-base path time: 2.155 ms
fig4 N=160 phi=0.025 seed=1223 M_nbody_gpu          rel_rmse=  1.724%  lin=  1.873%  ang=  0.975%  max=   7.81%  (0.0 s)
Converged after 20 iterations (max diff = 4.237864e-09)
Mobility computation time: 292.31 ms
fig4 N=160 phi=0.025 seed=1224 mfs_coarse           rel_rmse=  0.283%  lin=  0.248%  ang=  0.364%  max=   2.32%  (0.3 s)
Computing neighbor pairs for n-body correction...
no of RPY interactions: 24682
no of NN interactions: 758
[Mob_Nbody] Base velocity compute time: 2.930 ms
[Mob_Nbody] Post-base path time: 2.153 ms
fig4 N=160 phi=0.025 seed=1224 M_nbody_gpu          rel_rmse=  2.403%  lin=  2.705%  ang=  1.141%  max=   6.40%  (0.0 s)
Converged after 23 iterations (max diff = 8.950725e-09)
Mobility computation time: 333.68 ms
fig4 N=160 phi=0.025 seed=1225 mfs_coarse           rel_rmse=  0.324%  lin=  0.286%  ang=  0.413%  max=   2.03%  (0.3 s)
Computing neighbor pairs for n-body correction...
no of RPY interactions: 24528
no of NN interactions: 912
[Mob_Nbody] Base velocity compute time: 2.929 ms
[Mob_Nbody] Post-base path time: 2.174 ms
fig4 N=160 phi=0.025 seed=1225 M_nbody_gpu          rel_rmse=  2.110%  lin=  2.313%  ang=  1.390%  max=   6.97%  (0.0 s)
Converged after 23 iterations (max diff = 8.590151e-09)
Mobility computation time: 334.56 ms
fig4 N=160 phi=0.025 seed=1226 mfs_coarse           rel_rmse=  0.373%  lin=  0.343%  ang=  0.447%  max=   3.05%  (0.3 s)
Computing neighbor pairs for n-body correction...
no of RPY interactions: 24638
no of NN interactions: 802
[Mob_Nbody] Base velocity compute time: 2.927 ms
[Mob_Nbody] Post-base path time: 2.166 ms
fig4 N=160 phi=0.025 seed=1226 M_nbody_gpu          rel_rmse=  2.421%  lin=  2.634%  ang=  1.676%  max=   9.85%  (0.0 s)
Converged after 27 iterations (max diff = 7.675591e-09)
Mobility computation time: 391.39 ms
fig4 N=160 phi=0.025 seed=1227 mfs_coarse           rel_rmse=  0.401%  lin=  0.358%  ang=  0.499%  max=   2.48%  (0.4 s)
Computing neighbor pairs for n-body correction...
no of RPY interactions: 24608
no of NN interactions: 832
[Mob_Nbody] Base velocity compute time: 2.939 ms
[Mob_Nbody] Post-base path time: 2.150 ms
fig4 N=160 phi=0.025 seed=1227 M_nbody_gpu          rel_rmse=  2.895%  lin=  3.267%  ang=  1.435%  max=   9.78%  (0.0 s)
Converged after 21 iterations (max diff = 8.052433e-09)
Mobility computation time: 304.98 ms
fig4 N=160 phi=0.025 seed=1228 mfs_coarse           rel_rmse=  0.133%  lin=  0.110%  ang=  0.227%  max=   0.75%  (0.3 s)
Computing neighbor pairs for n-body correction...
no of RPY interactions: 24668
no of NN interactions: 772
[Mob_Nbody] Base velocity compute time: 2.948 ms
[Mob_Nbody] Post-base path time: 2.134 ms
fig4 N=160 phi=0.025 seed=1228 M_nbody_gpu          rel_rmse=  1.461%  lin=  1.521%  ang=  1.037%  max=   4.68%  (0.0 s)
Converged after 22 iterations (max diff = 8.607970e-09)
Mobility computation time: 321.24 ms
fig4 N=160 phi=0.025 seed=1229 mfs_coarse           rel_rmse=  0.226%  lin=  0.208%  ang=  0.275%  max=   1.04%  (0.3 s)
Computing neighbor pairs for n-body correction...
no of RPY interactions: 24646
no of NN interactions: 794
[Mob_Nbody] Base velocity compute time: 2.923 ms
[Mob_Nbody] Post-base path time: 2.150 ms
fig4 N=160 phi=0.025 seed=1229 M_nbody_gpu          rel_rmse=  1.750%  lin=  1.918%  ang=  1.069%  max=   6.08%  (0.0 s)
Converged after 24 iterations (max diff = 4.557482e-09)
Mobility computation time: 350.10 ms
fig4 N=160 phi=0.025 seed=1230 mfs_coarse           rel_rmse=  0.336%  lin=  0.349%  ang=  0.284%  max=   3.15%  (0.4 s)
Computing neighbor pairs for n-body correction...
no of RPY interactions: 24730
no of NN interactions: 710
[Mob_Nbody] Base velocity compute time: 2.923 ms
[Mob_Nbody] Post-base path time: 2.165 ms
fig4 N=160 phi=0.025 seed=1230 M_nbody_gpu          rel_rmse=  2.226%  lin=  2.442%  ang=  1.131%  max=   6.28%  (0.0 s)
Converged after 20 iterations (max diff = 4.253798e-09)
Mobility computation time: 292.45 ms
fig4 N=160 phi=0.025 seed=1231 mfs_coarse           rel_rmse=  0.215%  lin=  0.169%  ang=  0.293%  max=   1.13%  (0.3 s)
Computing neighbor pairs for n-body correction...
no of RPY interactions: 24634
no of NN interactions: 806
[Mob_Nbody] Base velocity compute time: 2.936 ms
[Mob_Nbody] Post-base path time: 2.144 ms
fig4 N=160 phi=0.025 seed=1231 M_nbody_gpu          rel_rmse=  2.338%  lin=  2.696%  ang=  1.184%  max=   6.92%  (0.0 s)
Converged after 23 iterations (max diff = 7.678431e-09)
Mobility computation time: 334.40 ms
fig4 N=160 phi=0.025 seed=1232 mfs_coarse           rel_rmse=  0.266%  lin=  0.229%  ang=  0.369%  max=   1.24%  (0.3 s)
Computing neighbor pairs for n-body correction...
no of RPY interactions: 24736
no of NN interactions: 704
[Mob_Nbody] Base velocity compute time: 2.924 ms
[Mob_Nbody] Post-base path time: 2.159 ms
fig4 N=160 phi=0.025 seed=1232 M_nbody_gpu          rel_rmse=  1.905%  lin=  2.064%  ang=  1.181%  max=   6.09%  (0.0 s)
Converged after 23 iterations (max diff = 6.448519e-09)
Mobility computation time: 376.05 ms
fig4 N=180 phi=0.025 seed=1323 mfs_coarse           rel_rmse=  0.290%  lin=  0.253%  ang=  0.357%  max=   1.69%  (0.4 s)
Computing neighbor pairs for n-body correction...
no of RPY interactions: 31348
no of NN interactions: 872
[Mob_Nbody] Base velocity compute time: 2.939 ms
[Mob_Nbody] Post-base path time: 2.139 ms
fig4 N=180 phi=0.025 seed=1323 M_nbody_gpu          rel_rmse=  2.140%  lin=  2.504%  ang=  0.964%  max=   6.32%  (0.0 s)
Converged after 24 iterations (max diff = 4.036839e-09)
Mobility computation time: 393.13 ms
fig4 N=180 phi=0.025 seed=1324 mfs_coarse           rel_rmse=  0.269%  lin=  0.288%  ang=  0.208%  max=   2.59%  (0.4 s)
Computing neighbor pairs for n-body correction...
no of RPY interactions: 31338
no of NN interactions: 882
[Mob_Nbody] Base velocity compute time: 2.943 ms
[Mob_Nbody] Post-base path time: 2.154 ms
fig4 N=180 phi=0.025 seed=1324 M_nbody_gpu          rel_rmse=  2.223%  lin=  2.533%  ang=  0.885%  max=  11.09%  (0.0 s)
Converged after 24 iterations (max diff = 6.941383e-09)
Mobility computation time: 394.06 ms
fig4 N=180 phi=0.025 seed=1325 mfs_coarse           rel_rmse=  0.274%  lin=  0.255%  ang=  0.341%  max=   2.36%  (0.4 s)
Computing neighbor pairs for n-body correction...
no of RPY interactions: 31338
no of NN interactions: 882
[Mob_Nbody] Base velocity compute time: 2.893 ms
[Mob_Nbody] Post-base path time: 2.111 ms
fig4 N=180 phi=0.025 seed=1325 M_nbody_gpu          rel_rmse=  2.303%  lin=  2.479%  ang=  1.350%  max=   8.57%  (0.0 s)
Converged after 23 iterations (max diff = 3.552782e-09)
Mobility computation time: 378.19 ms
fig4 N=180 phi=0.025 seed=1326 mfs_coarse           rel_rmse=  0.325%  lin=  0.297%  ang=  0.391%  max=   2.51%  (0.4 s)
Computing neighbor pairs for n-body correction...
no of RPY interactions: 31342
no of NN interactions: 878
[Mob_Nbody] Base velocity compute time: 2.942 ms
[Mob_Nbody] Post-base path time: 2.150 ms
fig4 N=180 phi=0.025 seed=1326 M_nbody_gpu          rel_rmse=  2.275%  lin=  2.571%  ang=  1.151%  max=   7.68%  (0.0 s)
Converged after 25 iterations (max diff = 4.398541e-09)
Mobility computation time: 409.11 ms
fig4 N=180 phi=0.025 seed=1327 mfs_coarse           rel_rmse=  0.564%  lin=  0.593%  ang=  0.476%  max=   3.67%  (0.4 s)
Computing neighbor pairs for n-body correction...
no of RPY interactions: 31370
no of NN interactions: 850
[Mob_Nbody] Base velocity compute time: 2.948 ms
[Mob_Nbody] Post-base path time: 2.120 ms
fig4 N=180 phi=0.025 seed=1327 M_nbody_gpu          rel_rmse=  2.429%  lin=  2.729%  ang=  1.336%  max=   7.21%  (0.0 s)
Converged after 24 iterations (max diff = 5.717544e-09)
Mobility computation time: 393.82 ms
fig4 N=180 phi=0.025 seed=1328 mfs_coarse           rel_rmse=  0.399%  lin=  0.412%  ang=  0.359%  max=   1.82%  (0.4 s)
Computing neighbor pairs for n-body correction...
no of RPY interactions: 31388
no of NN interactions: 832
[Mob_Nbody] Base velocity compute time: 2.887 ms
[Mob_Nbody] Post-base path time: 2.107 ms
fig4 N=180 phi=0.025 seed=1328 M_nbody_gpu          rel_rmse=  2.626%  lin=  2.926%  ang=  1.457%  max=   7.80%  (0.0 s)
Converged after 24 iterations (max diff = 7.849422e-09)
Mobility computation time: 392.96 ms
fig4 N=180 phi=0.025 seed=1329 mfs_coarse           rel_rmse=  0.330%  lin=  0.308%  ang=  0.390%  max=   2.53%  (0.4 s)
Computing neighbor pairs for n-body correction...
no of RPY interactions: 31358
no of NN interactions: 862
[Mob_Nbody] Base velocity compute time: 2.958 ms
[Mob_Nbody] Post-base path time: 2.159 ms
fig4 N=180 phi=0.025 seed=1329 M_nbody_gpu          rel_rmse=  2.164%  lin=  2.409%  ang=  1.066%  max=   6.98%  (0.0 s)
Converged after 25 iterations (max diff = 2.781993e-09)
Mobility computation time: 411.63 ms
fig4 N=180 phi=0.025 seed=1330 mfs_coarse           rel_rmse=  0.680%  lin=  0.649%  ang=  0.751%  max=   2.94%  (0.4 s)
Computing neighbor pairs for n-body correction...
no of RPY interactions: 31334
no of NN interactions: 886
[Mob_Nbody] Base velocity compute time: 2.939 ms
[Mob_Nbody] Post-base path time: 2.142 ms
fig4 N=180 phi=0.025 seed=1330 M_nbody_gpu          rel_rmse=  2.454%  lin=  2.784%  ang=  1.285%  max=  11.15%  (0.0 s)
Converged after 23 iterations (max diff = 7.024811e-09)
Mobility computation time: 377.13 ms
fig4 N=180 phi=0.025 seed=1331 mfs_coarse           rel_rmse=  0.335%  lin=  0.229%  ang=  0.574%  max=   1.56%  (0.4 s)
Computing neighbor pairs for n-body correction...
no of RPY interactions: 31338
no of NN interactions: 882
[Mob_Nbody] Base velocity compute time: 2.885 ms
[Mob_Nbody] Post-base path time: 2.123 ms
fig4 N=180 phi=0.025 seed=1331 M_nbody_gpu          rel_rmse=  2.162%  lin=  2.341%  ang=  1.311%  max=   6.47%  (0.0 s)
Converged after 20 iterations (max diff = 4.864110e-09)
Mobility computation time: 327.57 ms
fig4 N=180 phi=0.025 seed=1332 mfs_coarse           rel_rmse=  0.179%  lin=  0.185%  ang=  0.161%  max=   0.99%  (0.3 s)
Computing neighbor pairs for n-body correction...
no of RPY interactions: 31330
no of NN interactions: 890
[Mob_Nbody] Base velocity compute time: 2.958 ms
[Mob_Nbody] Post-base path time: 2.160 ms
fig4 N=180 phi=0.025 seed=1332 M_nbody_gpu          rel_rmse=  2.081%  lin=  2.352%  ang=  1.062%  max=   6.77%  (0.0 s)
Converged after 23 iterations (max diff = 8.015479e-09)
Mobility computation time: 418.12 ms
fig4 N=200 phi=0.025 seed=1423 mfs_coarse           rel_rmse=  0.429%  lin=  0.388%  ang=  0.579%  max=   5.58%  (0.4 s)
Computing neighbor pairs for n-body correction...
no of RPY interactions: 38822
no of NN interactions: 978
[Mob_Nbody] Base velocity compute time: 2.949 ms
[Mob_Nbody] Post-base path time: 2.143 ms
fig4 N=200 phi=0.025 seed=1423 M_nbody_gpu          rel_rmse=  2.150%  lin=  2.300%  ang=  1.268%  max=   5.93%  (0.0 s)
Converged after 23 iterations (max diff = 6.431098e-09)
Mobility computation time: 417.81 ms
fig4 N=200 phi=0.025 seed=1424 mfs_coarse           rel_rmse=  0.404%  lin=  0.350%  ang=  0.536%  max=   3.29%  (0.4 s)
Computing neighbor pairs for n-body correction...
no of RPY interactions: 38884
no of NN interactions: 916
[Mob_Nbody] Base velocity compute time: 2.973 ms
[Mob_Nbody] Post-base path time: 2.156 ms
fig4 N=200 phi=0.025 seed=1424 M_nbody_gpu          rel_rmse=  2.214%  lin=  2.418%  ang=  1.420%  max=   5.80%  (0.0 s)
Converged after 24 iterations (max diff = 8.538992e-09)
Mobility computation time: 436.19 ms
fig4 N=200 phi=0.025 seed=1425 mfs_coarse           rel_rmse=  0.332%  lin=  0.288%  ang=  0.507%  max=   1.70%  (0.4 s)
Computing neighbor pairs for n-body correction...
no of RPY interactions: 38864
no of NN interactions: 936
[Mob_Nbody] Base velocity compute time: 2.969 ms
[Mob_Nbody] Post-base path time: 2.147 ms
fig4 N=200 phi=0.025 seed=1425 M_nbody_gpu          rel_rmse=  1.735%  lin=  1.806%  ang=  1.271%  max=   5.75%  (0.0 s)
Converged after 23 iterations (max diff = 5.382326e-09)
Mobility computation time: 419.08 ms
fig4 N=200 phi=0.025 seed=1426 mfs_coarse           rel_rmse=  0.227%  lin=  0.193%  ang=  0.311%  max=   1.24%  (0.4 s)
Computing neighbor pairs for n-body correction...
no of RPY interactions: 38816
no of NN interactions: 984
[Mob_Nbody] Base velocity compute time: 2.970 ms
[Mob_Nbody] Post-base path time: 2.135 ms
fig4 N=200 phi=0.025 seed=1426 M_nbody_gpu          rel_rmse=  2.323%  lin=  2.576%  ang=  1.213%  max=   9.20%  (0.0 s)
Converged after 26 iterations (max diff = 3.389211e-09)
Mobility computation time: 474.44 ms
fig4 N=200 phi=0.025 seed=1427 mfs_coarse           rel_rmse=  0.516%  lin=  0.405%  ang=  0.771%  max=   4.31%  (0.5 s)
Computing neighbor pairs for n-body correction...
no of RPY interactions: 38812
no of NN interactions: 988
[Mob_Nbody] Base velocity compute time: 2.987 ms
[Mob_Nbody] Post-base path time: 2.140 ms
fig4 N=200 phi=0.025 seed=1427 M_nbody_gpu          rel_rmse=  2.683%  lin=  2.950%  ang=  1.550%  max=  10.35%  (0.0 s)
Converged after 25 iterations (max diff = 4.362182e-09)
Mobility computation time: 454.85 ms
fig4 N=200 phi=0.025 seed=1428 mfs_coarse           rel_rmse=  0.233%  lin=  0.178%  ang=  0.473%  max=   1.54%  (0.5 s)
Computing neighbor pairs for n-body correction...
no of RPY interactions: 38810
no of NN interactions: 990
[Mob_Nbody] Base velocity compute time: 2.962 ms
[Mob_Nbody] Post-base path time: 2.165 ms
fig4 N=200 phi=0.025 seed=1428 M_nbody_gpu          rel_rmse=  1.723%  lin=  1.770%  ang=  1.316%  max=   4.29%  (0.0 s)
Converged after 25 iterations (max diff = 4.435900e-09)
Mobility computation time: 455.04 ms
fig4 N=200 phi=0.025 seed=1429 mfs_coarse           rel_rmse=  0.482%  lin=  0.464%  ang=  0.524%  max=   3.24%  (0.5 s)
Computing neighbor pairs for n-body correction...
no of RPY interactions: 38848
no of NN interactions: 952
[Mob_Nbody] Base velocity compute time: 2.967 ms
[Mob_Nbody] Post-base path time: 2.130 ms
fig4 N=200 phi=0.025 seed=1429 M_nbody_gpu          rel_rmse=  2.709%  lin=  3.069%  ang=  1.356%  max=  12.94%  (0.0 s)
Converged after 29 iterations (max diff = 8.522536e-09)
Mobility computation time: 524.53 ms
fig4 N=200 phi=0.025 seed=1430 mfs_coarse           rel_rmse=  0.465%  lin=  0.458%  ang=  0.485%  max=   2.62%  (0.5 s)
Computing neighbor pairs for n-body correction...
no of RPY interactions: 38852
no of NN interactions: 948
[Mob_Nbody] Base velocity compute time: 3.122 ms
[Mob_Nbody] Post-base path time: 2.220 ms
fig4 N=200 phi=0.025 seed=1430 M_nbody_gpu          rel_rmse=  2.305%  lin=  2.548%  ang=  1.481%  max=   6.69%  (0.0 s)
Converged after 25 iterations (max diff = 7.623972e-09)
Mobility computation time: 453.50 ms
fig4 N=200 phi=0.025 seed=1431 mfs_coarse           rel_rmse=  0.405%  lin=  0.445%  ang=  0.259%  max=   4.38%  (0.5 s)
Computing neighbor pairs for n-body correction...
no of RPY interactions: 38822
no of NN interactions: 978
[Mob_Nbody] Base velocity compute time: 2.962 ms
[Mob_Nbody] Post-base path time: 2.124 ms
fig4 N=200 phi=0.025 seed=1431 M_nbody_gpu          rel_rmse=  2.882%  lin=  3.234%  ang=  1.482%  max=   8.28%  (0.0 s)
Converged after 23 iterations (max diff = 5.435687e-09)
Mobility computation time: 417.01 ms
fig4 N=200 phi=0.025 seed=1432 mfs_coarse           rel_rmse=  0.318%  lin=  0.305%  ang=  0.354%  max=   3.21%  (0.4 s)
Computing neighbor pairs for n-body correction...
no of RPY interactions: 38914
no of NN interactions: 886
[Mob_Nbody] Base velocity compute time: 2.950 ms
[Mob_Nbody] Post-base path time: 2.111 ms
fig4 N=200 phi=0.025 seed=1432 M_nbody_gpu          rel_rmse=  2.337%  lin=  2.637%  ang=  1.067%  max=   7.51%  (0.0 s)
task 0 finished Sun Aug 30 02:10:07 PM EDT 2026
