host neh-000 job 16546492 task 2 phi 0.075 exps fig3 fig4
NVIDIA H200, 143771 MiB
[cases] 160 configurations: fig3:20, fig4:140
cluster created
Converged after 61 iterations (max diff = 8.187649e-09)
Elapsed time (GPU): 11.077 seconds
[truth] N=200 phi=0.075 seed=123: 13.0 s -> /mnt/ffs24/home/khanmd/pinn-stokes/tmp/nbody_moments_truth/uniform_N200_phi0.075_seed123.npz
cluster created
Converged after 66 iterations (max diff = 8.215084e-09)
Elapsed time (GPU): 10.534 seconds
[truth] N=200 phi=0.075 seed=124: 12.4 s -> /mnt/ffs24/home/khanmd/pinn-stokes/tmp/nbody_moments_truth/uniform_N200_phi0.075_seed124.npz
cluster created
Converged after 49 iterations (max diff = 9.045480e-09)
Elapsed time (GPU): 7.823 seconds
[truth] N=200 phi=0.075 seed=125: 9.7 s -> /mnt/ffs24/home/khanmd/pinn-stokes/tmp/nbody_moments_truth/uniform_N200_phi0.075_seed125.npz
cluster created
Converged after 56 iterations (max diff = 8.224390e-09)
Elapsed time (GPU): 8.940 seconds
[truth] N=200 phi=0.075 seed=126: 10.8 s -> /mnt/ffs24/home/khanmd/pinn-stokes/tmp/nbody_moments_truth/uniform_N200_phi0.075_seed126.npz
cluster created
Converged after 62 iterations (max diff = 9.050451e-09)
Elapsed time (GPU): 9.898 seconds
[truth] N=200 phi=0.075 seed=127: 11.8 s -> /mnt/ffs24/home/khanmd/pinn-stokes/tmp/nbody_moments_truth/uniform_N200_phi0.075_seed127.npz
cluster created
Converged after 63 iterations (max diff = 9.512215e-09)
Elapsed time (GPU): 10.056 seconds
[truth] N=200 phi=0.075 seed=128: 11.9 s -> /mnt/ffs24/home/khanmd/pinn-stokes/tmp/nbody_moments_truth/uniform_N200_phi0.075_seed128.npz
cluster created
Converged after 55 iterations (max diff = 8.854777e-09)
Elapsed time (GPU): 8.778 seconds
[truth] N=200 phi=0.075 seed=129: 10.6 s -> /mnt/ffs24/home/khanmd/pinn-stokes/tmp/nbody_moments_truth/uniform_N200_phi0.075_seed129.npz
cluster created
Converged after 64 iterations (max diff = 9.946218e-09)
Elapsed time (GPU): 10.214 seconds
[truth] N=200 phi=0.075 seed=130: 12.1 s -> /mnt/ffs24/home/khanmd/pinn-stokes/tmp/nbody_moments_truth/uniform_N200_phi0.075_seed130.npz
cluster created
Converged after 66 iterations (max diff = 8.567142e-09)
Elapsed time (GPU): 10.533 seconds
[truth] N=200 phi=0.075 seed=131: 12.4 s -> /mnt/ffs24/home/khanmd/pinn-stokes/tmp/nbody_moments_truth/uniform_N200_phi0.075_seed131.npz
cluster created
Converged after 68 iterations (max diff = 7.105462e-09)
Elapsed time (GPU): 10.853 seconds
[truth] N=200 phi=0.075 seed=132: 12.7 s -> /mnt/ffs24/home/khanmd/pinn-stokes/tmp/nbody_moments_truth/uniform_N200_phi0.075_seed132.npz
cluster created
Converged after 64 iterations (max diff = 8.119029e-09)
Elapsed time (GPU): 22.893 seconds
[truth] N=300 phi=0.075 seed=123: 24.8 s -> /mnt/ffs24/home/khanmd/pinn-stokes/tmp/nbody_moments_truth/uniform_N300_phi0.075_seed123.npz
cluster created
Converged after 68 iterations (max diff = 7.840334e-09)
Elapsed time (GPU): 24.323 seconds
[truth] N=300 phi=0.075 seed=124: 26.3 s -> /mnt/ffs24/home/khanmd/pinn-stokes/tmp/nbody_moments_truth/uniform_N300_phi0.075_seed124.npz
cluster created
Converged after 58 iterations (max diff = 8.981258e-09)
Elapsed time (GPU): 20.747 seconds
[truth] N=300 phi=0.075 seed=125: 22.7 s -> /mnt/ffs24/home/khanmd/pinn-stokes/tmp/nbody_moments_truth/uniform_N300_phi0.075_seed125.npz
cluster created
Converged after 68 iterations (max diff = 7.302325e-09)
Elapsed time (GPU): 24.322 seconds
[truth] N=300 phi=0.075 seed=126: 26.3 s -> /mnt/ffs24/home/khanmd/pinn-stokes/tmp/nbody_moments_truth/uniform_N300_phi0.075_seed126.npz
cluster created
Converged after 65 iterations (max diff = 7.845456e-09)
Elapsed time (GPU): 23.252 seconds
[truth] N=300 phi=0.075 seed=127: 25.2 s -> /mnt/ffs24/home/khanmd/pinn-stokes/tmp/nbody_moments_truth/uniform_N300_phi0.075_seed127.npz
cluster created
Converged after 66 iterations (max diff = 8.822193e-09)
Elapsed time (GPU): 23.609 seconds
[truth] N=300 phi=0.075 seed=128: 25.5 s -> /mnt/ffs24/home/khanmd/pinn-stokes/tmp/nbody_moments_truth/uniform_N300_phi0.075_seed128.npz
cluster created
Converged after 66 iterations (max diff = 9.773866e-09)
Elapsed time (GPU): 23.609 seconds
[truth] N=300 phi=0.075 seed=129: 25.6 s -> /mnt/ffs24/home/khanmd/pinn-stokes/tmp/nbody_moments_truth/uniform_N300_phi0.075_seed129.npz
cluster created
Converged after 66 iterations (max diff = 9.341347e-09)
Elapsed time (GPU): 23.609 seconds
[truth] N=300 phi=0.075 seed=130: 25.6 s -> /mnt/ffs24/home/khanmd/pinn-stokes/tmp/nbody_moments_truth/uniform_N300_phi0.075_seed130.npz
cluster created
Converged after 67 iterations (max diff = 9.409876e-09)
Elapsed time (GPU): 23.967 seconds
[truth] N=300 phi=0.075 seed=131: 25.9 s -> /mnt/ffs24/home/khanmd/pinn-stokes/tmp/nbody_moments_truth/uniform_N300_phi0.075_seed131.npz
cluster created
Converged after 68 iterations (max diff = 9.254659e-09)
Elapsed time (GPU): 24.322 seconds
[truth] N=300 phi=0.075 seed=132: 26.3 s -> /mnt/ffs24/home/khanmd/pinn-stokes/tmp/nbody_moments_truth/uniform_N300_phi0.075_seed132.npz
cluster created
Converged after 46 iterations (max diff = 7.587776e-09)
Elapsed time (GPU): 0.290 seconds
[truth] N=20 phi=0.075 seed=2123: 2.1 s -> /mnt/ffs24/home/khanmd/pinn-stokes/tmp/nbody_moments_truth/uniform_N20_phi0.075_seed2123.npz
cluster created
Converged after 56 iterations (max diff = 7.788478e-09)
Elapsed time (GPU): 0.352 seconds
[truth] N=20 phi=0.075 seed=2124: 2.1 s -> /mnt/ffs24/home/khanmd/pinn-stokes/tmp/nbody_moments_truth/uniform_N20_phi0.075_seed2124.npz
cluster created
Converged after 46 iterations (max diff = 6.473829e-09)
Elapsed time (GPU): 0.289 seconds
[truth] N=20 phi=0.075 seed=2125: 2.1 s -> /mnt/ffs24/home/khanmd/pinn-stokes/tmp/nbody_moments_truth/uniform_N20_phi0.075_seed2125.npz
cluster created
Converged after 48 iterations (max diff = 6.682710e-09)
Elapsed time (GPU): 0.302 seconds
[truth] N=20 phi=0.075 seed=2126: 2.1 s -> /mnt/ffs24/home/khanmd/pinn-stokes/tmp/nbody_moments_truth/uniform_N20_phi0.075_seed2126.npz
cluster created
Converged after 59 iterations (max diff = 7.245943e-09)
Elapsed time (GPU): 0.371 seconds
[truth] N=20 phi=0.075 seed=2127: 2.1 s -> /mnt/ffs24/home/khanmd/pinn-stokes/tmp/nbody_moments_truth/uniform_N20_phi0.075_seed2127.npz
cluster created
Converged after 46 iterations (max diff = 8.908007e-09)
Elapsed time (GPU): 0.289 seconds
[truth] N=20 phi=0.075 seed=2128: 2.1 s -> /mnt/ffs24/home/khanmd/pinn-stokes/tmp/nbody_moments_truth/uniform_N20_phi0.075_seed2128.npz
cluster created
Converged after 47 iterations (max diff = 9.490504e-09)
Elapsed time (GPU): 0.296 seconds
[truth] N=20 phi=0.075 seed=2129: 2.1 s -> /mnt/ffs24/home/khanmd/pinn-stokes/tmp/nbody_moments_truth/uniform_N20_phi0.075_seed2129.npz
cluster created
Converged after 26 iterations (max diff = 9.907213e-09)
Elapsed time (GPU): 0.164 seconds
[truth] N=20 phi=0.075 seed=2130: 1.9 s -> /mnt/ffs24/home/khanmd/pinn-stokes/tmp/nbody_moments_truth/uniform_N20_phi0.075_seed2130.npz
cluster created
Converged after 30 iterations (max diff = 8.608400e-09)
Elapsed time (GPU): 0.189 seconds
[truth] N=20 phi=0.075 seed=2131: 2.0 s -> /mnt/ffs24/home/khanmd/pinn-stokes/tmp/nbody_moments_truth/uniform_N20_phi0.075_seed2131.npz
cluster created
Converged after 35 iterations (max diff = 5.587697e-09)
Elapsed time (GPU): 0.221 seconds
[truth] N=20 phi=0.075 seed=2132: 2.0 s -> /mnt/ffs24/home/khanmd/pinn-stokes/tmp/nbody_moments_truth/uniform_N20_phi0.075_seed2132.npz
cluster created
Converged after 54 iterations (max diff = 8.257078e-09)
Elapsed time (GPU): 0.511 seconds
[truth] N=30 phi=0.075 seed=2223: 2.3 s -> /mnt/ffs24/home/khanmd/pinn-stokes/tmp/nbody_moments_truth/uniform_N30_phi0.075_seed2223.npz
cluster created
Converged after 54 iterations (max diff = 6.649930e-09)
Elapsed time (GPU): 0.511 seconds
[truth] N=30 phi=0.075 seed=2224: 2.3 s -> /mnt/ffs24/home/khanmd/pinn-stokes/tmp/nbody_moments_truth/uniform_N30_phi0.075_seed2224.npz
cluster created
Converged after 46 iterations (max diff = 7.358101e-09)
Elapsed time (GPU): 0.435 seconds
[truth] N=30 phi=0.075 seed=2225: 2.2 s -> /mnt/ffs24/home/khanmd/pinn-stokes/tmp/nbody_moments_truth/uniform_N30_phi0.075_seed2225.npz
cluster created
Converged after 48 iterations (max diff = 9.381469e-09)
Elapsed time (GPU): 0.454 seconds
[truth] N=30 phi=0.075 seed=2226: 2.2 s -> /mnt/ffs24/home/khanmd/pinn-stokes/tmp/nbody_moments_truth/uniform_N30_phi0.075_seed2226.npz
cluster created
Converged after 47 iterations (max diff = 7.833013e-09)
Elapsed time (GPU): 0.445 seconds
[truth] N=30 phi=0.075 seed=2227: 2.2 s -> /mnt/ffs24/home/khanmd/pinn-stokes/tmp/nbody_moments_truth/uniform_N30_phi0.075_seed2227.npz
cluster created
Converged after 44 iterations (max diff = 9.596653e-09)
Elapsed time (GPU): 0.416 seconds
[truth] N=30 phi=0.075 seed=2228: 2.2 s -> /mnt/ffs24/home/khanmd/pinn-stokes/tmp/nbody_moments_truth/uniform_N30_phi0.075_seed2228.npz
cluster created
Converged after 46 iterations (max diff = 8.271785e-09)
Elapsed time (GPU): 0.435 seconds
[truth] N=30 phi=0.075 seed=2229: 2.2 s -> /mnt/ffs24/home/khanmd/pinn-stokes/tmp/nbody_moments_truth/uniform_N30_phi0.075_seed2229.npz
cluster created
Converged after 32 iterations (max diff = 9.182569e-09)
Elapsed time (GPU): 0.303 seconds
[truth] N=30 phi=0.075 seed=2230: 2.1 s -> /mnt/ffs24/home/khanmd/pinn-stokes/tmp/nbody_moments_truth/uniform_N30_phi0.075_seed2230.npz
cluster created
Converged after 27 iterations (max diff = 7.933279e-09)
Elapsed time (GPU): 0.256 seconds
[truth] N=30 phi=0.075 seed=2231: 2.1 s -> /mnt/ffs24/home/khanmd/pinn-stokes/tmp/nbody_moments_truth/uniform_N30_phi0.075_seed2231.npz
cluster created
Converged after 42 iterations (max diff = 7.640782e-09)
Elapsed time (GPU): 0.397 seconds
[truth] N=30 phi=0.075 seed=2232: 2.2 s -> /mnt/ffs24/home/khanmd/pinn-stokes/tmp/nbody_moments_truth/uniform_N30_phi0.075_seed2232.npz
cluster created
Converged after 65 iterations (max diff = 7.454204e-09)
Elapsed time (GPU): 0.836 seconds
[truth] N=40 phi=0.075 seed=2323: 2.6 s -> /mnt/ffs24/home/khanmd/pinn-stokes/tmp/nbody_moments_truth/uniform_N40_phi0.075_seed2323.npz
cluster created
Converged after 60 iterations (max diff = 9.446572e-09)
Elapsed time (GPU): 0.771 seconds
[truth] N=40 phi=0.075 seed=2324: 2.6 s -> /mnt/ffs24/home/khanmd/pinn-stokes/tmp/nbody_moments_truth/uniform_N40_phi0.075_seed2324.npz
cluster created
Converged after 65 iterations (max diff = 7.247326e-09)
Elapsed time (GPU): 0.836 seconds
[truth] N=40 phi=0.075 seed=2325: 2.6 s -> /mnt/ffs24/home/khanmd/pinn-stokes/tmp/nbody_moments_truth/uniform_N40_phi0.075_seed2325.npz
cluster created
Converged after 56 iterations (max diff = 9.294811e-09)
Elapsed time (GPU): 0.720 seconds
[truth] N=40 phi=0.075 seed=2326: 2.5 s -> /mnt/ffs24/home/khanmd/pinn-stokes/tmp/nbody_moments_truth/uniform_N40_phi0.075_seed2326.npz
cluster created
Converged after 65 iterations (max diff = 7.261404e-09)
Elapsed time (GPU): 0.836 seconds
[truth] N=40 phi=0.075 seed=2327: 2.6 s -> /mnt/ffs24/home/khanmd/pinn-stokes/tmp/nbody_moments_truth/uniform_N40_phi0.075_seed2327.npz
cluster created
Converged after 27 iterations (max diff = 9.623327e-09)
Elapsed time (GPU): 0.348 seconds
[truth] N=40 phi=0.075 seed=2328: 2.1 s -> /mnt/ffs24/home/khanmd/pinn-stokes/tmp/nbody_moments_truth/uniform_N40_phi0.075_seed2328.npz
cluster created
Converged after 61 iterations (max diff = 7.830484e-09)
Elapsed time (GPU): 0.784 seconds
[truth] N=40 phi=0.075 seed=2329: 2.6 s -> /mnt/ffs24/home/khanmd/pinn-stokes/tmp/nbody_moments_truth/uniform_N40_phi0.075_seed2329.npz
cluster created
Converged after 67 iterations (max diff = 9.365959e-09)
Elapsed time (GPU): 0.861 seconds
[truth] N=40 phi=0.075 seed=2330: 2.6 s -> /mnt/ffs24/home/khanmd/pinn-stokes/tmp/nbody_moments_truth/uniform_N40_phi0.075_seed2330.npz
cluster created
Converged after 37 iterations (max diff = 8.689066e-09)
Elapsed time (GPU): 0.476 seconds
[truth] N=40 phi=0.075 seed=2331: 2.3 s -> /mnt/ffs24/home/khanmd/pinn-stokes/tmp/nbody_moments_truth/uniform_N40_phi0.075_seed2331.npz
cluster created
Converged after 46 iterations (max diff = 9.221204e-09)
Elapsed time (GPU): 0.592 seconds
[truth] N=40 phi=0.075 seed=2332: 2.4 s -> /mnt/ffs24/home/khanmd/pinn-stokes/tmp/nbody_moments_truth/uniform_N40_phi0.075_seed2332.npz
cluster created
Converged after 39 iterations (max diff = 6.978400e-09)
Elapsed time (GPU): 0.658 seconds
[truth] N=50 phi=0.075 seed=2423: 2.5 s -> /mnt/ffs24/home/khanmd/pinn-stokes/tmp/nbody_moments_truth/uniform_N50_phi0.075_seed2423.npz
cluster created
Converged after 48 iterations (max diff = 9.042255e-09)
Elapsed time (GPU): 0.810 seconds
[truth] N=50 phi=0.075 seed=2424: 2.6 s -> /mnt/ffs24/home/khanmd/pinn-stokes/tmp/nbody_moments_truth/uniform_N50_phi0.075_seed2424.npz
cluster created
Converged after 40 iterations (max diff = 8.197770e-09)
Elapsed time (GPU): 0.675 seconds
[truth] N=50 phi=0.075 seed=2425: 2.5 s -> /mnt/ffs24/home/khanmd/pinn-stokes/tmp/nbody_moments_truth/uniform_N50_phi0.075_seed2425.npz
cluster created
Converged after 31 iterations (max diff = 9.471517e-09)
Elapsed time (GPU): 0.524 seconds
[truth] N=50 phi=0.075 seed=2426: 2.3 s -> /mnt/ffs24/home/khanmd/pinn-stokes/tmp/nbody_moments_truth/uniform_N50_phi0.075_seed2426.npz
cluster created
Converged after 59 iterations (max diff = 8.016374e-09)
Elapsed time (GPU): 0.996 seconds
[truth] N=50 phi=0.075 seed=2427: 2.8 s -> /mnt/ffs24/home/khanmd/pinn-stokes/tmp/nbody_moments_truth/uniform_N50_phi0.075_seed2427.npz
cluster created
Converged after 51 iterations (max diff = 8.454591e-09)
Elapsed time (GPU): 0.861 seconds
[truth] N=50 phi=0.075 seed=2428: 2.6 s -> /mnt/ffs24/home/khanmd/pinn-stokes/tmp/nbody_moments_truth/uniform_N50_phi0.075_seed2428.npz
cluster created
Converged after 54 iterations (max diff = 7.776912e-09)
Elapsed time (GPU): 0.911 seconds
[truth] N=50 phi=0.075 seed=2429: 2.7 s -> /mnt/ffs24/home/khanmd/pinn-stokes/tmp/nbody_moments_truth/uniform_N50_phi0.075_seed2429.npz
cluster created
Converged after 67 iterations (max diff = 9.469380e-09)
Elapsed time (GPU): 1.130 seconds
[truth] N=50 phi=0.075 seed=2430: 2.9 s -> /mnt/ffs24/home/khanmd/pinn-stokes/tmp/nbody_moments_truth/uniform_N50_phi0.075_seed2430.npz
cluster created
Converged after 33 iterations (max diff = 6.788997e-09)
Elapsed time (GPU): 0.557 seconds
[truth] N=50 phi=0.075 seed=2431: 2.3 s -> /mnt/ffs24/home/khanmd/pinn-stokes/tmp/nbody_moments_truth/uniform_N50_phi0.075_seed2431.npz
cluster created
Converged after 51 iterations (max diff = 9.691204e-09)
Elapsed time (GPU): 0.861 seconds
[truth] N=50 phi=0.075 seed=2432: 2.7 s -> /mnt/ffs24/home/khanmd/pinn-stokes/tmp/nbody_moments_truth/uniform_N50_phi0.075_seed2432.npz
cluster created
Converged after 63 iterations (max diff = 9.616279e-09)
Elapsed time (GPU): 1.291 seconds
[truth] N=60 phi=0.075 seed=2523: 3.1 s -> /mnt/ffs24/home/khanmd/pinn-stokes/tmp/nbody_moments_truth/uniform_N60_phi0.075_seed2523.npz
cluster created
Converged after 50 iterations (max diff = 8.665300e-09)
Elapsed time (GPU): 1.025 seconds
[truth] N=60 phi=0.075 seed=2524: 2.8 s -> /mnt/ffs24/home/khanmd/pinn-stokes/tmp/nbody_moments_truth/uniform_N60_phi0.075_seed2524.npz
cluster created
Converged after 54 iterations (max diff = 8.332388e-09)
Elapsed time (GPU): 1.106 seconds
[truth] N=60 phi=0.075 seed=2525: 2.9 s -> /mnt/ffs24/home/khanmd/pinn-stokes/tmp/nbody_moments_truth/uniform_N60_phi0.075_seed2525.npz
cluster created
Converged after 64 iterations (max diff = 9.184223e-09)
Elapsed time (GPU): 1.311 seconds
[truth] N=60 phi=0.075 seed=2526: 3.1 s -> /mnt/ffs24/home/khanmd/pinn-stokes/tmp/nbody_moments_truth/uniform_N60_phi0.075_seed2526.npz
cluster created
Converged after 58 iterations (max diff = 7.162408e-09)
Elapsed time (GPU): 1.188 seconds
[truth] N=60 phi=0.075 seed=2527: 3.0 s -> /mnt/ffs24/home/khanmd/pinn-stokes/tmp/nbody_moments_truth/uniform_N60_phi0.075_seed2527.npz
cluster created
Converged after 60 iterations (max diff = 9.484156e-09)
Elapsed time (GPU): 1.229 seconds
[truth] N=60 phi=0.075 seed=2528: 3.0 s -> /mnt/ffs24/home/khanmd/pinn-stokes/tmp/nbody_moments_truth/uniform_N60_phi0.075_seed2528.npz
cluster created
Converged after 56 iterations (max diff = 8.965199e-09)
Elapsed time (GPU): 1.147 seconds
[truth] N=60 phi=0.075 seed=2529: 3.0 s -> /mnt/ffs24/home/khanmd/pinn-stokes/tmp/nbody_moments_truth/uniform_N60_phi0.075_seed2529.npz
cluster created
Converged after 54 iterations (max diff = 7.027758e-09)
Elapsed time (GPU): 1.107 seconds
[truth] N=60 phi=0.075 seed=2530: 2.9 s -> /mnt/ffs24/home/khanmd/pinn-stokes/tmp/nbody_moments_truth/uniform_N60_phi0.075_seed2530.npz
cluster created
Converged after 62 iterations (max diff = 9.863077e-09)
Elapsed time (GPU): 1.270 seconds
[truth] N=60 phi=0.075 seed=2531: 3.1 s -> /mnt/ffs24/home/khanmd/pinn-stokes/tmp/nbody_moments_truth/uniform_N60_phi0.075_seed2531.npz
cluster created
Converged after 60 iterations (max diff = 8.970349e-09)
Elapsed time (GPU): 1.229 seconds
[truth] N=60 phi=0.075 seed=2532: 3.0 s -> /mnt/ffs24/home/khanmd/pinn-stokes/tmp/nbody_moments_truth/uniform_N60_phi0.075_seed2532.npz
cluster created
Converged after 57 iterations (max diff = 7.653667e-09)
Elapsed time (GPU): 1.516 seconds
[truth] N=70 phi=0.075 seed=2623: 3.3 s -> /mnt/ffs24/home/khanmd/pinn-stokes/tmp/nbody_moments_truth/uniform_N70_phi0.075_seed2623.npz
cluster created
Converged after 67 iterations (max diff = 8.688709e-09)
Elapsed time (GPU): 1.789 seconds
[truth] N=70 phi=0.075 seed=2624: 3.6 s -> /mnt/ffs24/home/khanmd/pinn-stokes/tmp/nbody_moments_truth/uniform_N70_phi0.075_seed2624.npz
cluster created
Converged after 60 iterations (max diff = 8.972635e-09)
Elapsed time (GPU): 1.597 seconds
[truth] N=70 phi=0.075 seed=2625: 3.4 s -> /mnt/ffs24/home/khanmd/pinn-stokes/tmp/nbody_moments_truth/uniform_N70_phi0.075_seed2625.npz
cluster created
Converged after 64 iterations (max diff = 7.992954e-09)
Elapsed time (GPU): 1.709 seconds
[truth] N=70 phi=0.075 seed=2626: 3.5 s -> /mnt/ffs24/home/khanmd/pinn-stokes/tmp/nbody_moments_truth/uniform_N70_phi0.075_seed2626.npz
cluster created
Converged after 54 iterations (max diff = 9.724214e-09)
Elapsed time (GPU): 1.437 seconds
[truth] N=70 phi=0.075 seed=2627: 3.2 s -> /mnt/ffs24/home/khanmd/pinn-stokes/tmp/nbody_moments_truth/uniform_N70_phi0.075_seed2627.npz
cluster created
Converged after 60 iterations (max diff = 9.406763e-09)
Elapsed time (GPU): 1.602 seconds
[truth] N=70 phi=0.075 seed=2628: 3.4 s -> /mnt/ffs24/home/khanmd/pinn-stokes/tmp/nbody_moments_truth/uniform_N70_phi0.075_seed2628.npz
cluster created
Converged after 61 iterations (max diff = 9.187298e-09)
Elapsed time (GPU): 1.623 seconds
[truth] N=70 phi=0.075 seed=2629: 3.4 s -> /mnt/ffs24/home/khanmd/pinn-stokes/tmp/nbody_moments_truth/uniform_N70_phi0.075_seed2629.npz
cluster created
Converged after 36 iterations (max diff = 5.797140e-09)
Elapsed time (GPU): 0.962 seconds
[truth] N=70 phi=0.075 seed=2630: 2.7 s -> /mnt/ffs24/home/khanmd/pinn-stokes/tmp/nbody_moments_truth/uniform_N70_phi0.075_seed2630.npz
cluster created
Converged after 61 iterations (max diff = 8.908713e-09)
Elapsed time (GPU): 1.623 seconds
[truth] N=70 phi=0.075 seed=2631: 3.4 s -> /mnt/ffs24/home/khanmd/pinn-stokes/tmp/nbody_moments_truth/uniform_N70_phi0.075_seed2631.npz
cluster created
Converged after 64 iterations (max diff = 7.416616e-09)
Elapsed time (GPU): 1.709 seconds
[truth] N=70 phi=0.075 seed=2632: 3.5 s -> /mnt/ffs24/home/khanmd/pinn-stokes/tmp/nbody_moments_truth/uniform_N70_phi0.075_seed2632.npz
cluster created
Converged after 52 iterations (max diff = 9.983899e-09)
Elapsed time (GPU): 1.874 seconds
[truth] N=80 phi=0.075 seed=2723: 3.7 s -> /mnt/ffs24/home/khanmd/pinn-stokes/tmp/nbody_moments_truth/uniform_N80_phi0.075_seed2723.npz
cluster created
Converged after 66 iterations (max diff = 9.748067e-09)
Elapsed time (GPU): 2.201 seconds
[truth] N=80 phi=0.075 seed=2724: 4.0 s -> /mnt/ffs24/home/khanmd/pinn-stokes/tmp/nbody_moments_truth/uniform_N80_phi0.075_seed2724.npz
cluster created
Converged after 48 iterations (max diff = 7.220696e-09)
Elapsed time (GPU): 1.602 seconds
[truth] N=80 phi=0.075 seed=2725: 3.4 s -> /mnt/ffs24/home/khanmd/pinn-stokes/tmp/nbody_moments_truth/uniform_N80_phi0.075_seed2725.npz
cluster created
Converged after 48 iterations (max diff = 8.717695e-09)
Elapsed time (GPU): 1.603 seconds
[truth] N=80 phi=0.075 seed=2726: 3.4 s -> /mnt/ffs24/home/khanmd/pinn-stokes/tmp/nbody_moments_truth/uniform_N80_phi0.075_seed2726.npz
cluster created
Converged after 56 iterations (max diff = 8.743344e-09)
Elapsed time (GPU): 1.867 seconds
[truth] N=80 phi=0.075 seed=2727: 3.7 s -> /mnt/ffs24/home/khanmd/pinn-stokes/tmp/nbody_moments_truth/uniform_N80_phi0.075_seed2727.npz
cluster created
Converged after 57 iterations (max diff = 9.707117e-09)
Elapsed time (GPU): 1.901 seconds
[truth] N=80 phi=0.075 seed=2728: 3.7 s -> /mnt/ffs24/home/khanmd/pinn-stokes/tmp/nbody_moments_truth/uniform_N80_phi0.075_seed2728.npz
cluster created
Converged after 61 iterations (max diff = 9.767006e-09)
Elapsed time (GPU): 2.034 seconds
[truth] N=80 phi=0.075 seed=2729: 3.9 s -> /mnt/ffs24/home/khanmd/pinn-stokes/tmp/nbody_moments_truth/uniform_N80_phi0.075_seed2729.npz
cluster created
Converged after 59 iterations (max diff = 6.993713e-09)
Elapsed time (GPU): 1.967 seconds
[truth] N=80 phi=0.075 seed=2730: 3.8 s -> /mnt/ffs24/home/khanmd/pinn-stokes/tmp/nbody_moments_truth/uniform_N80_phi0.075_seed2730.npz
cluster created
Converged after 61 iterations (max diff = 7.317628e-09)
Elapsed time (GPU): 2.035 seconds
[truth] N=80 phi=0.075 seed=2731: 3.8 s -> /mnt/ffs24/home/khanmd/pinn-stokes/tmp/nbody_moments_truth/uniform_N80_phi0.075_seed2731.npz
cluster created
Converged after 47 iterations (max diff = 6.486010e-09)
Elapsed time (GPU): 1.569 seconds
[truth] N=80 phi=0.075 seed=2732: 3.4 s -> /mnt/ffs24/home/khanmd/pinn-stokes/tmp/nbody_moments_truth/uniform_N80_phi0.075_seed2732.npz
cluster created
Converged after 41 iterations (max diff = 5.842615e-09)
Elapsed time (GPU): 1.528 seconds
[truth] N=90 phi=0.075 seed=2823: 3.4 s -> /mnt/ffs24/home/khanmd/pinn-stokes/tmp/nbody_moments_truth/uniform_N90_phi0.075_seed2823.npz
cluster created
Converged after 54 iterations (max diff = 9.313474e-09)
Elapsed time (GPU): 2.010 seconds
[truth] N=90 phi=0.075 seed=2824: 3.8 s -> /mnt/ffs24/home/khanmd/pinn-stokes/tmp/nbody_moments_truth/uniform_N90_phi0.075_seed2824.npz
cluster created
Converged after 64 iterations (max diff = 7.117277e-09)
Elapsed time (GPU): 2.384 seconds
[truth] N=90 phi=0.075 seed=2825: 4.2 s -> /mnt/ffs24/home/khanmd/pinn-stokes/tmp/nbody_moments_truth/uniform_N90_phi0.075_seed2825.npz
cluster created
Converged after 59 iterations (max diff = 7.634666e-09)
Elapsed time (GPU): 2.198 seconds
[truth] N=90 phi=0.075 seed=2826: 4.0 s -> /mnt/ffs24/home/khanmd/pinn-stokes/tmp/nbody_moments_truth/uniform_N90_phi0.075_seed2826.npz
cluster created
Converged after 58 iterations (max diff = 9.179334e-09)
Elapsed time (GPU): 2.160 seconds
[truth] N=90 phi=0.075 seed=2827: 4.0 s -> /mnt/ffs24/home/khanmd/pinn-stokes/tmp/nbody_moments_truth/uniform_N90_phi0.075_seed2827.npz
cluster created
Converged after 60 iterations (max diff = 8.432190e-09)
Elapsed time (GPU): 2.234 seconds
[truth] N=90 phi=0.075 seed=2828: 4.0 s -> /mnt/ffs24/home/khanmd/pinn-stokes/tmp/nbody_moments_truth/uniform_N90_phi0.075_seed2828.npz
cluster created
Converged after 56 iterations (max diff = 7.694733e-09)
Elapsed time (GPU): 2.087 seconds
[truth] N=90 phi=0.075 seed=2829: 3.9 s -> /mnt/ffs24/home/khanmd/pinn-stokes/tmp/nbody_moments_truth/uniform_N90_phi0.075_seed2829.npz
cluster created
Converged after 64 iterations (max diff = 7.652226e-09)
Elapsed time (GPU): 2.386 seconds
[truth] N=90 phi=0.075 seed=2830: 4.2 s -> /mnt/ffs24/home/khanmd/pinn-stokes/tmp/nbody_moments_truth/uniform_N90_phi0.075_seed2830.npz
cluster created
Converged after 45 iterations (max diff = 6.587406e-09)
Elapsed time (GPU): 1.678 seconds
[truth] N=90 phi=0.075 seed=2831: 3.5 s -> /mnt/ffs24/home/khanmd/pinn-stokes/tmp/nbody_moments_truth/uniform_N90_phi0.075_seed2831.npz
cluster created
Converged after 63 iterations (max diff = 8.496342e-09)
Elapsed time (GPU): 2.347 seconds
[truth] N=90 phi=0.075 seed=2832: 4.1 s -> /mnt/ffs24/home/khanmd/pinn-stokes/tmp/nbody_moments_truth/uniform_N90_phi0.075_seed2832.npz
cluster created
Converged after 55 iterations (max diff = 6.924009e-09)
Elapsed time (GPU): 2.535 seconds
[truth] N=100 phi=0.075 seed=2923: 4.3 s -> /mnt/ffs24/home/khanmd/pinn-stokes/tmp/nbody_moments_truth/uniform_N100_phi0.075_seed2923.npz
cluster created
Converged after 42 iterations (max diff = 7.361195e-09)
Elapsed time (GPU): 1.936 seconds
[truth] N=100 phi=0.075 seed=2924: 3.7 s -> /mnt/ffs24/home/khanmd/pinn-stokes/tmp/nbody_moments_truth/uniform_N100_phi0.075_seed2924.npz
cluster created
Converged after 52 iterations (max diff = 7.575969e-09)
Elapsed time (GPU): 2.397 seconds
[truth] N=100 phi=0.075 seed=2925: 4.2 s -> /mnt/ffs24/home/khanmd/pinn-stokes/tmp/nbody_moments_truth/uniform_N100_phi0.075_seed2925.npz
cluster created
Converged after 51 iterations (max diff = 8.340157e-09)
Elapsed time (GPU): 2.351 seconds
[truth] N=100 phi=0.075 seed=2926: 4.1 s -> /mnt/ffs24/home/khanmd/pinn-stokes/tmp/nbody_moments_truth/uniform_N100_phi0.075_seed2926.npz
cluster created
Converged after 61 iterations (max diff = 9.085113e-09)
Elapsed time (GPU): 2.812 seconds
[truth] N=100 phi=0.075 seed=2927: 4.6 s -> /mnt/ffs24/home/khanmd/pinn-stokes/tmp/nbody_moments_truth/uniform_N100_phi0.075_seed2927.npz
cluster created
Converged after 58 iterations (max diff = 9.865759e-09)
Elapsed time (GPU): 2.674 seconds
[truth] N=100 phi=0.075 seed=2928: 4.5 s -> /mnt/ffs24/home/khanmd/pinn-stokes/tmp/nbody_moments_truth/uniform_N100_phi0.075_seed2928.npz
cluster created
Converged after 64 iterations (max diff = 7.452718e-09)
Elapsed time (GPU): 2.950 seconds
[truth] N=100 phi=0.075 seed=2929: 4.7 s -> /mnt/ffs24/home/khanmd/pinn-stokes/tmp/nbody_moments_truth/uniform_N100_phi0.075_seed2929.npz
cluster created
Converged after 51 iterations (max diff = 6.997047e-09)
Elapsed time (GPU): 2.351 seconds
[truth] N=100 phi=0.075 seed=2930: 4.1 s -> /mnt/ffs24/home/khanmd/pinn-stokes/tmp/nbody_moments_truth/uniform_N100_phi0.075_seed2930.npz
cluster created
Converged after 65 iterations (max diff = 9.139397e-09)
Elapsed time (GPU): 2.996 seconds
[truth] N=100 phi=0.075 seed=2931: 4.8 s -> /mnt/ffs24/home/khanmd/pinn-stokes/tmp/nbody_moments_truth/uniform_N100_phi0.075_seed2931.npz
cluster created
Converged after 64 iterations (max diff = 9.146102e-09)
Elapsed time (GPU): 2.949 seconds
[truth] N=100 phi=0.075 seed=2932: 4.7 s -> /mnt/ffs24/home/khanmd/pinn-stokes/tmp/nbody_moments_truth/uniform_N100_phi0.075_seed2932.npz
cluster created
Converged after 52 iterations (max diff = 6.849121e-09)
Elapsed time (GPU): 2.778 seconds
[truth] N=120 phi=0.075 seed=3023: 4.6 s -> /mnt/ffs24/home/khanmd/pinn-stokes/tmp/nbody_moments_truth/uniform_N120_phi0.075_seed3023.npz
cluster created
Converged after 56 iterations (max diff = 6.495676e-09)
Elapsed time (GPU): 2.990 seconds
[truth] N=120 phi=0.075 seed=3024: 4.8 s -> /mnt/ffs24/home/khanmd/pinn-stokes/tmp/nbody_moments_truth/uniform_N120_phi0.075_seed3024.npz
cluster created
Converged after 60 iterations (max diff = 7.530519e-09)
Elapsed time (GPU): 3.204 seconds
[truth] N=120 phi=0.075 seed=3025: 5.0 s -> /mnt/ffs24/home/khanmd/pinn-stokes/tmp/nbody_moments_truth/uniform_N120_phi0.075_seed3025.npz
cluster created
Converged after 66 iterations (max diff = 7.758883e-09)
Elapsed time (GPU): 3.527 seconds
[truth] N=120 phi=0.075 seed=3026: 5.3 s -> /mnt/ffs24/home/khanmd/pinn-stokes/tmp/nbody_moments_truth/uniform_N120_phi0.075_seed3026.npz
cluster created
Converged after 66 iterations (max diff = 9.565507e-09)
Elapsed time (GPU): 3.526 seconds
[truth] N=120 phi=0.075 seed=3027: 5.4 s -> /mnt/ffs24/home/khanmd/pinn-stokes/tmp/nbody_moments_truth/uniform_N120_phi0.075_seed3027.npz
cluster created
Converged after 65 iterations (max diff = 8.830275e-09)
Elapsed time (GPU): 3.471 seconds
[truth] N=120 phi=0.075 seed=3028: 5.3 s -> /mnt/ffs24/home/khanmd/pinn-stokes/tmp/nbody_moments_truth/uniform_N120_phi0.075_seed3028.npz
cluster created
Converged after 60 iterations (max diff = 7.117570e-09)
Elapsed time (GPU): 3.206 seconds
[truth] N=120 phi=0.075 seed=3029: 5.0 s -> /mnt/ffs24/home/khanmd/pinn-stokes/tmp/nbody_moments_truth/uniform_N120_phi0.075_seed3029.npz
cluster created
Converged after 59 iterations (max diff = 8.567013e-09)
Elapsed time (GPU): 3.154 seconds
[truth] N=120 phi=0.075 seed=3030: 5.0 s -> /mnt/ffs24/home/khanmd/pinn-stokes/tmp/nbody_moments_truth/uniform_N120_phi0.075_seed3030.npz
cluster created
Converged after 68 iterations (max diff = 8.492179e-09)
Elapsed time (GPU): 3.634 seconds
[truth] N=120 phi=0.075 seed=3031: 5.4 s -> /mnt/ffs24/home/khanmd/pinn-stokes/tmp/nbody_moments_truth/uniform_N120_phi0.075_seed3031.npz
cluster created
Converged after 52 iterations (max diff = 7.225693e-09)
Elapsed time (GPU): 2.778 seconds
[truth] N=120 phi=0.075 seed=3032: 4.6 s -> /mnt/ffs24/home/khanmd/pinn-stokes/tmp/nbody_moments_truth/uniform_N120_phi0.075_seed3032.npz
cluster created
Converged after 63 iterations (max diff = 9.574545e-09)
Elapsed time (GPU): 6.713 seconds
[truth] N=140 phi=0.075 seed=3123: 8.5 s -> /mnt/ffs24/home/khanmd/pinn-stokes/tmp/nbody_moments_truth/uniform_N140_phi0.075_seed3123.npz
cluster created
Converged after 66 iterations (max diff = 7.540599e-09)
Elapsed time (GPU): 7.032 seconds
[truth] N=140 phi=0.075 seed=3124: 8.8 s -> /mnt/ffs24/home/khanmd/pinn-stokes/tmp/nbody_moments_truth/uniform_N140_phi0.075_seed3124.npz
cluster created
Converged after 64 iterations (max diff = 8.232616e-09)
Elapsed time (GPU): 6.819 seconds
[truth] N=140 phi=0.075 seed=3125: 8.6 s -> /mnt/ffs24/home/khanmd/pinn-stokes/tmp/nbody_moments_truth/uniform_N140_phi0.075_seed3125.npz
cluster created
Converged after 61 iterations (max diff = 8.902743e-09)
Elapsed time (GPU): 6.500 seconds
[truth] N=140 phi=0.075 seed=3126: 8.3 s -> /mnt/ffs24/home/khanmd/pinn-stokes/tmp/nbody_moments_truth/uniform_N140_phi0.075_seed3126.npz
cluster created
Converged after 61 iterations (max diff = 7.327326e-09)
Elapsed time (GPU): 6.500 seconds
[truth] N=140 phi=0.075 seed=3127: 8.3 s -> /mnt/ffs24/home/khanmd/pinn-stokes/tmp/nbody_moments_truth/uniform_N140_phi0.075_seed3127.npz
cluster created
Converged after 63 iterations (max diff = 9.396688e-09)
Elapsed time (GPU): 6.713 seconds
[truth] N=140 phi=0.075 seed=3128: 8.5 s -> /mnt/ffs24/home/khanmd/pinn-stokes/tmp/nbody_moments_truth/uniform_N140_phi0.075_seed3128.npz
cluster created
Converged after 60 iterations (max diff = 8.169547e-09)
Elapsed time (GPU): 6.393 seconds
[truth] N=140 phi=0.075 seed=3129: 8.2 s -> /mnt/ffs24/home/khanmd/pinn-stokes/tmp/nbody_moments_truth/uniform_N140_phi0.075_seed3129.npz
cluster created
Converged after 63 iterations (max diff = 7.561033e-09)
Elapsed time (GPU): 6.713 seconds
[truth] N=140 phi=0.075 seed=3130: 8.5 s -> /mnt/ffs24/home/khanmd/pinn-stokes/tmp/nbody_moments_truth/uniform_N140_phi0.075_seed3130.npz
cluster created
Converged after 64 iterations (max diff = 7.526999e-09)
Elapsed time (GPU): 6.819 seconds
[truth] N=140 phi=0.075 seed=3131: 8.6 s -> /mnt/ffs24/home/khanmd/pinn-stokes/tmp/nbody_moments_truth/uniform_N140_phi0.075_seed3131.npz
cluster created
Converged after 49 iterations (max diff = 9.089931e-09)
Elapsed time (GPU): 5.221 seconds
[truth] N=140 phi=0.075 seed=3132: 7.0 s -> /mnt/ffs24/home/khanmd/pinn-stokes/tmp/nbody_moments_truth/uniform_N140_phi0.075_seed3132.npz
cluster created
Converged after 63 iterations (max diff = 8.645799e-09)
Elapsed time (GPU): 7.480 seconds
[truth] N=160 phi=0.075 seed=3223: 9.3 s -> /mnt/ffs24/home/khanmd/pinn-stokes/tmp/nbody_moments_truth/uniform_N160_phi0.075_seed3223.npz
cluster created
Converged after 66 iterations (max diff = 8.388555e-09)
Elapsed time (GPU): 7.836 seconds
[truth] N=160 phi=0.075 seed=3224: 9.7 s -> /mnt/ffs24/home/khanmd/pinn-stokes/tmp/nbody_moments_truth/uniform_N160_phi0.075_seed3224.npz
cluster created
Converged after 57 iterations (max diff = 7.012774e-09)
Elapsed time (GPU): 6.768 seconds
[truth] N=160 phi=0.075 seed=3225: 8.6 s -> /mnt/ffs24/home/khanmd/pinn-stokes/tmp/nbody_moments_truth/uniform_N160_phi0.075_seed3225.npz
cluster created
Converged after 58 iterations (max diff = 9.712691e-09)
Elapsed time (GPU): 6.887 seconds
[truth] N=160 phi=0.075 seed=3226: 8.7 s -> /mnt/ffs24/home/khanmd/pinn-stokes/tmp/nbody_moments_truth/uniform_N160_phi0.075_seed3226.npz
cluster created
Converged after 44 iterations (max diff = 9.881283e-09)
Elapsed time (GPU): 5.225 seconds
[truth] N=160 phi=0.075 seed=3227: 7.1 s -> /mnt/ffs24/home/khanmd/pinn-stokes/tmp/nbody_moments_truth/uniform_N160_phi0.075_seed3227.npz
cluster created
Converged after 60 iterations (max diff = 7.896290e-09)
Elapsed time (GPU): 7.124 seconds
[truth] N=160 phi=0.075 seed=3228: 9.0 s -> /mnt/ffs24/home/khanmd/pinn-stokes/tmp/nbody_moments_truth/uniform_N160_phi0.075_seed3228.npz
cluster created
Converged after 61 iterations (max diff = 7.267464e-09)
Elapsed time (GPU): 7.243 seconds
[truth] N=160 phi=0.075 seed=3229: 9.1 s -> /mnt/ffs24/home/khanmd/pinn-stokes/tmp/nbody_moments_truth/uniform_N160_phi0.075_seed3229.npz
cluster created
Converged after 53 iterations (max diff = 8.727548e-09)
Elapsed time (GPU): 6.293 seconds
[truth] N=160 phi=0.075 seed=3230: 8.1 s -> /mnt/ffs24/home/khanmd/pinn-stokes/tmp/nbody_moments_truth/uniform_N160_phi0.075_seed3230.npz
cluster created
Converged after 62 iterations (max diff = 9.308847e-09)
Elapsed time (GPU): 7.362 seconds
[truth] N=160 phi=0.075 seed=3231: 9.2 s -> /mnt/ffs24/home/khanmd/pinn-stokes/tmp/nbody_moments_truth/uniform_N160_phi0.075_seed3231.npz
cluster created
Converged after 64 iterations (max diff = 8.091029e-09)
Elapsed time (GPU): 7.599 seconds
[truth] N=160 phi=0.075 seed=3232: 9.4 s -> /mnt/ffs24/home/khanmd/pinn-stokes/tmp/nbody_moments_truth/uniform_N160_phi0.075_seed3232.npz
cluster created
Converged after 63 iterations (max diff = 9.129624e-09)
Elapsed time (GPU): 8.938 seconds
[truth] N=180 phi=0.075 seed=3323: 10.8 s -> /mnt/ffs24/home/khanmd/pinn-stokes/tmp/nbody_moments_truth/uniform_N180_phi0.075_seed3323.npz
cluster created
Converged after 64 iterations (max diff = 8.201956e-09)
Elapsed time (GPU): 9.081 seconds
[truth] N=180 phi=0.075 seed=3324: 10.9 s -> /mnt/ffs24/home/khanmd/pinn-stokes/tmp/nbody_moments_truth/uniform_N180_phi0.075_seed3324.npz
cluster created
Converged after 67 iterations (max diff = 9.959346e-09)
Elapsed time (GPU): 9.507 seconds
[truth] N=180 phi=0.075 seed=3325: 11.4 s -> /mnt/ffs24/home/khanmd/pinn-stokes/tmp/nbody_moments_truth/uniform_N180_phi0.075_seed3325.npz
cluster created
Converged after 60 iterations (max diff = 9.568880e-09)
Elapsed time (GPU): 8.513 seconds
[truth] N=180 phi=0.075 seed=3326: 10.4 s -> /mnt/ffs24/home/khanmd/pinn-stokes/tmp/nbody_moments_truth/uniform_N180_phi0.075_seed3326.npz
cluster created
Converged after 69 iterations (max diff = 7.487554e-09)
Elapsed time (GPU): 9.791 seconds
[truth] N=180 phi=0.075 seed=3327: 11.6 s -> /mnt/ffs24/home/khanmd/pinn-stokes/tmp/nbody_moments_truth/uniform_N180_phi0.075_seed3327.npz
cluster created
Converged after 64 iterations (max diff = 6.997204e-09)
Elapsed time (GPU): 9.081 seconds
[truth] N=180 phi=0.075 seed=3328: 10.9 s -> /mnt/ffs24/home/khanmd/pinn-stokes/tmp/nbody_moments_truth/uniform_N180_phi0.075_seed3328.npz
cluster created
Converged after 65 iterations (max diff = 9.748151e-09)
Elapsed time (GPU): 9.222 seconds
[truth] N=180 phi=0.075 seed=3329: 11.1 s -> /mnt/ffs24/home/khanmd/pinn-stokes/tmp/nbody_moments_truth/uniform_N180_phi0.075_seed3329.npz
cluster created
Converged after 61 iterations (max diff = 9.491227e-09)
Elapsed time (GPU): 8.658 seconds
[truth] N=180 phi=0.075 seed=3330: 10.5 s -> /mnt/ffs24/home/khanmd/pinn-stokes/tmp/nbody_moments_truth/uniform_N180_phi0.075_seed3330.npz
cluster created
Converged after 57 iterations (max diff = 8.428143e-09)
Elapsed time (GPU): 8.089 seconds
[truth] N=180 phi=0.075 seed=3331: 9.9 s -> /mnt/ffs24/home/khanmd/pinn-stokes/tmp/nbody_moments_truth/uniform_N180_phi0.075_seed3331.npz
cluster created
Converged after 59 iterations (max diff = 9.835167e-09)
Elapsed time (GPU): 8.373 seconds
[truth] N=180 phi=0.075 seed=3332: 10.2 s -> /mnt/ffs24/home/khanmd/pinn-stokes/tmp/nbody_moments_truth/uniform_N180_phi0.075_seed3332.npz
cluster created
Converged after 67 iterations (max diff = 9.498962e-09)
Elapsed time (GPU): 10.696 seconds
[truth] N=200 phi=0.075 seed=3423: 12.6 s -> /mnt/ffs24/home/khanmd/pinn-stokes/tmp/nbody_moments_truth/uniform_N200_phi0.075_seed3423.npz
cluster created
Converged after 63 iterations (max diff = 8.981617e-09)
Elapsed time (GPU): 10.057 seconds
[truth] N=200 phi=0.075 seed=3424: 11.9 s -> /mnt/ffs24/home/khanmd/pinn-stokes/tmp/nbody_moments_truth/uniform_N200_phi0.075_seed3424.npz
cluster created
Converged after 67 iterations (max diff = 6.443475e-09)
Elapsed time (GPU): 10.695 seconds
[truth] N=200 phi=0.075 seed=3425: 12.6 s -> /mnt/ffs24/home/khanmd/pinn-stokes/tmp/nbody_moments_truth/uniform_N200_phi0.075_seed3425.npz
cluster created
Converged after 61 iterations (max diff = 9.066012e-09)
Elapsed time (GPU): 9.740 seconds
[truth] N=200 phi=0.075 seed=3426: 11.6 s -> /mnt/ffs24/home/khanmd/pinn-stokes/tmp/nbody_moments_truth/uniform_N200_phi0.075_seed3426.npz
cluster created
Converged after 56 iterations (max diff = 8.918328e-09)
Elapsed time (GPU): 8.939 seconds
[truth] N=200 phi=0.075 seed=3427: 10.8 s -> /mnt/ffs24/home/khanmd/pinn-stokes/tmp/nbody_moments_truth/uniform_N200_phi0.075_seed3427.npz
cluster created
Converged after 63 iterations (max diff = 8.204850e-09)
Elapsed time (GPU): 10.057 seconds
[truth] N=200 phi=0.075 seed=3428: 11.9 s -> /mnt/ffs24/home/khanmd/pinn-stokes/tmp/nbody_moments_truth/uniform_N200_phi0.075_seed3428.npz
cluster created
Converged after 65 iterations (max diff = 7.358267e-09)
Elapsed time (GPU): 10.376 seconds
[truth] N=200 phi=0.075 seed=3429: 12.2 s -> /mnt/ffs24/home/khanmd/pinn-stokes/tmp/nbody_moments_truth/uniform_N200_phi0.075_seed3429.npz
cluster created
Converged after 71 iterations (max diff = 9.549112e-09)
Elapsed time (GPU): 11.338 seconds
[truth] N=200 phi=0.075 seed=3430: 13.2 s -> /mnt/ffs24/home/khanmd/pinn-stokes/tmp/nbody_moments_truth/uniform_N200_phi0.075_seed3430.npz
cluster created
Converged after 66 iterations (max diff = 9.711550e-09)
Elapsed time (GPU): 10.537 seconds
[truth] N=200 phi=0.075 seed=3431: 12.4 s -> /mnt/ffs24/home/khanmd/pinn-stokes/tmp/nbody_moments_truth/uniform_N200_phi0.075_seed3431.npz
cluster created
Converged after 64 iterations (max diff = 7.879256e-09)
Elapsed time (GPU): 10.216 seconds
[truth] N=200 phi=0.075 seed=3432: 12.1 s -> /mnt/ffs24/home/khanmd/pinn-stokes/tmp/nbody_moments_truth/uniform_N200_phi0.075_seed3432.npz
Loaded geometry: 54 boundary nodes, 47 source points
Warp 1.12.0.dev0 initialized:
   CUDA Toolkit 12.6, Driver 13.0
   Devices:
     "cpu"      : "x86_64"
     "cuda:0"   : "NVIDIA H200" (140 GiB, sm_90, mempool enabled)
   Kernel cache:
     /mnt/home/khanmd/.cache/warp/1.12.0.dev0
Converged after 27 iterations (max diff = 5.315518e-09)
Mobility computation time: 506.95 ms
fig3 N=200 phi=0.075 seed=123 mfs_coarse           rel_rmse=  0.658%  lin=  0.585%  ang=  0.877%  max=   3.42%  (0.5 s)
Computing neighbor pairs for n-body correction...
Module src.hashgrid_neighbors b882eb1 load on device 'cuda:0' took 13.25 ms  (cached)
no of RPY interactions: 36960
no of NN interactions: 2840
[Mob_Nbody] Base velocity compute time: 280.944 ms
[Mob_Nbody] Post-base path time: 108.235 ms
fig3 N=200 phi=0.075 seed=123 M_nbody_gpu          rel_rmse=  7.229%  lin=  7.918%  ang=  3.660%  max=  18.14%  (0.4 s)
Converged after 26 iterations (max diff = 8.896945e-09)
Mobility computation time: 474.42 ms
fig3 N=200 phi=0.075 seed=124 mfs_coarse           rel_rmse=  0.724%  lin=  0.732%  ang=  0.698%  max=   5.32%  (0.5 s)
Computing neighbor pairs for n-body correction...
no of RPY interactions: 37114
no of NN interactions: 2686
[Mob_Nbody] Base velocity compute time: 3.033 ms
[Mob_Nbody] Post-base path time: 2.174 ms
fig3 N=200 phi=0.075 seed=124 M_nbody_gpu          rel_rmse=  6.271%  lin=  6.962%  ang=  3.391%  max=  17.14%  (0.0 s)
Converged after 24 iterations (max diff = 5.617887e-09)
Mobility computation time: 437.38 ms
fig3 N=200 phi=0.075 seed=125 mfs_coarse           rel_rmse=  0.410%  lin=  0.355%  ang=  0.651%  max=   1.81%  (0.4 s)
Computing neighbor pairs for n-body correction...
no of RPY interactions: 37030
no of NN interactions: 2770
[Mob_Nbody] Base velocity compute time: 3.000 ms
[Mob_Nbody] Post-base path time: 2.149 ms
fig3 N=200 phi=0.075 seed=125 M_nbody_gpu          rel_rmse=  4.524%  lin=  4.723%  ang=  3.050%  max=  13.32%  (0.0 s)
Converged after 27 iterations (max diff = 2.347517e-09)
Mobility computation time: 493.15 ms
fig3 N=200 phi=0.075 seed=126 mfs_coarse           rel_rmse=  0.478%  lin=  0.418%  ang=  0.828%  max=   3.27%  (0.5 s)
Computing neighbor pairs for n-body correction...
no of RPY interactions: 37156
no of NN interactions: 2644
[Mob_Nbody] Base velocity compute time: 3.014 ms
[Mob_Nbody] Post-base path time: 2.157 ms
fig3 N=200 phi=0.075 seed=126 M_nbody_gpu          rel_rmse=  4.691%  lin=  4.794%  ang=  3.690%  max=  13.46%  (0.0 s)
Converged after 25 iterations (max diff = 6.179252e-09)
Mobility computation time: 457.23 ms
fig3 N=200 phi=0.075 seed=127 mfs_coarse           rel_rmse=  0.528%  lin=  0.457%  ang=  0.962%  max=   2.08%  (0.5 s)
Computing neighbor pairs for n-body correction...
no of RPY interactions: 37082
no of NN interactions: 2718
[Mob_Nbody] Base velocity compute time: 3.007 ms
[Mob_Nbody] Post-base path time: 2.175 ms
fig3 N=200 phi=0.075 seed=127 M_nbody_gpu          rel_rmse=  4.116%  lin=  4.188%  ang=  3.385%  max=  12.55%  (0.0 s)
Converged after 27 iterations (max diff = 5.336204e-09)
Mobility computation time: 494.06 ms
fig3 N=200 phi=0.075 seed=128 mfs_coarse           rel_rmse=  0.544%  lin=  0.460%  ang=  0.956%  max=   3.39%  (0.5 s)
Computing neighbor pairs for n-body correction...
no of RPY interactions: 37066
no of NN interactions: 2734
[Mob_Nbody] Base velocity compute time: 2.991 ms
[Mob_Nbody] Post-base path time: 2.150 ms
fig3 N=200 phi=0.075 seed=128 M_nbody_gpu          rel_rmse=  5.985%  lin=  6.210%  ang=  3.979%  max=  14.89%  (0.0 s)
Converged after 26 iterations (max diff = 8.268975e-09)
Mobility computation time: 474.00 ms
fig3 N=200 phi=0.075 seed=129 mfs_coarse           rel_rmse=  0.640%  lin=  0.588%  ang=  0.908%  max=   2.84%  (0.5 s)
Computing neighbor pairs for n-body correction...
no of RPY interactions: 37014
no of NN interactions: 2786
[Mob_Nbody] Base velocity compute time: 2.967 ms
[Mob_Nbody] Post-base path time: 2.155 ms
fig3 N=200 phi=0.075 seed=129 M_nbody_gpu          rel_rmse=  5.447%  lin=  5.676%  ang=  3.617%  max=  16.97%  (0.0 s)
Converged after 27 iterations (max diff = 6.638299e-09)
Mobility computation time: 493.98 ms
fig3 N=200 phi=0.075 seed=130 mfs_coarse           rel_rmse=  0.615%  lin=  0.567%  ang=  0.785%  max=   5.26%  (0.5 s)
Computing neighbor pairs for n-body correction...
no of RPY interactions: 37096
no of NN interactions: 2704
[Mob_Nbody] Base velocity compute time: 2.996 ms
[Mob_Nbody] Post-base path time: 2.147 ms
fig3 N=200 phi=0.075 seed=130 M_nbody_gpu          rel_rmse=  6.861%  lin=  7.457%  ang=  3.470%  max=  22.62%  (0.0 s)
Converged after 28 iterations (max diff = 9.011607e-09)
Mobility computation time: 510.81 ms
fig3 N=200 phi=0.075 seed=131 mfs_coarse           rel_rmse=  0.713%  lin=  0.600%  ang=  1.143%  max=   4.36%  (0.5 s)
Computing neighbor pairs for n-body correction...
no of RPY interactions: 36974
no of NN interactions: 2826
[Mob_Nbody] Base velocity compute time: 2.986 ms
[Mob_Nbody] Post-base path time: 2.151 ms
fig3 N=200 phi=0.075 seed=131 M_nbody_gpu          rel_rmse=  5.059%  lin=  5.281%  ang=  3.636%  max=  15.07%  (0.0 s)
Converged after 28 iterations (max diff = 5.694933e-09)
Mobility computation time: 510.90 ms
fig3 N=200 phi=0.075 seed=132 mfs_coarse           rel_rmse=  0.884%  lin=  0.784%  ang=  1.124%  max=   3.54%  (0.5 s)
Computing neighbor pairs for n-body correction...
no of RPY interactions: 36912
no of NN interactions: 2888
[Mob_Nbody] Base velocity compute time: 3.007 ms
[Mob_Nbody] Post-base path time: 2.154 ms
fig3 N=200 phi=0.075 seed=132 M_nbody_gpu          rel_rmse=  7.041%  lin=  7.864%  ang=  3.781%  max=  24.88%  (0.0 s)
Converged after 28 iterations (max diff = 7.110753e-09)
Mobility computation time: 766.06 ms
fig3 N=300 phi=0.075 seed=123 mfs_coarse           rel_rmse=  0.667%  lin=  0.595%  ang=  0.848%  max=   3.72%  (0.8 s)
Computing neighbor pairs for n-body correction...
no of RPY interactions: 85308
no of NN interactions: 4392
[Mob_Nbody] Base velocity compute time: 4.402 ms
[Mob_Nbody] Post-base path time: 2.134 ms
fig3 N=300 phi=0.075 seed=123 M_nbody_gpu          rel_rmse=  8.291%  lin=  9.296%  ang=  3.909%  max=  25.84%  (0.0 s)
Converged after 27 iterations (max diff = 5.015130e-09)
Mobility computation time: 737.72 ms
fig3 N=300 phi=0.075 seed=124 mfs_coarse           rel_rmse=  0.524%  lin=  0.464%  ang=  0.775%  max=   6.73%  (0.7 s)
Computing neighbor pairs for n-body correction...
no of RPY interactions: 85536
no of NN interactions: 4164
[Mob_Nbody] Base velocity compute time: 3.208 ms
[Mob_Nbody] Post-base path time: 2.161 ms
fig3 N=300 phi=0.075 seed=124 M_nbody_gpu          rel_rmse=  6.765%  lin=  7.181%  ang=  3.665%  max=  19.65%  (0.0 s)
Converged after 28 iterations (max diff = 7.869018e-09)
Mobility computation time: 772.42 ms
fig3 N=300 phi=0.075 seed=125 mfs_coarse           rel_rmse=  0.425%  lin=  0.376%  ang=  0.689%  max=   3.60%  (0.8 s)
Computing neighbor pairs for n-body correction...
no of RPY interactions: 85550
no of NN interactions: 4150
[Mob_Nbody] Base velocity compute time: 3.186 ms
[Mob_Nbody] Post-base path time: 2.136 ms
fig3 N=300 phi=0.075 seed=125 M_nbody_gpu          rel_rmse=  4.728%  lin=  4.902%  ang=  3.114%  max=  13.90%  (0.0 s)
Converged after 28 iterations (max diff = 4.634359e-09)
Mobility computation time: 770.61 ms
fig3 N=300 phi=0.075 seed=126 mfs_coarse           rel_rmse=  0.776%  lin=  0.722%  ang=  0.927%  max=   4.10%  (0.8 s)
Computing neighbor pairs for n-body correction...
no of RPY interactions: 85442
no of NN interactions: 4258
[Mob_Nbody] Base velocity compute time: 3.169 ms
[Mob_Nbody] Post-base path time: 2.157 ms
fig3 N=300 phi=0.075 seed=126 M_nbody_gpu          rel_rmse=  7.167%  lin=  7.943%  ang=  3.755%  max=  21.03%  (0.0 s)
Converged after 28 iterations (max diff = 4.884801e-09)
Mobility computation time: 769.66 ms
fig3 N=300 phi=0.075 seed=127 mfs_coarse           rel_rmse=  0.421%  lin=  0.358%  ang=  0.837%  max=   3.25%  (0.8 s)
Computing neighbor pairs for n-body correction...
no of RPY interactions: 85376
no of NN interactions: 4324
[Mob_Nbody] Base velocity compute time: 3.261 ms
[Mob_Nbody] Post-base path time: 2.186 ms
fig3 N=300 phi=0.075 seed=127 M_nbody_gpu          rel_rmse=  5.159%  lin=  5.262%  ang=  3.889%  max=  20.65%  (0.0 s)
Converged after 27 iterations (max diff = 6.212912e-09)
Mobility computation time: 744.82 ms
fig3 N=300 phi=0.075 seed=128 mfs_coarse           rel_rmse=  0.556%  lin=  0.476%  ang=  0.873%  max=   5.26%  (0.7 s)
Computing neighbor pairs for n-body correction...
no of RPY interactions: 85352
no of NN interactions: 4348
[Mob_Nbody] Base velocity compute time: 3.162 ms
[Mob_Nbody] Post-base path time: 2.143 ms
fig3 N=300 phi=0.075 seed=128 M_nbody_gpu          rel_rmse=  6.434%  lin=  6.834%  ang=  3.525%  max=  24.76%  (0.0 s)
Converged after 31 iterations (max diff = 6.939263e-09)
Mobility computation time: 852.08 ms
fig3 N=300 phi=0.075 seed=129 mfs_coarse           rel_rmse=  0.542%  lin=  0.492%  ang=  0.824%  max=   2.78%  (0.9 s)
Computing neighbor pairs for n-body correction...
no of RPY interactions: 85458
no of NN interactions: 4242
[Mob_Nbody] Base velocity compute time: 3.159 ms
[Mob_Nbody] Post-base path time: 2.176 ms
fig3 N=300 phi=0.075 seed=129 M_nbody_gpu          rel_rmse=  4.934%  lin=  5.094%  ang=  3.523%  max=  12.65%  (0.0 s)
Converged after 26 iterations (max diff = 5.209476e-09)
Mobility computation time: 716.70 ms
fig3 N=300 phi=0.075 seed=130 mfs_coarse           rel_rmse=  0.610%  lin=  0.551%  ang=  0.837%  max=   2.90%  (0.7 s)
Computing neighbor pairs for n-body correction...
no of RPY interactions: 85540
no of NN interactions: 4160
[Mob_Nbody] Base velocity compute time: 3.211 ms
[Mob_Nbody] Post-base path time: 2.154 ms
fig3 N=300 phi=0.075 seed=130 M_nbody_gpu          rel_rmse=  5.936%  lin=  6.345%  ang=  3.373%  max=  23.66%  (0.0 s)
Converged after 30 iterations (max diff = 5.536115e-09)
Mobility computation time: 821.54 ms
fig3 N=300 phi=0.075 seed=131 mfs_coarse           rel_rmse=  0.779%  lin=  0.709%  ang=  1.038%  max=   4.99%  (0.8 s)
Computing neighbor pairs for n-body correction...
no of RPY interactions: 85446
no of NN interactions: 4254
[Mob_Nbody] Base velocity compute time: 3.172 ms
[Mob_Nbody] Post-base path time: 2.179 ms
fig3 N=300 phi=0.075 seed=131 M_nbody_gpu          rel_rmse=  6.864%  lin=  7.365%  ang=  3.827%  max=  22.31%  (0.0 s)
Converged after 27 iterations (max diff = 5.827779e-09)
Mobility computation time: 741.29 ms
fig3 N=300 phi=0.075 seed=132 mfs_coarse           rel_rmse=  0.626%  lin=  0.590%  ang=  0.817%  max=   3.90%  (0.7 s)
Computing neighbor pairs for n-body correction...
no of RPY interactions: 85388
no of NN interactions: 4312
[Mob_Nbody] Base velocity compute time: 3.163 ms
[Mob_Nbody] Post-base path time: 2.145 ms
fig3 N=300 phi=0.075 seed=132 M_nbody_gpu          rel_rmse=  4.723%  lin=  4.927%  ang=  3.140%  max=  17.82%  (0.0 s)
Converged after 25 iterations (max diff = 6.712781e-09)
Mobility computation time: 47.87 ms
fig4 N=20 phi=0.075 seed=2123 mfs_coarse           rel_rmse=  0.700%  lin=  0.530%  ang=  1.152%  max=   1.91%  (0.0 s)
Computing neighbor pairs for n-body correction...
no of RPY interactions: 190
no of NN interactions: 190
[Mob_Nbody] Base velocity compute time: 12.555 ms
[Mob_Nbody] Post-base path time: 2.185 ms
fig4 N=20 phi=0.075 seed=2123 M_nbody_gpu          rel_rmse=  3.046%  lin=  3.067%  ang=  2.959%  max=   5.52%  (0.0 s)
Converged after 24 iterations (max diff = 5.370613e-09)
Mobility computation time: 46.28 ms
fig4 N=20 phi=0.075 seed=2124 mfs_coarse           rel_rmse=  0.533%  lin=  0.407%  ang=  1.048%  max=   3.04%  (0.0 s)
Computing neighbor pairs for n-body correction...
no of RPY interactions: 180
no of NN interactions: 200
[Mob_Nbody] Base velocity compute time: 2.892 ms
[Mob_Nbody] Post-base path time: 2.112 ms
fig4 N=20 phi=0.075 seed=2124 M_nbody_gpu          rel_rmse=  2.797%  lin=  2.690%  ang=  3.441%  max=   9.92%  (0.0 s)
Converged after 24 iterations (max diff = 8.097363e-09)
Mobility computation time: 46.05 ms
fig4 N=20 phi=0.075 seed=2125 mfs_coarse           rel_rmse=  0.593%  lin=  0.625%  ang=  0.463%  max=   2.08%  (0.0 s)
Computing neighbor pairs for n-body correction...
no of RPY interactions: 184
no of NN interactions: 196
[Mob_Nbody] Base velocity compute time: 2.806 ms
[Mob_Nbody] Post-base path time: 2.083 ms
fig4 N=20 phi=0.075 seed=2125 M_nbody_gpu          rel_rmse=  3.880%  lin=  3.948%  ang=  3.634%  max=   9.96%  (0.0 s)
Converged after 25 iterations (max diff = 6.029978e-09)
Mobility computation time: 47.83 ms
fig4 N=20 phi=0.075 seed=2126 mfs_coarse           rel_rmse=  0.355%  lin=  0.237%  ang=  0.633%  max=   1.15%  (0.0 s)
Computing neighbor pairs for n-body correction...
no of RPY interactions: 172
no of NN interactions: 208
[Mob_Nbody] Base velocity compute time: 2.877 ms
[Mob_Nbody] Post-base path time: 2.102 ms
fig4 N=20 phi=0.075 seed=2126 M_nbody_gpu          rel_rmse=  3.333%  lin=  3.366%  ang=  3.199%  max=   6.61%  (0.0 s)
Converged after 28 iterations (max diff = 4.800824e-09)
Mobility computation time: 53.72 ms
fig4 N=20 phi=0.075 seed=2127 mfs_coarse           rel_rmse=  1.112%  lin=  1.015%  ang=  1.372%  max=   2.42%  (0.1 s)
Computing neighbor pairs for n-body correction...
no of RPY interactions: 182
no of NN interactions: 198
[Mob_Nbody] Base velocity compute time: 2.844 ms
[Mob_Nbody] Post-base path time: 2.105 ms
fig4 N=20 phi=0.075 seed=2127 M_nbody_gpu          rel_rmse=  3.737%  lin=  3.979%  ang=  2.852%  max=   7.82%  (0.0 s)
Converged after 24 iterations (max diff = 5.202093e-09)
Mobility computation time: 45.90 ms
fig4 N=20 phi=0.075 seed=2128 mfs_coarse           rel_rmse=  1.322%  lin=  1.491%  ang=  0.790%  max=   4.23%  (0.0 s)
Computing neighbor pairs for n-body correction...
no of RPY interactions: 182
no of NN interactions: 198
[Mob_Nbody] Base velocity compute time: 2.749 ms
[Mob_Nbody] Post-base path time: 2.058 ms
fig4 N=20 phi=0.075 seed=2128 M_nbody_gpu          rel_rmse=  4.933%  lin=  5.532%  ang=  3.086%  max=   8.65%  (0.0 s)
Converged after 24 iterations (max diff = 5.828236e-09)
Mobility computation time: 46.36 ms
fig4 N=20 phi=0.075 seed=2129 mfs_coarse           rel_rmse=  1.090%  lin=  0.960%  ang=  1.280%  max=   3.15%  (0.0 s)
Computing neighbor pairs for n-body correction...
no of RPY interactions: 158
no of NN interactions: 222
[Mob_Nbody] Base velocity compute time: 2.855 ms
[Mob_Nbody] Post-base path time: 2.092 ms
fig4 N=20 phi=0.075 seed=2129 M_nbody_gpu          rel_rmse=  5.190%  lin=  5.580%  ang=  4.460%  max=  11.00%  (0.0 s)
Converged after 20 iterations (max diff = 3.282559e-09)
Mobility computation time: 38.81 ms
fig4 N=20 phi=0.075 seed=2130 mfs_coarse           rel_rmse=  0.206%  lin=  0.157%  ang=  0.406%  max=   0.98%  (0.0 s)
Computing neighbor pairs for n-body correction...
no of RPY interactions: 178
no of NN interactions: 202
[Mob_Nbody] Base velocity compute time: 2.783 ms
[Mob_Nbody] Post-base path time: 2.087 ms
fig4 N=20 phi=0.075 seed=2130 M_nbody_gpu          rel_rmse=  2.184%  lin=  2.214%  ang=  1.957%  max=   5.69%  (0.0 s)
Converged after 23 iterations (max diff = 3.805981e-09)
Mobility computation time: 44.40 ms
fig4 N=20 phi=0.075 seed=2131 mfs_coarse           rel_rmse=  0.698%  lin=  0.768%  ang=  0.582%  max=   2.42%  (0.0 s)
Computing neighbor pairs for n-body correction...
no of RPY interactions: 162
no of NN interactions: 218
[Mob_Nbody] Base velocity compute time: 2.783 ms
[Mob_Nbody] Post-base path time: 2.125 ms
fig4 N=20 phi=0.075 seed=2131 M_nbody_gpu          rel_rmse=  4.188%  lin=  5.103%  ang=  2.296%  max=   8.66%  (0.0 s)
Converged after 21 iterations (max diff = 3.871976e-09)
Mobility computation time: 40.50 ms
fig4 N=20 phi=0.075 seed=2132 mfs_coarse           rel_rmse=  0.651%  lin=  0.716%  ang=  0.512%  max=   2.59%  (0.0 s)
Computing neighbor pairs for n-body correction...
no of RPY interactions: 174
no of NN interactions: 206
[Mob_Nbody] Base velocity compute time: 2.769 ms
[Mob_Nbody] Post-base path time: 2.076 ms
fig4 N=20 phi=0.075 seed=2132 M_nbody_gpu          rel_rmse=  3.892%  lin=  4.406%  ang=  2.703%  max=  13.93%  (0.0 s)
Converged after 28 iterations (max diff = 8.291881e-09)
Mobility computation time: 79.03 ms
fig4 N=30 phi=0.075 seed=2223 mfs_coarse           rel_rmse=  1.026%  lin=  1.008%  ang=  1.081%  max=   3.46%  (0.1 s)
Computing neighbor pairs for n-body correction...
no of RPY interactions: 576
no of NN interactions: 294
[Mob_Nbody] Base velocity compute time: 2.943 ms
[Mob_Nbody] Post-base path time: 2.170 ms
fig4 N=30 phi=0.075 seed=2223 M_nbody_gpu          rel_rmse=  3.864%  lin=  4.135%  ang=  2.873%  max=   8.90%  (0.0 s)
Converged after 25 iterations (max diff = 5.914960e-09)
Mobility computation time: 71.05 ms
fig4 N=30 phi=0.075 seed=2224 mfs_coarse           rel_rmse=  0.398%  lin=  0.225%  ang=  0.907%  max=   1.20%  (0.1 s)
Computing neighbor pairs for n-body correction...
no of RPY interactions: 508
no of NN interactions: 362
[Mob_Nbody] Base velocity compute time: 2.918 ms
[Mob_Nbody] Post-base path time: 2.177 ms
fig4 N=30 phi=0.075 seed=2224 M_nbody_gpu          rel_rmse=  3.206%  lin=  3.219%  ang=  3.125%  max=   7.14%  (0.0 s)
Converged after 26 iterations (max diff = 8.634418e-09)
Mobility computation time: 73.81 ms
fig4 N=30 phi=0.075 seed=2225 mfs_coarse           rel_rmse=  0.672%  lin=  0.626%  ang=  0.751%  max=   2.63%  (0.1 s)
Computing neighbor pairs for n-body correction...
no of RPY interactions: 500
no of NN interactions: 370
[Mob_Nbody] Base velocity compute time: 2.951 ms
[Mob_Nbody] Post-base path time: 2.176 ms
fig4 N=30 phi=0.075 seed=2225 M_nbody_gpu          rel_rmse=  4.864%  lin=  5.661%  ang=  2.799%  max=  17.07%  (0.0 s)
Converged after 24 iterations (max diff = 3.312988e-09)
Mobility computation time: 68.25 ms
fig4 N=30 phi=0.075 seed=2226 mfs_coarse           rel_rmse=  0.527%  lin=  0.374%  ang=  0.907%  max=   1.44%  (0.1 s)
Computing neighbor pairs for n-body correction...
no of RPY interactions: 540
no of NN interactions: 330
[Mob_Nbody] Base velocity compute time: 2.925 ms
[Mob_Nbody] Post-base path time: 2.162 ms
fig4 N=30 phi=0.075 seed=2226 M_nbody_gpu          rel_rmse=  3.539%  lin=  3.603%  ang=  3.272%  max=   7.56%  (0.0 s)
Converged after 23 iterations (max diff = 6.548751e-09)
Mobility computation time: 65.33 ms
fig4 N=30 phi=0.075 seed=2227 mfs_coarse           rel_rmse=  0.738%  lin=  0.680%  ang=  0.930%  max=   1.98%  (0.1 s)
Computing neighbor pairs for n-body correction...
no of RPY interactions: 556
no of NN interactions: 314
[Mob_Nbody] Base velocity compute time: 2.896 ms
[Mob_Nbody] Post-base path time: 2.137 ms
fig4 N=30 phi=0.075 seed=2227 M_nbody_gpu          rel_rmse=  3.784%  lin=  3.849%  ang=  3.520%  max=   6.54%  (0.0 s)
Converged after 24 iterations (max diff = 4.190694e-09)
Mobility computation time: 67.94 ms
fig4 N=30 phi=0.075 seed=2228 mfs_coarse           rel_rmse=  0.520%  lin=  0.549%  ang=  0.420%  max=   2.43%  (0.1 s)
Computing neighbor pairs for n-body correction...
no of RPY interactions: 536
no of NN interactions: 334
[Mob_Nbody] Base velocity compute time: 2.910 ms
[Mob_Nbody] Post-base path time: 2.169 ms
fig4 N=30 phi=0.075 seed=2228 M_nbody_gpu          rel_rmse=  3.927%  lin=  4.032%  ang=  3.584%  max=   8.29%  (0.0 s)
Converged after 26 iterations (max diff = 6.373163e-09)
Mobility computation time: 73.42 ms
fig4 N=30 phi=0.075 seed=2229 mfs_coarse           rel_rmse=  0.506%  lin=  0.392%  ang=  0.954%  max=   1.09%  (0.1 s)
Computing neighbor pairs for n-body correction...
no of RPY interactions: 554
no of NN interactions: 316
[Mob_Nbody] Base velocity compute time: 2.936 ms
[Mob_Nbody] Post-base path time: 2.163 ms
fig4 N=30 phi=0.075 seed=2229 M_nbody_gpu          rel_rmse=  3.382%  lin=  3.315%  ang=  3.782%  max=   6.39%  (0.0 s)
Converged after 22 iterations (max diff = 4.071841e-09)
Mobility computation time: 62.50 ms
fig4 N=30 phi=0.075 seed=2230 mfs_coarse           rel_rmse=  0.351%  lin=  0.355%  ang=  0.338%  max=   1.03%  (0.1 s)
Computing neighbor pairs for n-body correction...
no of RPY interactions: 560
no of NN interactions: 310
[Mob_Nbody] Base velocity compute time: 2.901 ms
[Mob_Nbody] Post-base path time: 2.163 ms
fig4 N=30 phi=0.075 seed=2230 M_nbody_gpu          rel_rmse=  3.215%  lin=  3.452%  ang=  2.245%  max=   7.07%  (0.0 s)
Converged after 21 iterations (max diff = 3.280682e-09)
Mobility computation time: 59.61 ms
fig4 N=30 phi=0.075 seed=2231 mfs_coarse           rel_rmse=  0.254%  lin=  0.287%  ang=  0.181%  max=   0.96%  (0.1 s)
Computing neighbor pairs for n-body correction...
no of RPY interactions: 524
no of NN interactions: 346
[Mob_Nbody] Base velocity compute time: 2.876 ms
[Mob_Nbody] Post-base path time: 2.138 ms
fig4 N=30 phi=0.075 seed=2231 M_nbody_gpu          rel_rmse=  3.820%  lin=  4.497%  ang=  2.187%  max=   9.31%  (0.0 s)
Converged after 24 iterations (max diff = 7.507505e-09)
Mobility computation time: 68.38 ms
fig4 N=30 phi=0.075 seed=2232 mfs_coarse           rel_rmse=  0.501%  lin=  0.307%  ang=  0.863%  max=   1.98%  (0.1 s)
Computing neighbor pairs for n-body correction...
no of RPY interactions: 488
no of NN interactions: 382
[Mob_Nbody] Base velocity compute time: 2.906 ms
[Mob_Nbody] Post-base path time: 2.164 ms
fig4 N=30 phi=0.075 seed=2232 M_nbody_gpu          rel_rmse=  3.093%  lin=  3.247%  ang=  2.545%  max=   5.63%  (0.0 s)
Converged after 25 iterations (max diff = 7.049908e-09)
Mobility computation time: 93.90 ms
fig4 N=40 phi=0.075 seed=2323 mfs_coarse           rel_rmse=  1.070%  lin=  1.279%  ang=  0.440%  max=   6.22%  (0.1 s)
Computing neighbor pairs for n-body correction...
no of RPY interactions: 1088
no of NN interactions: 472
[Mob_Nbody] Base velocity compute time: 2.931 ms
[Mob_Nbody] Post-base path time: 2.187 ms
fig4 N=40 phi=0.075 seed=2323 M_nbody_gpu          rel_rmse=  4.616%  lin=  5.345%  ang=  2.678%  max=  10.96%  (0.0 s)
Converged after 26 iterations (max diff = 4.896258e-09)
Mobility computation time: 97.61 ms
fig4 N=40 phi=0.075 seed=2324 mfs_coarse           rel_rmse=  0.914%  lin=  0.759%  ang=  1.096%  max=   2.95%  (0.1 s)
Computing neighbor pairs for n-body correction...
no of RPY interactions: 1126
no of NN interactions: 434
[Mob_Nbody] Base velocity compute time: 2.952 ms
[Mob_Nbody] Post-base path time: 2.181 ms
fig4 N=40 phi=0.075 seed=2324 M_nbody_gpu          rel_rmse=  4.472%  lin=  5.245%  ang=  3.073%  max=   9.89%  (0.0 s)
Converged after 28 iterations (max diff = 4.066116e-09)
Mobility computation time: 105.26 ms
fig4 N=40 phi=0.075 seed=2325 mfs_coarse           rel_rmse=  1.201%  lin=  1.119%  ang=  1.425%  max=   3.40%  (0.1 s)
Computing neighbor pairs for n-body correction...
no of RPY interactions: 1148
no of NN interactions: 412
[Mob_Nbody] Base velocity compute time: 2.936 ms
[Mob_Nbody] Post-base path time: 2.183 ms
fig4 N=40 phi=0.075 seed=2325 M_nbody_gpu          rel_rmse=  4.873%  lin=  5.193%  ang=  3.716%  max=   9.34%  (0.0 s)
Converged after 26 iterations (max diff = 7.370915e-09)
Mobility computation time: 97.43 ms
fig4 N=40 phi=0.075 seed=2326 mfs_coarse           rel_rmse=  0.978%  lin=  0.689%  ang=  1.468%  max=   3.48%  (0.1 s)
Computing neighbor pairs for n-body correction...
no of RPY interactions: 1096
no of NN interactions: 464
[Mob_Nbody] Base velocity compute time: 2.920 ms
[Mob_Nbody] Post-base path time: 2.168 ms
fig4 N=40 phi=0.075 seed=2326 M_nbody_gpu          rel_rmse=  5.247%  lin=  5.825%  ang=  3.408%  max=  20.83%  (0.0 s)
Converged after 26 iterations (max diff = 3.913932e-09)
Mobility computation time: 98.39 ms
fig4 N=40 phi=0.075 seed=2327 mfs_coarse           rel_rmse=  0.614%  lin=  0.506%  ang=  0.875%  max=   1.98%  (0.1 s)
Computing neighbor pairs for n-body correction...
no of RPY interactions: 1010
no of NN interactions: 550
[Mob_Nbody] Base velocity compute time: 2.940 ms
[Mob_Nbody] Post-base path time: 2.255 ms
fig4 N=40 phi=0.075 seed=2327 M_nbody_gpu          rel_rmse=  4.845%  lin=  5.187%  ang=  3.528%  max=   9.04%  (0.0 s)
Converged after 21 iterations (max diff = 3.781440e-09)
Mobility computation time: 78.76 ms
fig4 N=40 phi=0.075 seed=2328 mfs_coarse           rel_rmse=  0.246%  lin=  0.254%  ang=  0.229%  max=   0.78%  (0.1 s)
Computing neighbor pairs for n-body correction...
no of RPY interactions: 1102
no of NN interactions: 458
[Mob_Nbody] Base velocity compute time: 2.918 ms
[Mob_Nbody] Post-base path time: 2.164 ms
fig4 N=40 phi=0.075 seed=2328 M_nbody_gpu          rel_rmse=  3.850%  lin=  4.455%  ang=  2.183%  max=   8.52%  (0.0 s)
Converged after 27 iterations (max diff = 8.777918e-09)
Mobility computation time: 100.60 ms
fig4 N=40 phi=0.075 seed=2329 mfs_coarse           rel_rmse=  0.614%  lin=  0.469%  ang=  0.859%  max=   1.53%  (0.1 s)
Computing neighbor pairs for n-body correction...
no of RPY interactions: 1076
no of NN interactions: 484
[Mob_Nbody] Base velocity compute time: 2.948 ms
[Mob_Nbody] Post-base path time: 2.197 ms
fig4 N=40 phi=0.075 seed=2329 M_nbody_gpu          rel_rmse=  4.860%  lin=  5.306%  ang=  3.628%  max=  10.11%  (0.0 s)
Converged after 27 iterations (max diff = 5.722319e-09)
Mobility computation time: 102.20 ms
fig4 N=40 phi=0.075 seed=2330 mfs_coarse           rel_rmse=  0.804%  lin=  0.730%  ang=  1.000%  max=   3.03%  (0.1 s)
Computing neighbor pairs for n-body correction...
no of RPY interactions: 1080
no of NN interactions: 480
[Mob_Nbody] Base velocity compute time: 2.926 ms
[Mob_Nbody] Post-base path time: 2.177 ms
fig4 N=40 phi=0.075 seed=2330 M_nbody_gpu          rel_rmse=  4.460%  lin=  4.687%  ang=  3.660%  max=  13.95%  (0.0 s)
Converged after 24 iterations (max diff = 6.314685e-09)
Mobility computation time: 89.80 ms
fig4 N=40 phi=0.075 seed=2331 mfs_coarse           rel_rmse=  0.662%  lin=  0.648%  ang=  0.684%  max=   2.66%  (0.1 s)
Computing neighbor pairs for n-body correction...
no of RPY interactions: 1066
no of NN interactions: 494
[Mob_Nbody] Base velocity compute time: 2.933 ms
[Mob_Nbody] Post-base path time: 2.168 ms
fig4 N=40 phi=0.075 seed=2331 M_nbody_gpu          rel_rmse=  5.120%  lin=  6.122%  ang=  2.703%  max=  11.07%  (0.0 s)
Converged after 25 iterations (max diff = 4.884014e-09)
Mobility computation time: 93.98 ms
fig4 N=40 phi=0.075 seed=2332 mfs_coarse           rel_rmse=  0.602%  lin=  0.509%  ang=  0.761%  max=   2.35%  (0.1 s)
Computing neighbor pairs for n-body correction...
no of RPY interactions: 1070
no of NN interactions: 490
[Mob_Nbody] Base velocity compute time: 2.927 ms
[Mob_Nbody] Post-base path time: 2.154 ms
fig4 N=40 phi=0.075 seed=2332 M_nbody_gpu          rel_rmse=  4.238%  lin=  4.783%  ang=  2.772%  max=   9.62%  (0.0 s)
Converged after 24 iterations (max diff = 5.870151e-09)
Mobility computation time: 111.68 ms
fig4 N=50 phi=0.075 seed=2423 mfs_coarse           rel_rmse=  0.480%  lin=  0.436%  ang=  0.767%  max=   1.69%  (0.1 s)
Computing neighbor pairs for n-body correction...
no of RPY interactions: 1806
no of NN interactions: 644
[Mob_Nbody] Base velocity compute time: 2.930 ms
[Mob_Nbody] Post-base path time: 2.167 ms
fig4 N=50 phi=0.075 seed=2423 M_nbody_gpu          rel_rmse=  2.755%  lin=  2.705%  ang=  3.169%  max=   6.31%  (0.0 s)
Converged after 26 iterations (max diff = 9.670921e-09)
Mobility computation time: 121.67 ms
fig4 N=50 phi=0.075 seed=2424 mfs_coarse           rel_rmse=  0.496%  lin=  0.341%  ang=  1.011%  max=   2.01%  (0.1 s)
Computing neighbor pairs for n-body correction...
no of RPY interactions: 1794
no of NN interactions: 656
[Mob_Nbody] Base velocity compute time: 2.966 ms
[Mob_Nbody] Post-base path time: 2.176 ms
fig4 N=50 phi=0.075 seed=2424 M_nbody_gpu          rel_rmse=  3.346%  lin=  3.371%  ang=  3.188%  max=   6.41%  (0.0 s)
Converged after 25 iterations (max diff = 6.203580e-09)
Mobility computation time: 116.53 ms
fig4 N=50 phi=0.075 seed=2425 mfs_coarse           rel_rmse=  0.296%  lin=  0.253%  ang=  0.594%  max=   1.20%  (0.1 s)
Computing neighbor pairs for n-body correction...
no of RPY interactions: 1844
no of NN interactions: 606
[Mob_Nbody] Base velocity compute time: 2.937 ms
[Mob_Nbody] Post-base path time: 2.164 ms
fig4 N=50 phi=0.075 seed=2425 M_nbody_gpu          rel_rmse=  3.326%  lin=  3.382%  ang=  2.622%  max=   8.15%  (0.0 s)
Converged after 22 iterations (max diff = 5.744606e-09)
Mobility computation time: 102.72 ms
fig4 N=50 phi=0.075 seed=2426 mfs_coarse           rel_rmse=  0.465%  lin=  0.430%  ang=  0.578%  max=   3.31%  (0.1 s)
Computing neighbor pairs for n-body correction...
no of RPY interactions: 1868
no of NN interactions: 582
[Mob_Nbody] Base velocity compute time: 2.951 ms
[Mob_Nbody] Post-base path time: 2.190 ms
fig4 N=50 phi=0.075 seed=2426 M_nbody_gpu          rel_rmse=  4.892%  lin=  5.229%  ang=  3.375%  max=  14.88%  (0.0 s)
Converged after 26 iterations (max diff = 8.938127e-09)
Mobility computation time: 121.00 ms
fig4 N=50 phi=0.075 seed=2427 mfs_coarse           rel_rmse=  0.776%  lin=  0.677%  ang=  1.140%  max=   4.30%  (0.1 s)
Computing neighbor pairs for n-body correction...
no of RPY interactions: 1874
no of NN interactions: 576
[Mob_Nbody] Base velocity compute time: 2.962 ms
[Mob_Nbody] Post-base path time: 2.174 ms
fig4 N=50 phi=0.075 seed=2427 M_nbody_gpu          rel_rmse=  3.430%  lin=  3.565%  ang=  2.674%  max=   8.42%  (0.0 s)
Converged after 23 iterations (max diff = 8.917338e-09)
Mobility computation time: 106.72 ms
fig4 N=50 phi=0.075 seed=2428 mfs_coarse           rel_rmse=  0.779%  lin=  0.774%  ang=  0.795%  max=   4.13%  (0.1 s)
Computing neighbor pairs for n-body correction...
no of RPY interactions: 1888
no of NN interactions: 562
[Mob_Nbody] Base velocity compute time: 2.947 ms
[Mob_Nbody] Post-base path time: 2.180 ms
fig4 N=50 phi=0.075 seed=2428 M_nbody_gpu          rel_rmse=  4.334%  lin=  4.649%  ang=  3.023%  max=  10.77%  (0.0 s)
Converged after 24 iterations (max diff = 9.464593e-09)
Mobility computation time: 111.35 ms
fig4 N=50 phi=0.075 seed=2429 mfs_coarse           rel_rmse=  0.976%  lin=  1.036%  ang=  0.875%  max=   4.10%  (0.1 s)
Computing neighbor pairs for n-body correction...
no of RPY interactions: 1862
no of NN interactions: 588
[Mob_Nbody] Base velocity compute time: 2.943 ms
[Mob_Nbody] Post-base path time: 2.176 ms
fig4 N=50 phi=0.075 seed=2429 M_nbody_gpu          rel_rmse=  5.179%  lin=  6.077%  ang=  3.346%  max=  14.32%  (0.0 s)
Converged after 30 iterations (max diff = 3.647382e-09)
Mobility computation time: 139.30 ms
fig4 N=50 phi=0.075 seed=2430 mfs_coarse           rel_rmse=  0.969%  lin=  0.863%  ang=  1.207%  max=   3.21%  (0.1 s)
Computing neighbor pairs for n-body correction...
no of RPY interactions: 1760
no of NN interactions: 690
[Mob_Nbody] Base velocity compute time: 2.925 ms
[Mob_Nbody] Post-base path time: 2.186 ms
fig4 N=50 phi=0.075 seed=2430 M_nbody_gpu          rel_rmse=  5.471%  lin=  5.905%  ang=  4.078%  max=  14.16%  (0.0 s)
Converged after 22 iterations (max diff = 8.449605e-09)
Mobility computation time: 102.58 ms
fig4 N=50 phi=0.075 seed=2431 mfs_coarse           rel_rmse=  0.274%  lin=  0.251%  ang=  0.318%  max=   0.88%  (0.1 s)
Computing neighbor pairs for n-body correction...
no of RPY interactions: 1838
no of NN interactions: 612
[Mob_Nbody] Base velocity compute time: 2.931 ms
[Mob_Nbody] Post-base path time: 2.151 ms
fig4 N=50 phi=0.075 seed=2431 M_nbody_gpu          rel_rmse=  5.200%  lin=  6.056%  ang=  2.519%  max=  13.49%  (0.0 s)
Converged after 26 iterations (max diff = 5.344726e-09)
Mobility computation time: 121.26 ms
fig4 N=50 phi=0.075 seed=2432 mfs_coarse           rel_rmse=  0.688%  lin=  0.731%  ang=  0.546%  max=   2.37%  (0.1 s)
Computing neighbor pairs for n-body correction...
no of RPY interactions: 1878
no of NN interactions: 572
[Mob_Nbody] Base velocity compute time: 2.943 ms
[Mob_Nbody] Post-base path time: 2.163 ms
fig4 N=50 phi=0.075 seed=2432 M_nbody_gpu          rel_rmse=  5.415%  lin=  5.997%  ang=  3.214%  max=  12.48%  (0.0 s)
Converged after 25 iterations (max diff = 8.287144e-09)
Mobility computation time: 138.69 ms
fig4 N=60 phi=0.075 seed=2523 mfs_coarse           rel_rmse=  0.447%  lin=  0.415%  ang=  0.610%  max=   1.62%  (0.1 s)
Computing neighbor pairs for n-body correction...
no of RPY interactions: 2782
no of NN interactions: 758
[Mob_Nbody] Base velocity compute time: 2.942 ms
[Mob_Nbody] Post-base path time: 2.179 ms
fig4 N=60 phi=0.075 seed=2523 M_nbody_gpu          rel_rmse=  4.179%  lin=  4.330%  ang=  3.043%  max=  11.83%  (0.0 s)
Converged after 25 iterations (max diff = 6.095751e-09)
Mobility computation time: 139.78 ms
fig4 N=60 phi=0.075 seed=2524 mfs_coarse           rel_rmse=  0.802%  lin=  0.757%  ang=  0.873%  max=   3.40%  (0.1 s)
Computing neighbor pairs for n-body correction...
no of RPY interactions: 2782
no of NN interactions: 758
[Mob_Nbody] Base velocity compute time: 2.895 ms
[Mob_Nbody] Post-base path time: 2.125 ms
fig4 N=60 phi=0.075 seed=2524 M_nbody_gpu          rel_rmse=  5.501%  lin=  6.630%  ang=  2.707%  max=  16.51%  (0.0 s)
Converged after 27 iterations (max diff = 3.726166e-09)
Mobility computation time: 150.55 ms
fig4 N=60 phi=0.075 seed=2525 mfs_coarse           rel_rmse=  0.624%  lin=  0.417%  ang=  1.048%  max=   1.98%  (0.2 s)
Computing neighbor pairs for n-body correction...
no of RPY interactions: 2826
no of NN interactions: 714
[Mob_Nbody] Base velocity compute time: 2.975 ms
[Mob_Nbody] Post-base path time: 2.189 ms
fig4 N=60 phi=0.075 seed=2525 M_nbody_gpu          rel_rmse=  4.387%  lin=  4.711%  ang=  3.087%  max=   8.74%  (0.0 s)
Converged after 24 iterations (max diff = 5.733400e-09)
Mobility computation time: 132.94 ms
fig4 N=60 phi=0.075 seed=2526 mfs_coarse           rel_rmse=  0.635%  lin=  0.485%  ang=  1.122%  max=   3.37%  (0.1 s)
Computing neighbor pairs for n-body correction...
no of RPY interactions: 2768
no of NN interactions: 772
[Mob_Nbody] Base velocity compute time: 2.940 ms
[Mob_Nbody] Post-base path time: 2.175 ms
fig4 N=60 phi=0.075 seed=2526 M_nbody_gpu          rel_rmse=  4.232%  lin=  4.354%  ang=  3.544%  max=   9.39%  (0.0 s)
Converged after 26 iterations (max diff = 8.839963e-09)
Mobility computation time: 144.37 ms
fig4 N=60 phi=0.075 seed=2527 mfs_coarse           rel_rmse=  0.598%  lin=  0.518%  ang=  0.826%  max=   1.77%  (0.1 s)
Computing neighbor pairs for n-body correction...
no of RPY interactions: 2764
no of NN interactions: 776
[Mob_Nbody] Base velocity compute time: 2.930 ms
[Mob_Nbody] Post-base path time: 2.169 ms
fig4 N=60 phi=0.075 seed=2527 M_nbody_gpu          rel_rmse=  6.724%  lin=  7.192%  ang=  4.622%  max=  19.02%  (0.0 s)
Converged after 28 iterations (max diff = 5.533287e-09)
Mobility computation time: 156.09 ms
fig4 N=60 phi=0.075 seed=2528 mfs_coarse           rel_rmse=  0.957%  lin=  0.802%  ang=  1.422%  max=   5.15%  (0.2 s)
Computing neighbor pairs for n-body correction...
no of RPY interactions: 2786
no of NN interactions: 754
[Mob_Nbody] Base velocity compute time: 2.942 ms
[Mob_Nbody] Post-base path time: 2.169 ms
fig4 N=60 phi=0.075 seed=2528 M_nbody_gpu          rel_rmse=  5.323%  lin=  5.654%  ang=  3.690%  max=  18.83%  (0.0 s)
Converged after 27 iterations (max diff = 5.352271e-09)
Mobility computation time: 150.34 ms
fig4 N=60 phi=0.075 seed=2529 mfs_coarse           rel_rmse=  0.960%  lin=  0.961%  ang=  0.956%  max=   3.88%  (0.2 s)
Computing neighbor pairs for n-body correction...
no of RPY interactions: 2798
no of NN interactions: 742
[Mob_Nbody] Base velocity compute time: 2.955 ms
[Mob_Nbody] Post-base path time: 2.171 ms
fig4 N=60 phi=0.075 seed=2529 M_nbody_gpu          rel_rmse=  5.296%  lin=  5.859%  ang=  3.462%  max=  12.64%  (0.0 s)
Converged after 25 iterations (max diff = 4.366231e-09)
Mobility computation time: 139.16 ms
fig4 N=60 phi=0.075 seed=2530 mfs_coarse           rel_rmse=  0.526%  lin=  0.357%  ang=  0.835%  max=   3.32%  (0.1 s)
Computing neighbor pairs for n-body correction...
no of RPY interactions: 2794
no of NN interactions: 746
[Mob_Nbody] Base velocity compute time: 2.954 ms
[Mob_Nbody] Post-base path time: 2.162 ms
fig4 N=60 phi=0.075 seed=2530 M_nbody_gpu          rel_rmse=  3.837%  lin=  4.222%  ang=  2.446%  max=  11.10%  (0.0 s)
Converged after 25 iterations (max diff = 9.004146e-09)
Mobility computation time: 139.17 ms
fig4 N=60 phi=0.075 seed=2531 mfs_coarse           rel_rmse=  0.707%  lin=  0.653%  ang=  0.944%  max=   3.28%  (0.1 s)
Computing neighbor pairs for n-body correction...
no of RPY interactions: 2844
no of NN interactions: 696
[Mob_Nbody] Base velocity compute time: 2.956 ms
[Mob_Nbody] Post-base path time: 2.177 ms
fig4 N=60 phi=0.075 seed=2531 M_nbody_gpu          rel_rmse=  4.213%  lin=  4.343%  ang=  3.436%  max=  10.54%  (0.0 s)
Converged after 27 iterations (max diff = 6.553604e-09)
Mobility computation time: 150.71 ms
fig4 N=60 phi=0.075 seed=2532 mfs_coarse           rel_rmse=  0.667%  lin=  0.482%  ang=  1.115%  max=   3.16%  (0.2 s)
Computing neighbor pairs for n-body correction...
no of RPY interactions: 2856
no of NN interactions: 684
[Mob_Nbody] Base velocity compute time: 2.946 ms
[Mob_Nbody] Post-base path time: 2.175 ms
fig4 N=60 phi=0.075 seed=2532 M_nbody_gpu          rel_rmse=  4.763%  lin=  5.071%  ang=  3.373%  max=  10.51%  (0.0 s)
Converged after 27 iterations (max diff = 7.109333e-09)
Mobility computation time: 174.13 ms
fig4 N=70 phi=0.075 seed=2623 mfs_coarse           rel_rmse=  0.529%  lin=  0.450%  ang=  0.788%  max=   1.76%  (0.2 s)
Computing neighbor pairs for n-body correction...
no of RPY interactions: 3926
no of NN interactions: 904
[Mob_Nbody] Base velocity compute time: 2.946 ms
[Mob_Nbody] Post-base path time: 2.165 ms
fig4 N=70 phi=0.075 seed=2623 M_nbody_gpu          rel_rmse=  5.371%  lin=  5.689%  ang=  3.670%  max=  11.31%  (0.0 s)
Converged after 27 iterations (max diff = 6.453114e-09)
Mobility computation time: 173.89 ms
fig4 N=70 phi=0.075 seed=2624 mfs_coarse           rel_rmse=  0.735%  lin=  0.648%  ang=  1.158%  max=   2.15%  (0.2 s)
Computing neighbor pairs for n-body correction...
no of RPY interactions: 3946
no of NN interactions: 884
[Mob_Nbody] Base velocity compute time: 2.976 ms
[Mob_Nbody] Post-base path time: 2.170 ms
fig4 N=70 phi=0.075 seed=2624 M_nbody_gpu          rel_rmse=  4.744%  lin=  4.873%  ang=  3.783%  max=  10.01%  (0.0 s)
Converged after 26 iterations (max diff = 7.375713e-09)
Mobility computation time: 168.83 ms
fig4 N=70 phi=0.075 seed=2625 mfs_coarse           rel_rmse=  0.674%  lin=  0.664%  ang=  0.729%  max=   2.10%  (0.2 s)
Computing neighbor pairs for n-body correction...
no of RPY interactions: 3940
no of NN interactions: 890
[Mob_Nbody] Base velocity compute time: 2.987 ms
[Mob_Nbody] Post-base path time: 2.166 ms
fig4 N=70 phi=0.075 seed=2625 M_nbody_gpu          rel_rmse=  4.481%  lin=  4.685%  ang=  3.030%  max=  11.85%  (0.0 s)
Converged after 28 iterations (max diff = 4.782844e-09)
Mobility computation time: 181.35 ms
fig4 N=70 phi=0.075 seed=2626 mfs_coarse           rel_rmse=  0.949%  lin=  0.794%  ang=  1.244%  max=   3.60%  (0.2 s)
Computing neighbor pairs for n-body correction...
no of RPY interactions: 3926
no of NN interactions: 904
[Mob_Nbody] Base velocity compute time: 2.904 ms
[Mob_Nbody] Post-base path time: 2.127 ms
fig4 N=70 phi=0.075 seed=2626 M_nbody_gpu          rel_rmse=  5.317%  lin=  5.909%  ang=  3.509%  max=  13.21%  (0.0 s)
Converged after 25 iterations (max diff = 4.965455e-09)
Mobility computation time: 161.53 ms
fig4 N=70 phi=0.075 seed=2627 mfs_coarse           rel_rmse=  0.710%  lin=  0.644%  ang=  0.906%  max=   2.92%  (0.2 s)
Computing neighbor pairs for n-body correction...
no of RPY interactions: 4010
no of NN interactions: 820
[Mob_Nbody] Base velocity compute time: 2.972 ms
[Mob_Nbody] Post-base path time: 2.186 ms
fig4 N=70 phi=0.075 seed=2627 M_nbody_gpu          rel_rmse=  4.934%  lin=  5.310%  ang=  3.238%  max=  12.99%  (0.0 s)
Converged after 26 iterations (max diff = 7.841368e-09)
Mobility computation time: 167.35 ms
fig4 N=70 phi=0.075 seed=2628 mfs_coarse           rel_rmse=  0.903%  lin=  0.948%  ang=  0.780%  max=   3.16%  (0.2 s)
Computing neighbor pairs for n-body correction...
no of RPY interactions: 3914
no of NN interactions: 916
[Mob_Nbody] Base velocity compute time: 2.962 ms
[Mob_Nbody] Post-base path time: 2.168 ms
fig4 N=70 phi=0.075 seed=2628 M_nbody_gpu          rel_rmse=  5.397%  lin=  6.065%  ang=  3.225%  max=  14.88%  (0.0 s)
Converged after 27 iterations (max diff = 3.545697e-09)
Mobility computation time: 174.75 ms
fig4 N=70 phi=0.075 seed=2629 mfs_coarse           rel_rmse=  0.652%  lin=  0.610%  ang=  0.767%  max=   2.64%  (0.2 s)
Computing neighbor pairs for n-body correction...
no of RPY interactions: 3950
no of NN interactions: 880
[Mob_Nbody] Base velocity compute time: 2.954 ms
[Mob_Nbody] Post-base path time: 2.181 ms
fig4 N=70 phi=0.075 seed=2629 M_nbody_gpu          rel_rmse=  4.516%  lin=  4.915%  ang=  3.004%  max=  14.00%  (0.0 s)
Converged after 22 iterations (max diff = 6.276257e-09)
Mobility computation time: 142.61 ms
fig4 N=70 phi=0.075 seed=2630 mfs_coarse           rel_rmse=  0.368%  lin=  0.336%  ang=  0.526%  max=   1.59%  (0.1 s)
Computing neighbor pairs for n-body correction...
no of RPY interactions: 3986
no of NN interactions: 844
[Mob_Nbody] Base velocity compute time: 2.969 ms
[Mob_Nbody] Post-base path time: 2.169 ms
fig4 N=70 phi=0.075 seed=2630 M_nbody_gpu          rel_rmse=  4.369%  lin=  4.522%  ang=  3.229%  max=   9.56%  (0.0 s)
Converged after 32 iterations (max diff = 6.912298e-09)
Mobility computation time: 206.55 ms
fig4 N=70 phi=0.075 seed=2631 mfs_coarse           rel_rmse=  1.139%  lin=  1.083%  ang=  1.328%  max=   6.26%  (0.2 s)
Computing neighbor pairs for n-body correction...
no of RPY interactions: 3882
no of NN interactions: 948
[Mob_Nbody] Base velocity compute time: 2.964 ms
[Mob_Nbody] Post-base path time: 2.162 ms
fig4 N=70 phi=0.075 seed=2631 M_nbody_gpu          rel_rmse=  5.122%  lin=  5.370%  ang=  4.080%  max=  23.67%  (0.0 s)
Converged after 26 iterations (max diff = 8.257961e-09)
Mobility computation time: 167.41 ms
fig4 N=70 phi=0.075 seed=2632 mfs_coarse           rel_rmse=  0.610%  lin=  0.556%  ang=  0.836%  max=   2.94%  (0.2 s)
Computing neighbor pairs for n-body correction...
no of RPY interactions: 3992
no of NN interactions: 838
[Mob_Nbody] Base velocity compute time: 2.968 ms
[Mob_Nbody] Post-base path time: 2.186 ms
fig4 N=70 phi=0.075 seed=2632 M_nbody_gpu          rel_rmse=  3.649%  lin=  3.775%  ang=  2.893%  max=   7.63%  (0.0 s)
Converged after 26 iterations (max diff = 8.606285e-09)
Mobility computation time: 191.50 ms
fig4 N=80 phi=0.075 seed=2723 mfs_coarse           rel_rmse=  0.659%  lin=  0.583%  ang=  0.804%  max=   3.11%  (0.2 s)
Computing neighbor pairs for n-body correction...
no of RPY interactions: 5306
no of NN interactions: 1014
[Mob_Nbody] Base velocity compute time: 2.951 ms
[Mob_Nbody] Post-base path time: 2.163 ms
fig4 N=80 phi=0.075 seed=2723 M_nbody_gpu          rel_rmse=  5.207%  lin=  5.860%  ang=  3.266%  max=  17.20%  (0.0 s)
Converged after 25 iterations (max diff = 8.366500e-09)
Mobility computation time: 183.99 ms
fig4 N=80 phi=0.075 seed=2724 mfs_coarse           rel_rmse=  0.682%  lin=  0.672%  ang=  0.707%  max=   3.01%  (0.2 s)
Computing neighbor pairs for n-body correction...
no of RPY interactions: 5418
no of NN interactions: 902
[Mob_Nbody] Base velocity compute time: 2.970 ms
[Mob_Nbody] Post-base path time: 2.164 ms
fig4 N=80 phi=0.075 seed=2724 M_nbody_gpu          rel_rmse=  4.374%  lin=  4.847%  ang=  2.702%  max=  11.70%  (0.0 s)
Converged after 26 iterations (max diff = 7.265467e-09)
Mobility computation time: 192.65 ms
fig4 N=80 phi=0.075 seed=2725 mfs_coarse           rel_rmse=  0.475%  lin=  0.398%  ang=  0.772%  max=   2.24%  (0.2 s)
Computing neighbor pairs for n-body correction...
no of RPY interactions: 5224
no of NN interactions: 1096
[Mob_Nbody] Base velocity compute time: 3.088 ms
[Mob_Nbody] Post-base path time: 2.242 ms
fig4 N=80 phi=0.075 seed=2725 M_nbody_gpu          rel_rmse=  4.717%  lin=  4.945%  ang=  3.179%  max=  10.68%  (0.0 s)
Converged after 25 iterations (max diff = 8.559156e-09)
Mobility computation time: 184.57 ms
fig4 N=80 phi=0.075 seed=2726 mfs_coarse           rel_rmse=  0.405%  lin=  0.367%  ang=  0.498%  max=   1.77%  (0.2 s)
Computing neighbor pairs for n-body correction...
no of RPY interactions: 5248
no of NN interactions: 1072
[Mob_Nbody] Base velocity compute time: 2.954 ms
[Mob_Nbody] Post-base path time: 2.162 ms
fig4 N=80 phi=0.075 seed=2726 M_nbody_gpu          rel_rmse=  4.924%  lin=  5.463%  ang=  2.902%  max=  14.09%  (0.0 s)
Converged after 25 iterations (max diff = 4.013229e-09)
Mobility computation time: 183.58 ms
fig4 N=80 phi=0.075 seed=2727 mfs_coarse           rel_rmse=  0.472%  lin=  0.430%  ang=  0.591%  max=   2.78%  (0.2 s)
Computing neighbor pairs for n-body correction...
no of RPY interactions: 5324
no of NN interactions: 996
[Mob_Nbody] Base velocity compute time: 2.981 ms
[Mob_Nbody] Post-base path time: 2.166 ms
fig4 N=80 phi=0.075 seed=2727 M_nbody_gpu          rel_rmse=  5.130%  lin=  5.523%  ang=  3.546%  max=  15.23%  (0.0 s)
Converged after 26 iterations (max diff = 8.244546e-09)
Mobility computation time: 191.36 ms
fig4 N=80 phi=0.075 seed=2728 mfs_coarse           rel_rmse=  0.649%  lin=  0.414%  ang=  1.163%  max=   3.06%  (0.2 s)
Computing neighbor pairs for n-body correction...
no of RPY interactions: 5278
no of NN interactions: 1042
[Mob_Nbody] Base velocity compute time: 2.951 ms
[Mob_Nbody] Post-base path time: 2.182 ms
fig4 N=80 phi=0.075 seed=2728 M_nbody_gpu          rel_rmse=  4.423%  lin=  4.726%  ang=  3.037%  max=  14.43%  (0.0 s)
Converged after 29 iterations (max diff = 5.537522e-09)
Mobility computation time: 213.35 ms
fig4 N=80 phi=0.075 seed=2729 mfs_coarse           rel_rmse=  0.766%  lin=  0.738%  ang=  0.848%  max=   3.03%  (0.2 s)
Computing neighbor pairs for n-body correction...
no of RPY interactions: 5290
no of NN interactions: 1030
[Mob_Nbody] Base velocity compute time: 2.976 ms
[Mob_Nbody] Post-base path time: 2.158 ms
fig4 N=80 phi=0.075 seed=2729 M_nbody_gpu          rel_rmse=  4.734%  lin=  5.057%  ang=  3.564%  max=  11.78%  (0.0 s)
Converged after 27 iterations (max diff = 4.593379e-09)
Mobility computation time: 198.55 ms
fig4 N=80 phi=0.075 seed=2730 mfs_coarse           rel_rmse=  0.801%  lin=  0.763%  ang=  0.892%  max=   3.25%  (0.2 s)
Computing neighbor pairs for n-body correction...
no of RPY interactions: 5280
no of NN interactions: 1040
[Mob_Nbody] Base velocity compute time: 2.942 ms
[Mob_Nbody] Post-base path time: 2.167 ms
fig4 N=80 phi=0.075 seed=2730 M_nbody_gpu          rel_rmse=  5.391%  lin=  6.002%  ang=  3.354%  max=  17.31%  (0.0 s)
Converged after 26 iterations (max diff = 4.322361e-09)
Mobility computation time: 190.81 ms
fig4 N=80 phi=0.075 seed=2731 mfs_coarse           rel_rmse=  0.728%  lin=  0.693%  ang=  0.844%  max=   3.21%  (0.2 s)
Computing neighbor pairs for n-body correction...
no of RPY interactions: 5268
no of NN interactions: 1052
[Mob_Nbody] Base velocity compute time: 2.970 ms
[Mob_Nbody] Post-base path time: 2.152 ms
fig4 N=80 phi=0.075 seed=2731 M_nbody_gpu          rel_rmse=  4.915%  lin=  5.156%  ang=  3.903%  max=  12.67%  (0.0 s)
Converged after 26 iterations (max diff = 5.157818e-09)
Mobility computation time: 191.60 ms
fig4 N=80 phi=0.075 seed=2732 mfs_coarse           rel_rmse=  0.578%  lin=  0.444%  ang=  0.952%  max=   1.39%  (0.2 s)
Computing neighbor pairs for n-body correction...
no of RPY interactions: 5272
no of NN interactions: 1048
[Mob_Nbody] Base velocity compute time: 2.949 ms
[Mob_Nbody] Post-base path time: 2.150 ms
fig4 N=80 phi=0.075 seed=2732 M_nbody_gpu          rel_rmse=  4.728%  lin=  4.960%  ang=  3.606%  max=  13.67%  (0.0 s)
Converged after 23 iterations (max diff = 5.573089e-09)
Mobility computation time: 189.94 ms
fig4 N=90 phi=0.075 seed=2823 mfs_coarse           rel_rmse=  0.331%  lin=  0.294%  ang=  0.526%  max=   1.23%  (0.2 s)
Computing neighbor pairs for n-body correction...
no of RPY interactions: 6834
no of NN interactions: 1176
[Mob_Nbody] Base velocity compute time: 2.960 ms
[Mob_Nbody] Post-base path time: 2.165 ms
fig4 N=90 phi=0.075 seed=2823 M_nbody_gpu          rel_rmse=  4.301%  lin=  4.432%  ang=  3.170%  max=  15.54%  (0.0 s)
Converged after 22 iterations (max diff = 9.634839e-09)
Mobility computation time: 183.65 ms
fig4 N=90 phi=0.075 seed=2824 mfs_coarse           rel_rmse=  0.476%  lin=  0.323%  ang=  0.891%  max=   1.62%  (0.2 s)
Computing neighbor pairs for n-body correction...
no of RPY interactions: 6916
no of NN interactions: 1094
[Mob_Nbody] Base velocity compute time: 2.951 ms
[Mob_Nbody] Post-base path time: 2.150 ms
fig4 N=90 phi=0.075 seed=2824 M_nbody_gpu          rel_rmse=  3.289%  lin=  3.411%  ang=  2.646%  max=  10.82%  (0.0 s)
Converged after 29 iterations (max diff = 7.716261e-09)
Mobility computation time: 239.77 ms
fig4 N=90 phi=0.075 seed=2825 mfs_coarse           rel_rmse=  0.716%  lin=  0.690%  ang=  0.852%  max=   3.02%  (0.2 s)
Computing neighbor pairs for n-body correction...
no of RPY interactions: 6886
no of NN interactions: 1124
[Mob_Nbody] Base velocity compute time: 2.955 ms
[Mob_Nbody] Post-base path time: 2.158 ms
fig4 N=90 phi=0.075 seed=2825 M_nbody_gpu          rel_rmse=  3.872%  lin=  3.887%  ang=  3.780%  max=  16.36%  (0.0 s)
Converged after 25 iterations (max diff = 4.649500e-09)
Mobility computation time: 207.35 ms
fig4 N=90 phi=0.075 seed=2826 mfs_coarse           rel_rmse=  0.614%  lin=  0.560%  ang=  0.829%  max=   4.14%  (0.2 s)
Computing neighbor pairs for n-body correction...
no of RPY interactions: 6844
no of NN interactions: 1166
[Mob_Nbody] Base velocity compute time: 2.937 ms
[Mob_Nbody] Post-base path time: 2.172 ms
fig4 N=90 phi=0.075 seed=2826 M_nbody_gpu          rel_rmse=  5.527%  lin=  5.757%  ang=  4.236%  max=  15.38%  (0.0 s)
Converged after 26 iterations (max diff = 7.274202e-09)
Mobility computation time: 214.83 ms
fig4 N=90 phi=0.075 seed=2827 mfs_coarse           rel_rmse=  0.611%  lin=  0.591%  ang=  0.701%  max=   2.83%  (0.2 s)
Computing neighbor pairs for n-body correction...
no of RPY interactions: 6902
no of NN interactions: 1108
[Mob_Nbody] Base velocity compute time: 2.976 ms
[Mob_Nbody] Post-base path time: 2.170 ms
fig4 N=90 phi=0.075 seed=2827 M_nbody_gpu          rel_rmse=  4.791%  lin=  5.022%  ang=  3.468%  max=  12.87%  (0.0 s)
Converged after 26 iterations (max diff = 8.979449e-09)
Mobility computation time: 216.68 ms
fig4 N=90 phi=0.075 seed=2828 mfs_coarse           rel_rmse=  0.655%  lin=  0.544%  ang=  1.007%  max=   3.91%  (0.2 s)
Computing neighbor pairs for n-body correction...
no of RPY interactions: 6878
no of NN interactions: 1132
[Mob_Nbody] Base velocity compute time: 2.963 ms
[Mob_Nbody] Post-base path time: 2.193 ms
fig4 N=90 phi=0.075 seed=2828 M_nbody_gpu          rel_rmse=  5.642%  lin=  5.987%  ang=  3.775%  max=  14.80%  (0.0 s)
Converged after 31 iterations (max diff = 7.025263e-09)
Mobility computation time: 256.89 ms
fig4 N=90 phi=0.075 seed=2829 mfs_coarse           rel_rmse=  0.367%  lin=  0.306%  ang=  0.717%  max=   1.19%  (0.3 s)
Computing neighbor pairs for n-body correction...
no of RPY interactions: 6792
no of NN interactions: 1218
[Mob_Nbody] Base velocity compute time: 2.941 ms
[Mob_Nbody] Post-base path time: 2.150 ms
fig4 N=90 phi=0.075 seed=2829 M_nbody_gpu          rel_rmse=  4.279%  lin=  4.274%  ang=  4.334%  max=   9.03%  (0.0 s)
Converged after 26 iterations (max diff = 5.119698e-09)
Mobility computation time: 215.38 ms
fig4 N=90 phi=0.075 seed=2830 mfs_coarse           rel_rmse=  0.621%  lin=  0.595%  ang=  0.756%  max=   3.21%  (0.2 s)
Computing neighbor pairs for n-body correction...
no of RPY interactions: 6918
no of NN interactions: 1092
[Mob_Nbody] Base velocity compute time: 2.965 ms
[Mob_Nbody] Post-base path time: 2.154 ms
fig4 N=90 phi=0.075 seed=2830 M_nbody_gpu          rel_rmse=  4.561%  lin=  4.748%  ang=  3.300%  max=  13.86%  (0.0 s)
Converged after 22 iterations (max diff = 9.918841e-09)
Mobility computation time: 182.34 ms
fig4 N=90 phi=0.075 seed=2831 mfs_coarse           rel_rmse=  0.499%  lin=  0.478%  ang=  0.559%  max=   2.72%  (0.2 s)
Computing neighbor pairs for n-body correction...
no of RPY interactions: 6958
no of NN interactions: 1052
[Mob_Nbody] Base velocity compute time: 2.901 ms
[Mob_Nbody] Post-base path time: 2.146 ms
fig4 N=90 phi=0.075 seed=2831 M_nbody_gpu          rel_rmse=  4.388%  lin=  4.825%  ang=  2.555%  max=  13.30%  (0.0 s)
Converged after 27 iterations (max diff = 5.081909e-09)
Mobility computation time: 224.40 ms
fig4 N=90 phi=0.075 seed=2832 mfs_coarse           rel_rmse=  0.819%  lin=  0.727%  ang=  1.078%  max=   4.59%  (0.2 s)
Computing neighbor pairs for n-body correction...
no of RPY interactions: 6862
no of NN interactions: 1148
[Mob_Nbody] Base velocity compute time: 2.963 ms
[Mob_Nbody] Post-base path time: 2.165 ms
fig4 N=90 phi=0.075 seed=2832 M_nbody_gpu          rel_rmse=  4.027%  lin=  4.369%  ang=  2.533%  max=  10.17%  (0.0 s)
Converged after 27 iterations (max diff = 6.356859e-09)
Mobility computation time: 247.99 ms
fig4 N=100 phi=0.075 seed=2923 mfs_coarse           rel_rmse=  0.671%  lin=  0.664%  ang=  0.690%  max=   2.12%  (0.2 s)
Computing neighbor pairs for n-body correction...
no of RPY interactions: 8542
no of NN interactions: 1358
[Mob_Nbody] Base velocity compute time: 2.967 ms
[Mob_Nbody] Post-base path time: 2.182 ms
fig4 N=100 phi=0.075 seed=2923 M_nbody_gpu          rel_rmse=  6.524%  lin=  7.378%  ang=  3.463%  max=  18.89%  (0.0 s)
Converged after 23 iterations (max diff = 4.871857e-09)
Mobility computation time: 211.41 ms
fig4 N=100 phi=0.075 seed=2924 mfs_coarse           rel_rmse=  0.323%  lin=  0.272%  ang=  0.488%  max=   1.70%  (0.2 s)
Computing neighbor pairs for n-body correction...
no of RPY interactions: 8704
no of NN interactions: 1196
[Mob_Nbody] Base velocity compute time: 2.947 ms
[Mob_Nbody] Post-base path time: 2.160 ms
fig4 N=100 phi=0.075 seed=2924 M_nbody_gpu          rel_rmse=  4.220%  lin=  4.477%  ang=  2.791%  max=   8.30%  (0.0 s)
Converged after 27 iterations (max diff = 4.580378e-09)
Mobility computation time: 247.92 ms
fig4 N=100 phi=0.075 seed=2925 mfs_coarse           rel_rmse=  0.442%  lin=  0.385%  ang=  0.759%  max=   2.12%  (0.2 s)
Computing neighbor pairs for n-body correction...
no of RPY interactions: 8570
no of NN interactions: 1330
[Mob_Nbody] Base velocity compute time: 2.968 ms
[Mob_Nbody] Post-base path time: 2.149 ms
fig4 N=100 phi=0.075 seed=2925 M_nbody_gpu          rel_rmse=  5.002%  lin=  5.072%  ang=  4.398%  max=  10.38%  (0.0 s)
Converged after 25 iterations (max diff = 7.784619e-09)
Mobility computation time: 229.01 ms
fig4 N=100 phi=0.075 seed=2926 mfs_coarse           rel_rmse=  0.554%  lin=  0.392%  ang=  0.790%  max=   2.28%  (0.2 s)
Computing neighbor pairs for n-body correction...
no of RPY interactions: 8666
no of NN interactions: 1234
[Mob_Nbody] Base velocity compute time: 2.942 ms
[Mob_Nbody] Post-base path time: 2.165 ms
fig4 N=100 phi=0.075 seed=2926 M_nbody_gpu          rel_rmse=  5.828%  lin=  6.858%  ang=  2.643%  max=  14.42%  (0.0 s)
Converged after 25 iterations (max diff = 4.104180e-09)
Mobility computation time: 229.66 ms
fig4 N=100 phi=0.075 seed=2927 mfs_coarse           rel_rmse=  0.424%  lin=  0.378%  ang=  0.617%  max=   3.25%  (0.2 s)
Computing neighbor pairs for n-body correction...
no of RPY interactions: 8634
no of NN interactions: 1266
[Mob_Nbody] Base velocity compute time: 2.962 ms
[Mob_Nbody] Post-base path time: 2.156 ms
fig4 N=100 phi=0.075 seed=2927 M_nbody_gpu          rel_rmse=  4.339%  lin=  4.504%  ang=  3.298%  max=  14.04%  (0.0 s)
Converged after 29 iterations (max diff = 5.323753e-09)
Mobility computation time: 266.87 ms
fig4 N=100 phi=0.075 seed=2928 mfs_coarse           rel_rmse=  0.706%  lin=  0.671%  ang=  0.835%  max=   3.19%  (0.3 s)
Computing neighbor pairs for n-body correction...
no of RPY interactions: 8588
no of NN interactions: 1312
[Mob_Nbody] Base velocity compute time: 2.962 ms
[Mob_Nbody] Post-base path time: 2.181 ms
fig4 N=100 phi=0.075 seed=2928 M_nbody_gpu          rel_rmse=  5.799%  lin=  6.176%  ang=  3.834%  max=  19.51%  (0.0 s)
Converged after 26 iterations (max diff = 8.356372e-09)
Mobility computation time: 238.25 ms
fig4 N=100 phi=0.075 seed=2929 mfs_coarse           rel_rmse=  0.697%  lin=  0.671%  ang=  0.790%  max=   2.74%  (0.2 s)
Computing neighbor pairs for n-body correction...
no of RPY interactions: 8636
no of NN interactions: 1264
[Mob_Nbody] Base velocity compute time: 2.950 ms
[Mob_Nbody] Post-base path time: 2.252 ms
fig4 N=100 phi=0.075 seed=2929 M_nbody_gpu          rel_rmse=  5.654%  lin=  6.084%  ang=  3.541%  max=  14.64%  (0.0 s)
Converged after 24 iterations (max diff = 5.443625e-09)
Mobility computation time: 220.23 ms
fig4 N=100 phi=0.075 seed=2930 mfs_coarse           rel_rmse=  0.576%  lin=  0.545%  ang=  0.669%  max=   2.08%  (0.2 s)
Computing neighbor pairs for n-body correction...
no of RPY interactions: 8614
no of NN interactions: 1286
[Mob_Nbody] Base velocity compute time: 2.965 ms
[Mob_Nbody] Post-base path time: 2.164 ms
fig4 N=100 phi=0.075 seed=2930 M_nbody_gpu          rel_rmse=  4.974%  lin=  5.435%  ang=  2.973%  max=  12.26%  (0.0 s)
Converged after 32 iterations (max diff = 8.779755e-09)
Mobility computation time: 293.35 ms
fig4 N=100 phi=0.075 seed=2931 mfs_coarse           rel_rmse=  0.572%  lin=  0.478%  ang=  1.136%  max=   2.00%  (0.3 s)
Computing neighbor pairs for n-body correction...
no of RPY interactions: 8580
no of NN interactions: 1320
[Mob_Nbody] Base velocity compute time: 2.953 ms
[Mob_Nbody] Post-base path time: 2.179 ms
fig4 N=100 phi=0.075 seed=2931 M_nbody_gpu          rel_rmse=  3.937%  lin=  3.934%  ang=  3.967%  max=  10.98%  (0.0 s)
Converged after 26 iterations (max diff = 5.469636e-09)
Mobility computation time: 238.56 ms
fig4 N=100 phi=0.075 seed=2932 mfs_coarse           rel_rmse=  0.723%  lin=  0.648%  ang=  0.982%  max=   5.31%  (0.2 s)
Computing neighbor pairs for n-body correction...
no of RPY interactions: 8560
no of NN interactions: 1340
[Mob_Nbody] Base velocity compute time: 2.970 ms
[Mob_Nbody] Post-base path time: 2.170 ms
fig4 N=100 phi=0.075 seed=2932 M_nbody_gpu          rel_rmse=  4.238%  lin=  4.461%  ang=  3.091%  max=  12.07%  (0.0 s)
Converged after 27 iterations (max diff = 7.059474e-09)
Mobility computation time: 296.48 ms
fig4 N=120 phi=0.075 seed=3023 mfs_coarse           rel_rmse=  0.711%  lin=  0.687%  ang=  0.769%  max=   5.02%  (0.3 s)
Computing neighbor pairs for n-body correction...
no of RPY interactions: 12722
no of NN interactions: 1558
[Mob_Nbody] Base velocity compute time: 2.965 ms
[Mob_Nbody] Post-base path time: 2.175 ms
fig4 N=120 phi=0.075 seed=3023 M_nbody_gpu          rel_rmse=  6.553%  lin=  7.363%  ang=  3.844%  max=  16.32%  (0.0 s)
Converged after 27 iterations (max diff = 4.702487e-09)
Mobility computation time: 297.46 ms
fig4 N=120 phi=0.075 seed=3024 mfs_coarse           rel_rmse=  0.670%  lin=  0.639%  ang=  0.754%  max=   3.35%  (0.3 s)
Computing neighbor pairs for n-body correction...
no of RPY interactions: 12748
no of NN interactions: 1532
[Mob_Nbody] Base velocity compute time: 2.963 ms
[Mob_Nbody] Post-base path time: 2.153 ms
fig4 N=120 phi=0.075 seed=3024 M_nbody_gpu          rel_rmse=  4.698%  lin=  5.114%  ang=  3.131%  max=  13.13%  (0.0 s)
Converged after 31 iterations (max diff = 4.903368e-09)
Mobility computation time: 339.82 ms
fig4 N=120 phi=0.075 seed=3025 mfs_coarse           rel_rmse=  0.699%  lin=  0.658%  ang=  0.911%  max=   3.07%  (0.3 s)
Computing neighbor pairs for n-body correction...
no of RPY interactions: 12706
no of NN interactions: 1574
[Mob_Nbody] Base velocity compute time: 2.963 ms
[Mob_Nbody] Post-base path time: 2.163 ms
fig4 N=120 phi=0.075 seed=3025 M_nbody_gpu          rel_rmse=  4.637%  lin=  4.753%  ang=  3.848%  max=  10.39%  (0.0 s)
Converged after 26 iterations (max diff = 5.948836e-09)
Mobility computation time: 286.06 ms
fig4 N=120 phi=0.075 seed=3026 mfs_coarse           rel_rmse=  0.351%  lin=  0.317%  ang=  0.567%  max=   1.69%  (0.3 s)
Computing neighbor pairs for n-body correction...
no of RPY interactions: 12726
no of NN interactions: 1554
[Mob_Nbody] Base velocity compute time: 2.962 ms
[Mob_Nbody] Post-base path time: 2.158 ms
fig4 N=120 phi=0.075 seed=3026 M_nbody_gpu          rel_rmse=  4.659%  lin=  4.756%  ang=  3.717%  max=  12.15%  (0.0 s)
Converged after 28 iterations (max diff = 4.168727e-09)
Mobility computation time: 306.67 ms
fig4 N=120 phi=0.075 seed=3027 mfs_coarse           rel_rmse=  0.877%  lin=  0.823%  ang=  1.027%  max=   7.02%  (0.3 s)
Computing neighbor pairs for n-body correction...
no of RPY interactions: 12658
no of NN interactions: 1622
[Mob_Nbody] Base velocity compute time: 2.969 ms
[Mob_Nbody] Post-base path time: 2.166 ms
fig4 N=120 phi=0.075 seed=3027 M_nbody_gpu          rel_rmse=  6.229%  lin=  6.916%  ang=  3.317%  max=  30.89%  (0.0 s)
Converged after 26 iterations (max diff = 3.818438e-09)
Mobility computation time: 286.64 ms
fig4 N=120 phi=0.075 seed=3028 mfs_coarse           rel_rmse=  0.482%  lin=  0.424%  ang=  0.851%  max=   2.43%  (0.3 s)
Computing neighbor pairs for n-body correction...
no of RPY interactions: 12650
no of NN interactions: 1630
[Mob_Nbody] Base velocity compute time: 2.955 ms
[Mob_Nbody] Post-base path time: 2.148 ms
fig4 N=120 phi=0.075 seed=3028 M_nbody_gpu          rel_rmse=  3.506%  lin=  3.547%  ang=  3.102%  max=   8.11%  (0.0 s)
Converged after 28 iterations (max diff = 7.572621e-09)
Mobility computation time: 307.31 ms
fig4 N=120 phi=0.075 seed=3029 mfs_coarse           rel_rmse=  0.979%  lin=  0.960%  ang=  1.042%  max=   7.04%  (0.3 s)
Computing neighbor pairs for n-body correction...
no of RPY interactions: 12658
no of NN interactions: 1622
[Mob_Nbody] Base velocity compute time: 2.875 ms
[Mob_Nbody] Post-base path time: 2.124 ms
fig4 N=120 phi=0.075 seed=3029 M_nbody_gpu          rel_rmse=  6.268%  lin=  6.872%  ang=  3.626%  max=  20.87%  (0.0 s)
Converged after 28 iterations (max diff = 9.054857e-09)
Mobility computation time: 307.96 ms
fig4 N=120 phi=0.075 seed=3030 mfs_coarse           rel_rmse=  1.023%  lin=  0.943%  ang=  1.191%  max=   4.24%  (0.3 s)
Computing neighbor pairs for n-body correction...
no of RPY interactions: 12706
no of NN interactions: 1574
[Mob_Nbody] Base velocity compute time: 2.874 ms
[Mob_Nbody] Post-base path time: 2.100 ms
fig4 N=120 phi=0.075 seed=3030 M_nbody_gpu          rel_rmse=  6.132%  lin=  6.873%  ang=  3.840%  max=  19.08%  (0.0 s)
Converged after 30 iterations (max diff = 9.607015e-09)
Mobility computation time: 329.56 ms
fig4 N=120 phi=0.075 seed=3031 mfs_coarse           rel_rmse=  0.692%  lin=  0.620%  ang=  0.895%  max=   4.76%  (0.3 s)
Computing neighbor pairs for n-body correction...
no of RPY interactions: 12730
no of NN interactions: 1550
[Mob_Nbody] Base velocity compute time: 2.966 ms
[Mob_Nbody] Post-base path time: 2.184 ms
fig4 N=120 phi=0.075 seed=3031 M_nbody_gpu          rel_rmse=  5.197%  lin=  5.654%  ang=  3.188%  max=  26.78%  (0.0 s)
Converged after 25 iterations (max diff = 6.276505e-09)
Mobility computation time: 274.49 ms
fig4 N=120 phi=0.075 seed=3032 mfs_coarse           rel_rmse=  0.600%  lin=  0.528%  ang=  0.783%  max=   5.09%  (0.3 s)
Computing neighbor pairs for n-body correction...
no of RPY interactions: 12774
no of NN interactions: 1506
[Mob_Nbody] Base velocity compute time: 2.962 ms
[Mob_Nbody] Post-base path time: 2.217 ms
fig4 N=120 phi=0.075 seed=3032 M_nbody_gpu          rel_rmse=  6.477%  lin=  7.208%  ang=  3.349%  max=  18.41%  (0.0 s)
Converged after 26 iterations (max diff = 5.198451e-09)
Mobility computation time: 332.73 ms
fig4 N=140 phi=0.075 seed=3123 mfs_coarse           rel_rmse=  0.454%  lin=  0.368%  ang=  0.768%  max=   2.15%  (0.3 s)
Computing neighbor pairs for n-body correction...
no of RPY interactions: 17578
no of NN interactions: 1882
[Mob_Nbody] Base velocity compute time: 2.937 ms
[Mob_Nbody] Post-base path time: 2.192 ms
fig4 N=140 phi=0.075 seed=3123 M_nbody_gpu          rel_rmse=  4.124%  lin=  4.280%  ang=  3.149%  max=  13.53%  (0.0 s)
Converged after 29 iterations (max diff = 6.994620e-09)
Mobility computation time: 370.50 ms
fig4 N=140 phi=0.075 seed=3124 mfs_coarse           rel_rmse=  0.915%  lin=  0.850%  ang=  1.052%  max=   4.25%  (0.4 s)
Computing neighbor pairs for n-body correction...
no of RPY interactions: 17674
no of NN interactions: 1786
[Mob_Nbody] Base velocity compute time: 2.968 ms
[Mob_Nbody] Post-base path time: 2.170 ms
fig4 N=140 phi=0.075 seed=3124 M_nbody_gpu          rel_rmse=  6.191%  lin=  7.135%  ang=  2.986%  max=  18.13%  (0.0 s)
Converged after 26 iterations (max diff = 7.807052e-09)
Mobility computation time: 331.66 ms
fig4 N=140 phi=0.075 seed=3125 mfs_coarse           rel_rmse=  0.888%  lin=  0.864%  ang=  0.942%  max=   4.31%  (0.3 s)
Computing neighbor pairs for n-body correction...
no of RPY interactions: 17590
no of NN interactions: 1870
[Mob_Nbody] Base velocity compute time: 2.925 ms
[Mob_Nbody] Post-base path time: 2.173 ms
fig4 N=140 phi=0.075 seed=3125 M_nbody_gpu          rel_rmse=  5.850%  lin=  6.659%  ang=  3.264%  max=  19.55%  (0.0 s)
Converged after 31 iterations (max diff = 4.500448e-09)
Mobility computation time: 395.98 ms
fig4 N=140 phi=0.075 seed=3126 mfs_coarse           rel_rmse=  0.866%  lin=  0.850%  ang=  0.919%  max=   5.18%  (0.4 s)
Computing neighbor pairs for n-body correction...
no of RPY interactions: 17584
no of NN interactions: 1876
[Mob_Nbody] Base velocity compute time: 2.970 ms
[Mob_Nbody] Post-base path time: 2.156 ms
fig4 N=140 phi=0.075 seed=3126 M_nbody_gpu          rel_rmse=  6.702%  lin=  7.268%  ang=  4.159%  max=  22.88%  (0.0 s)
Converged after 28 iterations (max diff = 6.597710e-09)
Mobility computation time: 357.80 ms
fig4 N=140 phi=0.075 seed=3127 mfs_coarse           rel_rmse=  0.512%  lin=  0.385%  ang=  1.170%  max=   2.86%  (0.4 s)
Computing neighbor pairs for n-body correction...
no of RPY interactions: 17432
no of NN interactions: 2028
[Mob_Nbody] Base velocity compute time: 2.935 ms
[Mob_Nbody] Post-base path time: 2.177 ms
fig4 N=140 phi=0.075 seed=3127 M_nbody_gpu          rel_rmse=  4.448%  lin=  4.529%  ang=  3.565%  max=   9.30%  (0.0 s)
Converged after 27 iterations (max diff = 7.571723e-09)
Mobility computation time: 344.80 ms
fig4 N=140 phi=0.075 seed=3128 mfs_coarse           rel_rmse=  0.738%  lin=  0.653%  ang=  0.926%  max=   3.56%  (0.3 s)
Computing neighbor pairs for n-body correction...
no of RPY interactions: 17596
no of NN interactions: 1864
[Mob_Nbody] Base velocity compute time: 2.954 ms
[Mob_Nbody] Post-base path time: 2.148 ms
fig4 N=140 phi=0.075 seed=3128 M_nbody_gpu          rel_rmse=  5.386%  lin=  5.996%  ang=  3.241%  max=  15.05%  (0.0 s)
Converged after 25 iterations (max diff = 5.140296e-09)
Mobility computation time: 320.99 ms
fig4 N=140 phi=0.075 seed=3129 mfs_coarse           rel_rmse=  0.630%  lin=  0.547%  ang=  1.028%  max=   3.67%  (0.3 s)
Computing neighbor pairs for n-body correction...
no of RPY interactions: 17528
no of NN interactions: 1932
[Mob_Nbody] Base velocity compute time: 3.041 ms
[Mob_Nbody] Post-base path time: 2.208 ms
fig4 N=140 phi=0.075 seed=3129 M_nbody_gpu          rel_rmse=  4.408%  lin=  4.559%  ang=  3.217%  max=   9.93%  (0.0 s)
Converged after 26 iterations (max diff = 6.555963e-09)
Mobility computation time: 332.17 ms
fig4 N=140 phi=0.075 seed=3130 mfs_coarse           rel_rmse=  0.454%  lin=  0.423%  ang=  0.633%  max=   3.27%  (0.3 s)
Computing neighbor pairs for n-body correction...
no of RPY interactions: 17596
no of NN interactions: 1864
[Mob_Nbody] Base velocity compute time: 2.868 ms
[Mob_Nbody] Post-base path time: 2.136 ms
fig4 N=140 phi=0.075 seed=3130 M_nbody_gpu          rel_rmse=  3.788%  lin=  3.879%  ang=  3.057%  max=  10.00%  (0.0 s)
Converged after 27 iterations (max diff = 8.886313e-09)
Mobility computation time: 344.43 ms
fig4 N=140 phi=0.075 seed=3131 mfs_coarse           rel_rmse=  0.489%  lin=  0.400%  ang=  1.067%  max=   2.53%  (0.3 s)
Computing neighbor pairs for n-body correction...
no of RPY interactions: 17696
no of NN interactions: 1764
[Mob_Nbody] Base velocity compute time: 2.968 ms
[Mob_Nbody] Post-base path time: 2.147 ms
fig4 N=140 phi=0.075 seed=3131 M_nbody_gpu          rel_rmse=  4.086%  lin=  4.092%  ang=  4.017%  max=  12.86%  (0.0 s)
Converged after 26 iterations (max diff = 4.064643e-09)
Mobility computation time: 335.22 ms
fig4 N=140 phi=0.075 seed=3132 mfs_coarse           rel_rmse=  0.454%  lin=  0.438%  ang=  0.498%  max=   2.66%  (0.3 s)
Computing neighbor pairs for n-body correction...
no of RPY interactions: 17614
no of NN interactions: 1846
[Mob_Nbody] Base velocity compute time: 2.966 ms
[Mob_Nbody] Post-base path time: 2.163 ms
fig4 N=140 phi=0.075 seed=3132 M_nbody_gpu          rel_rmse=  5.912%  lin=  6.550%  ang=  3.227%  max=  18.89%  (0.0 s)
Converged after 26 iterations (max diff = 3.814952e-09)
Mobility computation time: 380.21 ms
fig4 N=160 phi=0.075 seed=3223 mfs_coarse           rel_rmse=  0.851%  lin=  0.839%  ang=  0.877%  max=   4.05%  (0.4 s)
Computing neighbor pairs for n-body correction...
no of RPY interactions: 23338
no of NN interactions: 2102
[Mob_Nbody] Base velocity compute time: 2.954 ms
[Mob_Nbody] Post-base path time: 2.144 ms
fig4 N=160 phi=0.075 seed=3223 M_nbody_gpu          rel_rmse=  5.681%  lin=  6.515%  ang=  3.048%  max=  17.01%  (0.0 s)
Converged after 30 iterations (max diff = 4.897592e-09)
Mobility computation time: 437.47 ms
fig4 N=160 phi=0.075 seed=3224 mfs_coarse           rel_rmse=  0.828%  lin=  0.763%  ang=  1.040%  max=   3.90%  (0.4 s)
Computing neighbor pairs for n-body correction...
no of RPY interactions: 23420
no of NN interactions: 2020
[Mob_Nbody] Base velocity compute time: 2.926 ms
[Mob_Nbody] Post-base path time: 2.166 ms
fig4 N=160 phi=0.075 seed=3224 M_nbody_gpu          rel_rmse=  4.865%  lin=  5.179%  ang=  3.395%  max=  18.38%  (0.0 s)
Converged after 26 iterations (max diff = 9.865707e-09)
Mobility computation time: 379.12 ms
fig4 N=160 phi=0.075 seed=3225 mfs_coarse           rel_rmse=  0.448%  lin=  0.369%  ang=  0.866%  max=   2.21%  (0.4 s)
Computing neighbor pairs for n-body correction...
no of RPY interactions: 23232
no of NN interactions: 2208
[Mob_Nbody] Base velocity compute time: 2.969 ms
[Mob_Nbody] Post-base path time: 2.170 ms
fig4 N=160 phi=0.075 seed=3225 M_nbody_gpu          rel_rmse=  3.947%  lin=  4.001%  ang=  3.453%  max=   8.73%  (0.0 s)
Converged after 26 iterations (max diff = 2.938652e-09)
Mobility computation time: 381.33 ms
fig4 N=160 phi=0.075 seed=3226 mfs_coarse           rel_rmse=  0.662%  lin=  0.629%  ang=  0.775%  max=   2.65%  (0.4 s)
Computing neighbor pairs for n-body correction...
no of RPY interactions: 23446
no of NN interactions: 1994
[Mob_Nbody] Base velocity compute time: 2.968 ms
[Mob_Nbody] Post-base path time: 2.178 ms
fig4 N=160 phi=0.075 seed=3226 M_nbody_gpu          rel_rmse=  5.565%  lin=  6.035%  ang=  3.183%  max=  13.29%  (0.0 s)
Converged after 26 iterations (max diff = 8.533450e-09)
Mobility computation time: 381.41 ms
fig4 N=160 phi=0.075 seed=3227 mfs_coarse           rel_rmse=  0.381%  lin=  0.339%  ang=  0.609%  max=   1.52%  (0.4 s)
Computing neighbor pairs for n-body correction...
no of RPY interactions: 23362
no of NN interactions: 2078
[Mob_Nbody] Base velocity compute time: 2.937 ms
[Mob_Nbody] Post-base path time: 2.151 ms
fig4 N=160 phi=0.075 seed=3227 M_nbody_gpu          rel_rmse=  4.887%  lin=  5.066%  ang=  3.230%  max=  17.67%  (0.0 s)
Converged after 27 iterations (max diff = 7.258389e-09)
Mobility computation time: 394.83 ms
fig4 N=160 phi=0.075 seed=3228 mfs_coarse           rel_rmse=  0.378%  lin=  0.269%  ang=  0.933%  max=   1.56%  (0.4 s)
Computing neighbor pairs for n-body correction...
no of RPY interactions: 23302
no of NN interactions: 2138
[Mob_Nbody] Base velocity compute time: 2.964 ms
[Mob_Nbody] Post-base path time: 2.147 ms
fig4 N=160 phi=0.075 seed=3228 M_nbody_gpu          rel_rmse=  4.234%  lin=  4.269%  ang=  3.848%  max=  14.73%  (0.0 s)
Converged after 29 iterations (max diff = 6.352944e-09)
Mobility computation time: 424.87 ms
fig4 N=160 phi=0.075 seed=3229 mfs_coarse           rel_rmse=  0.587%  lin=  0.554%  ang=  0.784%  max=   2.25%  (0.4 s)
Computing neighbor pairs for n-body correction...
no of RPY interactions: 23218
no of NN interactions: 2222
[Mob_Nbody] Base velocity compute time: 2.988 ms
[Mob_Nbody] Post-base path time: 2.155 ms
fig4 N=160 phi=0.075 seed=3229 M_nbody_gpu          rel_rmse=  5.194%  lin=  5.339%  ang=  4.028%  max=  20.79%  (0.0 s)
Converged after 24 iterations (max diff = 4.165397e-09)
Mobility computation time: 351.59 ms
fig4 N=160 phi=0.075 seed=3230 mfs_coarse           rel_rmse=  0.415%  lin=  0.377%  ang=  0.578%  max=   2.27%  (0.4 s)
Computing neighbor pairs for n-body correction...
no of RPY interactions: 23364
no of NN interactions: 2076
[Mob_Nbody] Base velocity compute time: 2.950 ms
[Mob_Nbody] Post-base path time: 2.150 ms
fig4 N=160 phi=0.075 seed=3230 M_nbody_gpu          rel_rmse=  4.950%  lin=  5.225%  ang=  3.079%  max=  14.41%  (0.0 s)
Converged after 29 iterations (max diff = 4.457100e-09)
Mobility computation time: 424.11 ms
fig4 N=160 phi=0.075 seed=3231 mfs_coarse           rel_rmse=  0.595%  lin=  0.465%  ang=  0.947%  max=   4.38%  (0.4 s)
Computing neighbor pairs for n-body correction...
no of RPY interactions: 23216
no of NN interactions: 2224
[Mob_Nbody] Base velocity compute time: 2.955 ms
[Mob_Nbody] Post-base path time: 2.153 ms
fig4 N=160 phi=0.075 seed=3231 M_nbody_gpu          rel_rmse=  5.622%  lin=  6.097%  ang=  3.098%  max=  19.10%  (0.0 s)
Converged after 25 iterations (max diff = 5.353892e-09)
Mobility computation time: 366.03 ms
fig4 N=160 phi=0.075 seed=3232 mfs_coarse           rel_rmse=  0.342%  lin=  0.268%  ang=  0.870%  max=   1.13%  (0.4 s)
Computing neighbor pairs for n-body correction...
no of RPY interactions: 23178
no of NN interactions: 2262
[Mob_Nbody] Base velocity compute time: 2.989 ms
[Mob_Nbody] Post-base path time: 2.174 ms
fig4 N=160 phi=0.075 seed=3232 M_nbody_gpu          rel_rmse=  4.305%  lin=  4.321%  ang=  4.078%  max=  10.59%  (0.0 s)
Converged after 37 iterations (max diff = 8.049138e-09)
Mobility computation time: 605.47 ms
fig4 N=180 phi=0.075 seed=3323 mfs_coarse           rel_rmse=  0.464%  lin=  0.353%  ang=  0.981%  max=   2.22%  (0.6 s)
Computing neighbor pairs for n-body correction...
no of RPY interactions: 29732
no of NN interactions: 2488
[Mob_Nbody] Base velocity compute time: 2.968 ms
[Mob_Nbody] Post-base path time: 2.154 ms
fig4 N=180 phi=0.075 seed=3323 M_nbody_gpu          rel_rmse=  5.664%  lin=  5.841%  ang=  3.899%  max=  12.87%  (0.0 s)
Converged after 31 iterations (max diff = 6.387811e-09)
Mobility computation time: 509.38 ms
fig4 N=180 phi=0.075 seed=3324 mfs_coarse           rel_rmse=  0.647%  lin=  0.581%  ang=  0.987%  max=   3.21%  (0.5 s)
Computing neighbor pairs for n-body correction...
no of RPY interactions: 29898
no of NN interactions: 2322
[Mob_Nbody] Base velocity compute time: 2.966 ms
[Mob_Nbody] Post-base path time: 2.156 ms
fig4 N=180 phi=0.075 seed=3324 M_nbody_gpu          rel_rmse=  5.119%  lin=  5.313%  ang=  3.494%  max=  12.34%  (0.0 s)
Converged after 29 iterations (max diff = 9.128257e-09)
Mobility computation time: 477.47 ms
fig4 N=180 phi=0.075 seed=3325 mfs_coarse           rel_rmse=  0.587%  lin=  0.513%  ang=  0.974%  max=   2.54%  (0.5 s)
Computing neighbor pairs for n-body correction...
no of RPY interactions: 29720
no of NN interactions: 2500
[Mob_Nbody] Base velocity compute time: 2.976 ms
[Mob_Nbody] Post-base path time: 2.171 ms
fig4 N=180 phi=0.075 seed=3325 M_nbody_gpu          rel_rmse=  5.049%  lin=  5.183%  ang=  3.901%  max=  14.53%  (0.0 s)
Converged after 27 iterations (max diff = 5.983631e-09)
Mobility computation time: 443.39 ms
fig4 N=180 phi=0.075 seed=3326 mfs_coarse           rel_rmse=  0.307%  lin=  0.223%  ang=  0.725%  max=   1.61%  (0.4 s)
Computing neighbor pairs for n-body correction...
no of RPY interactions: 29814
no of NN interactions: 2406
[Mob_Nbody] Base velocity compute time: 2.982 ms
[Mob_Nbody] Post-base path time: 2.161 ms
fig4 N=180 phi=0.075 seed=3326 M_nbody_gpu          rel_rmse=  4.354%  lin=  4.443%  ang=  3.378%  max=  11.51%  (0.0 s)
Converged after 30 iterations (max diff = 6.181180e-09)
Mobility computation time: 492.79 ms
fig4 N=180 phi=0.075 seed=3327 mfs_coarse           rel_rmse=  0.643%  lin=  0.535%  ang=  0.911%  max=   3.48%  (0.5 s)
Computing neighbor pairs for n-body correction...
no of RPY interactions: 29762
no of NN interactions: 2458
[Mob_Nbody] Base velocity compute time: 2.993 ms
[Mob_Nbody] Post-base path time: 2.176 ms
fig4 N=180 phi=0.075 seed=3327 M_nbody_gpu          rel_rmse=  7.757%  lin=  8.591%  ang=  3.923%  max=  19.35%  (0.0 s)
Converged after 26 iterations (max diff = 7.081113e-09)
Mobility computation time: 426.66 ms
fig4 N=180 phi=0.075 seed=3328 mfs_coarse           rel_rmse=  0.586%  lin=  0.536%  ang=  0.816%  max=   1.88%  (0.4 s)
Computing neighbor pairs for n-body correction...
no of RPY interactions: 29770
no of NN interactions: 2450
[Mob_Nbody] Base velocity compute time: 2.983 ms
[Mob_Nbody] Post-base path time: 2.155 ms
fig4 N=180 phi=0.075 seed=3328 M_nbody_gpu          rel_rmse=  4.859%  lin=  5.093%  ang=  3.209%  max=  15.85%  (0.0 s)
Converged after 25 iterations (max diff = 6.519638e-09)
Mobility computation time: 410.61 ms
fig4 N=180 phi=0.075 seed=3329 mfs_coarse           rel_rmse=  0.701%  lin=  0.664%  ang=  0.791%  max=   5.33%  (0.4 s)
Computing neighbor pairs for n-body correction...
no of RPY interactions: 29798
no of NN interactions: 2422
[Mob_Nbody] Base velocity compute time: 2.983 ms
[Mob_Nbody] Post-base path time: 2.168 ms
fig4 N=180 phi=0.075 seed=3329 M_nbody_gpu          rel_rmse=  5.563%  lin=  6.206%  ang=  3.228%  max=  19.26%  (0.0 s)
Converged after 26 iterations (max diff = 8.499135e-09)
Mobility computation time: 428.36 ms
fig4 N=180 phi=0.075 seed=3330 mfs_coarse           rel_rmse=  0.507%  lin=  0.482%  ang=  0.618%  max=   4.02%  (0.4 s)
Computing neighbor pairs for n-body correction...
no of RPY interactions: 29672
no of NN interactions: 2548
[Mob_Nbody] Base velocity compute time: 2.985 ms
[Mob_Nbody] Post-base path time: 2.158 ms
fig4 N=180 phi=0.075 seed=3330 M_nbody_gpu          rel_rmse=  5.921%  lin=  6.304%  ang=  3.427%  max=  14.23%  (0.0 s)
Converged after 27 iterations (max diff = 9.164740e-09)
Mobility computation time: 443.27 ms
fig4 N=180 phi=0.075 seed=3331 mfs_coarse           rel_rmse=  0.483%  lin=  0.400%  ang=  0.917%  max=   1.87%  (0.4 s)
Computing neighbor pairs for n-body correction...
no of RPY interactions: 29882
no of NN interactions: 2338
[Mob_Nbody] Base velocity compute time: 2.980 ms
[Mob_Nbody] Post-base path time: 2.154 ms
fig4 N=180 phi=0.075 seed=3331 M_nbody_gpu          rel_rmse=  4.774%  lin=  4.899%  ang=  3.571%  max=  17.53%  (0.0 s)
Converged after 26 iterations (max diff = 8.818890e-09)
Mobility computation time: 428.33 ms
fig4 N=180 phi=0.075 seed=3332 mfs_coarse           rel_rmse=  0.495%  lin=  0.418%  ang=  0.980%  max=   2.54%  (0.4 s)
Computing neighbor pairs for n-body correction...
no of RPY interactions: 29660
no of NN interactions: 2560
[Mob_Nbody] Base velocity compute time: 2.987 ms
[Mob_Nbody] Post-base path time: 2.180 ms
fig4 N=180 phi=0.075 seed=3332 M_nbody_gpu          rel_rmse=  4.178%  lin=  4.209%  ang=  3.854%  max=  17.04%  (0.0 s)
Converged after 27 iterations (max diff = 7.478459e-09)
Mobility computation time: 493.96 ms
fig4 N=200 phi=0.075 seed=3423 mfs_coarse           rel_rmse=  0.943%  lin=  0.917%  ang=  1.002%  max=   5.28%  (0.5 s)
Computing neighbor pairs for n-body correction...
no of RPY interactions: 36896
no of NN interactions: 2904
[Mob_Nbody] Base velocity compute time: 2.990 ms
[Mob_Nbody] Post-base path time: 2.159 ms
fig4 N=200 phi=0.075 seed=3423 M_nbody_gpu          rel_rmse=  7.254%  lin=  8.275%  ang=  3.716%  max=  19.16%  (0.0 s)
Converged after 26 iterations (max diff = 8.175043e-09)
Mobility computation time: 476.40 ms
fig4 N=200 phi=0.075 seed=3424 mfs_coarse           rel_rmse=  0.440%  lin=  0.371%  ang=  0.772%  max=   2.76%  (0.5 s)
Computing neighbor pairs for n-body correction...
no of RPY interactions: 36934
no of NN interactions: 2866
[Mob_Nbody] Base velocity compute time: 2.996 ms
[Mob_Nbody] Post-base path time: 2.143 ms
fig4 N=200 phi=0.075 seed=3424 M_nbody_gpu          rel_rmse=  4.975%  lin=  5.142%  ang=  3.524%  max=  14.54%  (0.0 s)
Converged after 26 iterations (max diff = 8.237878e-09)
Mobility computation time: 477.02 ms
fig4 N=200 phi=0.075 seed=3425 mfs_coarse           rel_rmse=  0.438%  lin=  0.358%  ang=  0.879%  max=   1.90%  (0.5 s)
Computing neighbor pairs for n-body correction...
no of RPY interactions: 36810
no of NN interactions: 2990
[Mob_Nbody] Base velocity compute time: 2.974 ms
[Mob_Nbody] Post-base path time: 2.149 ms
fig4 N=200 phi=0.075 seed=3425 M_nbody_gpu          rel_rmse=  5.445%  lin=  5.571%  ang=  4.121%  max=  13.21%  (0.0 s)
Converged after 26 iterations (max diff = 6.483841e-09)
Mobility computation time: 476.08 ms
fig4 N=200 phi=0.075 seed=3426 mfs_coarse           rel_rmse=  0.605%  lin=  0.547%  ang=  0.822%  max=   3.21%  (0.5 s)
Computing neighbor pairs for n-body correction...
no of RPY interactions: 36930
no of NN interactions: 2870
[Mob_Nbody] Base velocity compute time: 3.011 ms
[Mob_Nbody] Post-base path time: 2.157 ms
fig4 N=200 phi=0.075 seed=3426 M_nbody_gpu          rel_rmse=  7.334%  lin=  7.892%  ang=  3.839%  max=  16.48%  (0.0 s)
Converged after 29 iterations (max diff = 4.165605e-09)
Mobility computation time: 529.04 ms
fig4 N=200 phi=0.075 seed=3427 mfs_coarse           rel_rmse=  0.475%  lin=  0.406%  ang=  0.853%  max=   3.53%  (0.5 s)
Computing neighbor pairs for n-body correction...
no of RPY interactions: 36986
no of NN interactions: 2814
[Mob_Nbody] Base velocity compute time: 2.992 ms
[Mob_Nbody] Post-base path time: 2.177 ms
fig4 N=200 phi=0.075 seed=3427 M_nbody_gpu          rel_rmse=  5.674%  lin=  5.823%  ang=  4.253%  max=  15.23%  (0.0 s)
Converged after 27 iterations (max diff = 6.414064e-09)
Mobility computation time: 493.93 ms
fig4 N=200 phi=0.075 seed=3428 mfs_coarse           rel_rmse=  0.531%  lin=  0.419%  ang=  0.987%  max=   2.43%  (0.5 s)
Computing neighbor pairs for n-body correction...
no of RPY interactions: 36956
no of NN interactions: 2844
[Mob_Nbody] Base velocity compute time: 2.990 ms
[Mob_Nbody] Post-base path time: 2.176 ms
fig4 N=200 phi=0.075 seed=3428 M_nbody_gpu          rel_rmse=  4.912%  lin=  5.108%  ang=  3.366%  max=  15.02%  (0.0 s)
Converged after 31 iterations (max diff = 5.566852e-09)
Mobility computation time: 569.21 ms
fig4 N=200 phi=0.075 seed=3429 mfs_coarse           rel_rmse=  0.542%  lin=  0.511%  ang=  0.755%  max=   2.60%  (0.6 s)
Computing neighbor pairs for n-body correction...
no of RPY interactions: 37026
no of NN interactions: 2774
[Mob_Nbody] Base velocity compute time: 3.012 ms
[Mob_Nbody] Post-base path time: 2.198 ms
fig4 N=200 phi=0.075 seed=3429 M_nbody_gpu          rel_rmse=  5.001%  lin=  5.171%  ang=  3.242%  max=  11.77%  (0.0 s)
Converged after 35 iterations (max diff = 9.938198e-09)
Mobility computation time: 637.18 ms
fig4 N=200 phi=0.075 seed=3430 mfs_coarse           rel_rmse=  0.594%  lin=  0.557%  ang=  0.874%  max=   2.38%  (0.6 s)
Computing neighbor pairs for n-body correction...
no of RPY interactions: 36940
no of NN interactions: 2860
[Mob_Nbody] Base velocity compute time: 2.984 ms
[Mob_Nbody] Post-base path time: 2.147 ms
fig4 N=200 phi=0.075 seed=3430 M_nbody_gpu          rel_rmse=  5.031%  lin=  5.131%  ang=  3.936%  max=  12.08%  (0.0 s)
Converged after 26 iterations (max diff = 7.125587e-09)
Mobility computation time: 477.30 ms
fig4 N=200 phi=0.075 seed=3431 mfs_coarse           rel_rmse=  0.701%  lin=  0.615%  ang=  0.981%  max=   4.39%  (0.5 s)
Computing neighbor pairs for n-body correction...
no of RPY interactions: 36948
no of NN interactions: 2852
[Mob_Nbody] Base velocity compute time: 3.008 ms
[Mob_Nbody] Post-base path time: 2.149 ms
fig4 N=200 phi=0.075 seed=3431 M_nbody_gpu          rel_rmse=  6.942%  lin=  7.501%  ang=  3.845%  max=  26.08%  (0.0 s)
Converged after 26 iterations (max diff = 8.278010e-09)
Mobility computation time: 479.61 ms
fig4 N=200 phi=0.075 seed=3432 mfs_coarse           rel_rmse=  0.530%  lin=  0.461%  ang=  0.749%  max=   2.15%  (0.5 s)
Computing neighbor pairs for n-body correction...
no of RPY interactions: 36968
no of NN interactions: 2832
[Mob_Nbody] Base velocity compute time: 3.118 ms
[Mob_Nbody] Post-base path time: 2.220 ms
fig4 N=200 phi=0.075 seed=3432 M_nbody_gpu          rel_rmse=  5.955%  lin=  6.421%  ang=  3.462%  max=  23.34%  (0.0 s)
task 2 finished Sun Aug 30 02:12:30 PM EDT 2026
