Warp 1.12.0 initialized:
   CUDA Toolkit 12.9, Driver 13.1
   Devices:
     "cpu"      : "x86_64"
     "cuda:0"   : "NVIDIA GeForce RTX 5090" (31 GiB, sm_120, mempool enabled)
   Kernel cache:
     /workspace/.cache/warp
torch current cudaStream_t : 0
warp current cudaStream_t  : 592415200

########## widebvh  N=50,000 ##########
[MobFMM] far-field FMM GPU time: 40.377 ms
Building spatial grid for neighbor search...
Positions shape: (50000,)
Counting neighbors per particle...
    Module src.hashgrid_neighbors 86a8751 load on device 'cuda:0' took 0.97 ms  (cached)
Total near-field pairs found: 1034974
Collecting neighbor edge indexes...
Warp::HashGrid took 27.79 ms
no of NN interactions: 1034974
skipping cudagraphs due to graph with symbolic shapes inputs and config.triton.cudagraph_skip_dynamic_graphs=True. Found from   File "/workspace/pinn-stokes/src/gpu_mob_2b.py", line 104, in forward
    contribution = torch.zeros_like(force)


[Mob_Nbody] Base velocity compute time: 6386.861 ms
W0823 16:00:23.714000 10365 torch/_logging/_internal.py:1154] [1/0] Profiler function <class 'torch.autograd.profiler.record_function'> will be ignored
skipping cudagraphs due to graph with symbolic shapes inputs and config.triton.cudagraph_skip_dynamic_graphs=True. Found from   File "/workspace/pinn-stokes/src/gpu_nbody_mob.py", line 125, in forward
    return self.parent._nbody_chunk_velocity(
  File "/opt/venv/lib/python3.12/site-packages/torch/utils/_contextlib.py", line 120, in decorate_context
    return func(*args, **kwargs)
  File "/workspace/pinn-stokes/src/gpu_nbody_mob.py", line 279, in _nbody_chunk_velocity
    top_k_indices, neighbor_mask = self.get_k_per_pair(
  File "/opt/venv/lib/python3.12/site-packages/torch/utils/_contextlib.py", line 120, in decorate_context
    return func(*args, **kwargs)
  File "/workspace/pinn-stokes/src/gpu_nbody_mob.py", line 220, in get_k_per_pair
    candidate_mask = torch.cat([topk_mask[t_idx], topk_mask[s_idx]], dim=1)


[Mob_Nbody] Post-base path time: 7653.931 ms
[MobFMM] peak GPU memory: allocated 1125.78 MB, reserved 1578.00 MB
[MobFMM] near-field construction: 27.950 ms
[MobFMM] near-field operator time: 14041.014 ms
[MobFMM] overall Nearfield time: 14,089.377 ms
[MobFMM] near-field particles updates per sec: 3,548.77
[MobFMM] total GPU time: 14141.992 ms
[MobFMM] total particles updates per sec: 3,535.57


[MobFMM] far-field FMM GPU time: 9.924 ms
Building spatial grid for neighbor search...
Positions shape: (50000,)
Counting neighbors per particle...
Total near-field pairs found: 1034974
Collecting neighbor edge indexes...
Warp::HashGrid took 1.07 ms
no of NN interactions: 1034974
[Mob_Nbody] Base velocity compute time: 3.813 ms
[Mob_Nbody] Post-base path time: 8.295 ms
[MobFMM] peak GPU memory: allocated 1029.78 MB, reserved 1578.00 MB
[MobFMM] near-field construction: 1.253 ms
[MobFMM] near-field operator time: 12.237 ms
[MobFMM] overall Nearfield time: 13.697 ms
[MobFMM] near-field particles updates per sec: 3,650,427.91
[MobFMM] total GPU time: 24.208 ms
[MobFMM] total particles updates per sec: 2,065,443.80


[MobFMM] far-field FMM GPU time: 9.605 ms
Building spatial grid for neighbor search...
Positions shape: (50000,)
Counting neighbors per particle...
Total near-field pairs found: 1034974
Collecting neighbor edge indexes...
Warp::HashGrid took 1.18 ms
no of NN interactions: 1034974
[Mob_Nbody] Base velocity compute time: 3.965 ms
[Mob_Nbody] Post-base path time: 8.715 ms
[MobFMM] peak GPU memory: allocated 1029.78 MB, reserved 1578.00 MB
[MobFMM] near-field construction: 1.339 ms
[MobFMM] near-field operator time: 12.845 ms
[MobFMM] overall Nearfield time: 14.365 ms
[MobFMM] near-field particles updates per sec: 3,480,684.12
[MobFMM] total GPU time: 24.473 ms
[MobFMM] total particles updates per sec: 2,043,028.42


[MobFMM] far-field FMM GPU time: 9.330 ms
Building spatial grid for neighbor search...
Positions shape: (50000,)
Counting neighbors per particle...
Total near-field pairs found: 1034974
Collecting neighbor edge indexes...
Warp::HashGrid took 0.62 ms
no of NN interactions: 1034974
[Mob_Nbody] Base velocity compute time: 3.240 ms
[Mob_Nbody] Post-base path time: 7.789 ms
[MobFMM] peak GPU memory: allocated 1029.78 MB, reserved 1578.00 MB
[MobFMM] near-field construction: 0.711 ms
[MobFMM] near-field operator time: 11.129 ms
[MobFMM] overall Nearfield time: 11.964 ms
[MobFMM] near-field particles updates per sec: 4,179,327.30
[MobFMM] total GPU time: 21.790 ms
[MobFMM] total particles updates per sec: 2,294,598.53


[MobFMM] far-field FMM GPU time: 9.376 ms
Building spatial grid for neighbor search...
Positions shape: (50000,)
Counting neighbors per particle...
Total near-field pairs found: 1034974
Collecting neighbor edge indexes...
Warp::HashGrid took 0.62 ms
no of NN interactions: 1034974
[Mob_Nbody] Base velocity compute time: 3.219 ms
[Mob_Nbody] Post-base path time: 7.792 ms
[MobFMM] peak GPU memory: allocated 1029.78 MB, reserved 1578.00 MB
[MobFMM] near-field construction: 0.709 ms
[MobFMM] near-field operator time: 11.107 ms
[MobFMM] overall Nearfield time: 11.940 ms
[MobFMM] near-field particles updates per sec: 4,187,537.27
[MobFMM] total GPU time: 21.798 ms
[MobFMM] total particles updates per sec: 2,293,759.89


[MobFMM] far-field FMM GPU time: 9.374 ms
Building spatial grid for neighbor search...
Positions shape: (50000,)
Counting neighbors per particle...
Total near-field pairs found: 1034974
Collecting neighbor edge indexes...
Warp::HashGrid took 0.62 ms
no of NN interactions: 1034974
[Mob_Nbody] Base velocity compute time: 3.218 ms
[Mob_Nbody] Post-base path time: 7.784 ms
[MobFMM] peak GPU memory: allocated 1029.78 MB, reserved 1578.00 MB
[MobFMM] near-field construction: 0.711 ms
[MobFMM] near-field operator time: 11.098 ms
[MobFMM] overall Nearfield time: 11.931 ms
[MobFMM] near-field particles updates per sec: 4,190,805.85
[MobFMM] total GPU time: 21.794 ms
[MobFMM] total particles updates per sec: 2,294,254.93


[MobFMM] far-field FMM GPU time: 9.428 ms
Building spatial grid for neighbor search...
Positions shape: (50000,)
Counting neighbors per particle...
Total near-field pairs found: 1034974
Collecting neighbor edge indexes...
Warp::HashGrid took 0.63 ms
no of NN interactions: 1034974
[Mob_Nbody] Base velocity compute time: 3.223 ms
[Mob_Nbody] Post-base path time: 7.788 ms
[MobFMM] peak GPU memory: allocated 1029.78 MB, reserved 1578.00 MB
[MobFMM] near-field construction: 0.722 ms
[MobFMM] near-field operator time: 11.110 ms
[MobFMM] overall Nearfield time: 11.955 ms
[MobFMM] near-field particles updates per sec: 4,182,213.39
[MobFMM] total GPU time: 21.890 ms
[MobFMM] total particles updates per sec: 2,284,159.62


[MobFMM] far-field FMM GPU time: 9.477 ms
Building spatial grid for neighbor search...
Positions shape: (50000,)
Counting neighbors per particle...
Total near-field pairs found: 1034974
Collecting neighbor edge indexes...
Warp::HashGrid took 0.62 ms
no of NN interactions: 1034974
[Mob_Nbody] Base velocity compute time: 3.218 ms
[Mob_Nbody] Post-base path time: 7.778 ms
[MobFMM] peak GPU memory: allocated 1029.78 MB, reserved 1578.00 MB
[MobFMM] near-field construction: 0.714 ms
[MobFMM] near-field operator time: 11.092 ms
[MobFMM] overall Nearfield time: 11.928 ms
[MobFMM] near-field particles updates per sec: 4,191,986.33
[MobFMM] total GPU time: 21.900 ms
[MobFMM] total particles updates per sec: 2,283,118.39


[MobFMM] far-field FMM GPU time: 9.491 ms
Building spatial grid for neighbor search...
Positions shape: (50000,)
Counting neighbors per particle...
Total near-field pairs found: 1034974
Collecting neighbor edge indexes...
Warp::HashGrid took 0.61 ms
no of NN interactions: 1034974
[Mob_Nbody] Base velocity compute time: 3.229 ms
[Mob_Nbody] Post-base path time: 7.783 ms
[MobFMM] peak GPU memory: allocated 1029.78 MB, reserved 1578.00 MB
[MobFMM] near-field construction: 0.700 ms
[MobFMM] near-field operator time: 11.109 ms
[MobFMM] overall Nearfield time: 11.930 ms
[MobFMM] near-field particles updates per sec: 4,191,075.53
[MobFMM] total GPU time: 21.910 ms
[MobFMM] total particles updates per sec: 2,282,061.41


[MobFMM] far-field FMM GPU time: 9.435 ms
Building spatial grid for neighbor search...
Positions shape: (50000,)
Counting neighbors per particle...
Total near-field pairs found: 1034974
Collecting neighbor edge indexes...
Warp::HashGrid took 0.62 ms
no of NN interactions: 1034974
[Mob_Nbody] Base velocity compute time: 3.219 ms
[Mob_Nbody] Post-base path time: 7.785 ms
[MobFMM] peak GPU memory: allocated 1029.78 MB, reserved 1578.00 MB
[MobFMM] near-field construction: 0.713 ms
[MobFMM] near-field operator time: 11.100 ms
[MobFMM] overall Nearfield time: 11.935 ms
[MobFMM] near-field particles updates per sec: 4,189,390.01
[MobFMM] total GPU time: 22.257 ms
[MobFMM] total particles updates per sec: 2,246,533.54


[MobFMM] far-field FMM GPU time: 9.438 ms
Building spatial grid for neighbor search...
Positions shape: (50000,)
Counting neighbors per particle...
Total near-field pairs found: 1034974
Collecting neighbor edge indexes...
Warp::HashGrid took 0.69 ms
no of NN interactions: 1034974
[Mob_Nbody] Base velocity compute time: 3.232 ms
[Mob_Nbody] Post-base path time: 7.780 ms
[MobFMM] peak GPU memory: allocated 1029.78 MB, reserved 1578.00 MB
[MobFMM] near-field construction: 0.781 ms
[MobFMM] near-field operator time: 11.110 ms
[MobFMM] overall Nearfield time: 12.014 ms
[MobFMM] near-field particles updates per sec: 4,161,772.26
[MobFMM] total GPU time: 21.935 ms
[MobFMM] total particles updates per sec: 2,279,441.29


[MobFMM] far-field FMM GPU time: 9.438 ms
Building spatial grid for neighbor search...
Positions shape: (50000,)
Counting neighbors per particle...
Total near-field pairs found: 1034974
Collecting neighbor edge indexes...
Warp::HashGrid took 0.63 ms
no of NN interactions: 1034974
[Mob_Nbody] Base velocity compute time: 3.229 ms
[Mob_Nbody] Post-base path time: 7.774 ms
[MobFMM] peak GPU memory: allocated 1029.78 MB, reserved 1578.00 MB
[MobFMM] near-field construction: 0.712 ms
[MobFMM] near-field operator time: 11.101 ms
[MobFMM] overall Nearfield time: 11.935 ms
[MobFMM] near-field particles updates per sec: 4,189,468.68
[MobFMM] total GPU time: 21.856 ms
[MobFMM] total particles updates per sec: 2,287,701.22


[MobFMM] far-field FMM GPU time: 9.465 ms
Building spatial grid for neighbor search...
Positions shape: (50000,)
Counting neighbors per particle...
Total near-field pairs found: 1034974
Collecting neighbor edge indexes...
Warp::HashGrid took 0.63 ms
no of NN interactions: 1034974
[Mob_Nbody] Base velocity compute time: 3.220 ms
[Mob_Nbody] Post-base path time: 7.793 ms
[MobFMM] peak GPU memory: allocated 1029.78 MB, reserved 1578.00 MB
[MobFMM] near-field construction: 0.714 ms
[MobFMM] near-field operator time: 11.112 ms
[MobFMM] overall Nearfield time: 11.948 ms
[MobFMM] near-field particles updates per sec: 4,184,711.30
[MobFMM] total GPU time: 21.891 ms
[MobFMM] total particles updates per sec: 2,284,056.13


[MobFMM] far-field FMM GPU time: 9.418 ms
Building spatial grid for neighbor search...
Positions shape: (50000,)
Counting neighbors per particle...
Total near-field pairs found: 1034974
Collecting neighbor edge indexes...
Warp::HashGrid took 0.63 ms
no of NN interactions: 1034974
[Mob_Nbody] Base velocity compute time: 3.224 ms
[Mob_Nbody] Post-base path time: 7.777 ms
[MobFMM] peak GPU memory: allocated 1029.78 MB, reserved 1578.00 MB
[MobFMM] near-field construction: 0.726 ms
[MobFMM] near-field operator time: 11.095 ms
[MobFMM] overall Nearfield time: 11.946 ms
[MobFMM] near-field particles updates per sec: 4,185,675.15
[MobFMM] total GPU time: 21.837 ms
[MobFMM] total particles updates per sec: 2,289,686.02


[MobFMM] far-field FMM GPU time: 9.416 ms
Building spatial grid for neighbor search...
Positions shape: (50000,)
Counting neighbors per particle...
Total near-field pairs found: 1034974
Collecting neighbor edge indexes...
Warp::HashGrid took 0.62 ms
no of NN interactions: 1034974
[Mob_Nbody] Base velocity compute time: 3.231 ms
[Mob_Nbody] Post-base path time: 7.789 ms
[MobFMM] peak GPU memory: allocated 1029.78 MB, reserved 1578.00 MB
[MobFMM] near-field construction: 0.708 ms
[MobFMM] near-field operator time: 11.120 ms
[MobFMM] overall Nearfield time: 11.951 ms
[MobFMM] near-field particles updates per sec: 4,183,792.31
[MobFMM] total GPU time: 21.852 ms
[MobFMM] total particles updates per sec: 2,288,079.81


[MobFMM] far-field FMM GPU time: 9.451 ms
Building spatial grid for neighbor search...
Positions shape: (50000,)
Counting neighbors per particle...
Total near-field pairs found: 1034974
Collecting neighbor edge indexes...
Warp::HashGrid took 0.61 ms
no of NN interactions: 1034974
[Mob_Nbody] Base velocity compute time: 3.233 ms
[Mob_Nbody] Post-base path time: 7.780 ms
[MobFMM] peak GPU memory: allocated 1029.78 MB, reserved 1578.00 MB
[MobFMM] near-field construction: 0.701 ms
[MobFMM] near-field operator time: 11.112 ms
[MobFMM] overall Nearfield time: 11.940 ms
[MobFMM] near-field particles updates per sec: 4,187,705.85
[MobFMM] total GPU time: 21.866 ms
[MobFMM] total particles updates per sec: 2,286,613.28


[MobFMM] far-field FMM GPU time: 9.937 ms
Building spatial grid for neighbor search...
Positions shape: (50000,)
Counting neighbors per particle...
Total near-field pairs found: 1034974
Collecting neighbor edge indexes...
Warp::HashGrid took 0.62 ms
no of NN interactions: 1034974
[Mob_Nbody] Base velocity compute time: 3.237 ms
[Mob_Nbody] Post-base path time: 7.768 ms
[MobFMM] peak GPU memory: allocated 1029.78 MB, reserved 1578.00 MB
[MobFMM] near-field construction: 0.708 ms
[MobFMM] near-field operator time: 11.103 ms
[MobFMM] overall Nearfield time: 11.935 ms
[MobFMM] near-field particles updates per sec: 4,189,513.54
[MobFMM] total GPU time: 22.343 ms
[MobFMM] total particles updates per sec: 2,237,871.89


[MobFMM] far-field FMM GPU time: 12.656 ms
Building spatial grid for neighbor search...
Positions shape: (50000,)
Counting neighbors per particle...
Total near-field pairs found: 1034974
Collecting neighbor edge indexes...
Warp::HashGrid took 0.62 ms
no of NN interactions: 1034974
[Mob_Nbody] Base velocity compute time: 3.229 ms
[Mob_Nbody] Post-base path time: 7.791 ms
[MobFMM] peak GPU memory: allocated 1029.78 MB, reserved 1578.00 MB
[MobFMM] near-field construction: 0.710 ms
[MobFMM] near-field operator time: 11.118 ms
[MobFMM] overall Nearfield time: 11.950 ms
[MobFMM] near-field particles updates per sec: 4,184,061.08
[MobFMM] total GPU time: 25.104 ms
[MobFMM] total particles updates per sec: 1,991,689.04


[MobFMM] far-field FMM GPU time: 14.240 ms
Building spatial grid for neighbor search...
Positions shape: (50000,)
Counting neighbors per particle...
Total near-field pairs found: 1034974
Collecting neighbor edge indexes...
Warp::HashGrid took 0.62 ms
no of NN interactions: 1034974
[Mob_Nbody] Base velocity compute time: 3.225 ms
[Mob_Nbody] Post-base path time: 7.793 ms
[MobFMM] peak GPU memory: allocated 1029.78 MB, reserved 1578.00 MB
[MobFMM] near-field construction: 0.707 ms
[MobFMM] near-field operator time: 11.117 ms
[MobFMM] overall Nearfield time: 11.947 ms
[MobFMM] near-field particles updates per sec: 4,185,282.87
[MobFMM] total GPU time: 26.687 ms
[MobFMM] total particles updates per sec: 1,873,543.93


[MobFMM] far-field FMM GPU time: 9.408 ms
Building spatial grid for neighbor search...
Positions shape: (50000,)
Counting neighbors per particle...
Total near-field pairs found: 1034974
Collecting neighbor edge indexes...
Warp::HashGrid took 0.62 ms
no of NN interactions: 1034974
[Mob_Nbody] Base velocity compute time: 3.221 ms
[Mob_Nbody] Post-base path time: 7.778 ms
[MobFMM] peak GPU memory: allocated 1029.78 MB, reserved 1578.00 MB
[MobFMM] near-field construction: 0.707 ms
[MobFMM] near-field operator time: 11.095 ms
[MobFMM] overall Nearfield time: 11.925 ms
[MobFMM] near-field particles updates per sec: 4,192,897.53
[MobFMM] total GPU time: 22.267 ms
[MobFMM] total particles updates per sec: 2,245,448.80


[MobFMM] far-field FMM GPU time: 9.426 ms
Building spatial grid for neighbor search...
Positions shape: (50000,)
Counting neighbors per particle...
Total near-field pairs found: 1034974
Collecting neighbor edge indexes...
Warp::HashGrid took 0.68 ms
no of NN interactions: 1034974
[Mob_Nbody] Base velocity compute time: 3.247 ms
[Mob_Nbody] Post-base path time: 7.776 ms
[MobFMM] peak GPU memory: allocated 1029.78 MB, reserved 1578.00 MB
[MobFMM] near-field construction: 0.769 ms
[MobFMM] near-field operator time: 11.121 ms
[MobFMM] overall Nearfield time: 12.013 ms
[MobFMM] near-field particles updates per sec: 4,162,171.37
[MobFMM] total GPU time: 21.935 ms
[MobFMM] total particles updates per sec: 2,279,434.55


[MobFMM] far-field FMM GPU time: 9.430 ms
Building spatial grid for neighbor search...
Positions shape: (50000,)
Counting neighbors per particle...
Total near-field pairs found: 1034974
Collecting neighbor edge indexes...
Warp::HashGrid took 0.62 ms
no of NN interactions: 1034974
[Mob_Nbody] Base velocity compute time: 3.221 ms
[Mob_Nbody] Post-base path time: 7.808 ms
[MobFMM] peak GPU memory: allocated 1029.78 MB, reserved 1578.00 MB
[MobFMM] near-field construction: 0.705 ms
[MobFMM] near-field operator time: 11.128 ms
[MobFMM] overall Nearfield time: 11.957 ms
[MobFMM] near-field particles updates per sec: 4,181,821.43
[MobFMM] total GPU time: 21.875 ms
[MobFMM] total particles updates per sec: 2,285,750.16


[MobFMM] far-field FMM GPU time: 9.428 ms
Building spatial grid for neighbor search...
Positions shape: (50000,)
Counting neighbors per particle...
Total near-field pairs found: 1034974
Collecting neighbor edge indexes...
Warp::HashGrid took 0.62 ms
no of NN interactions: 1034974
[Mob_Nbody] Base velocity compute time: 3.229 ms
[Mob_Nbody] Post-base path time: 7.786 ms
[MobFMM] peak GPU memory: allocated 1029.78 MB, reserved 1578.00 MB
[MobFMM] near-field construction: 0.705 ms
[MobFMM] near-field operator time: 11.113 ms
[MobFMM] overall Nearfield time: 11.941 ms
[MobFMM] near-field particles updates per sec: 4,187,335.27
[MobFMM] total GPU time: 21.848 ms
[MobFMM] total particles updates per sec: 2,288,579.20


[MobFMM] far-field FMM GPU time: 9.427 ms
Building spatial grid for neighbor search...
Positions shape: (50000,)
Counting neighbors per particle...
Total near-field pairs found: 1034974
Collecting neighbor edge indexes...
Warp::HashGrid took 0.62 ms
no of NN interactions: 1034974
[Mob_Nbody] Base velocity compute time: 3.238 ms
[Mob_Nbody] Post-base path time: 7.788 ms
[MobFMM] peak GPU memory: allocated 1029.78 MB, reserved 1578.00 MB
[MobFMM] near-field construction: 0.707 ms
[MobFMM] near-field operator time: 11.122 ms
[MobFMM] overall Nearfield time: 11.951 ms
[MobFMM] near-field particles updates per sec: 4,183,646.75
[MobFMM] total GPU time: 21.855 ms
[MobFMM] total particles updates per sec: 2,287,855.36


[MobFMM] far-field FMM GPU time: 9.416 ms
Building spatial grid for neighbor search...
Positions shape: (50000,)
Counting neighbors per particle...
Total near-field pairs found: 1034974
Collecting neighbor edge indexes...
Warp::HashGrid took 0.63 ms
no of NN interactions: 1034974
[Mob_Nbody] Base velocity compute time: 3.218 ms
[Mob_Nbody] Post-base path time: 7.786 ms
[MobFMM] peak GPU memory: allocated 1029.78 MB, reserved 1578.00 MB
[MobFMM] near-field construction: 0.713 ms
[MobFMM] near-field operator time: 11.101 ms
[MobFMM] overall Nearfield time: 11.936 ms
[MobFMM] near-field particles updates per sec: 4,188,974.28
[MobFMM] total GPU time: 21.824 ms
[MobFMM] total particles updates per sec: 2,291,042.37


[MobFMM] far-field FMM GPU time: 9.426 ms
Building spatial grid for neighbor search...
Positions shape: (50000,)
Counting neighbors per particle...
Total near-field pairs found: 1034974
Collecting neighbor edge indexes...
Warp::HashGrid took 0.62 ms
no of NN interactions: 1034974
[Mob_Nbody] Base velocity compute time: 3.219 ms
[Mob_Nbody] Post-base path time: 7.776 ms
[MobFMM] peak GPU memory: allocated 1029.78 MB, reserved 1578.00 MB
[MobFMM] near-field construction: 0.707 ms
[MobFMM] near-field operator time: 11.089 ms
[MobFMM] overall Nearfield time: 11.920 ms
[MobFMM] near-field particles updates per sec: 4,194,743.61
[MobFMM] total GPU time: 21.813 ms
[MobFMM] total particles updates per sec: 2,292,238.76


[MobFMM] far-field FMM GPU time: 9.418 ms
Building spatial grid for neighbor search...
Positions shape: (50000,)
Counting neighbors per particle...
Total near-field pairs found: 1034974
Collecting neighbor edge indexes...
Warp::HashGrid took 0.62 ms
no of NN interactions: 1034974
[Mob_Nbody] Base velocity compute time: 3.226 ms
[Mob_Nbody] Post-base path time: 7.782 ms
[MobFMM] peak GPU memory: allocated 1029.78 MB, reserved 1578.00 MB
[MobFMM] near-field construction: 0.711 ms
[MobFMM] near-field operator time: 11.106 ms
[MobFMM] overall Nearfield time: 11.940 ms
[MobFMM] near-field particles updates per sec: 4,187,705.85
[MobFMM] total GPU time: 21.843 ms
[MobFMM] total particles updates per sec: 2,289,052.02


[MobFMM] far-field FMM GPU time: 9.366 ms
Building spatial grid for neighbor search...
Positions shape: (50000,)
Counting neighbors per particle...
Total near-field pairs found: 1034974
Collecting neighbor edge indexes...
Warp::HashGrid took 0.61 ms
no of NN interactions: 1034974
[Mob_Nbody] Base velocity compute time: 3.234 ms
[Mob_Nbody] Post-base path time: 7.769 ms
[MobFMM] peak GPU memory: allocated 1029.78 MB, reserved 1578.00 MB
[MobFMM] near-field construction: 0.692 ms
[MobFMM] near-field operator time: 11.098 ms
[MobFMM] overall Nearfield time: 11.917 ms
[MobFMM] near-field particles updates per sec: 4,195,520.70
[MobFMM] total GPU time: 21.756 ms
[MobFMM] total particles updates per sec: 2,298,182.68


[MobFMM] far-field FMM GPU time: 9.442 ms
Building spatial grid for neighbor search...
Positions shape: (50000,)
Counting neighbors per particle...
Total near-field pairs found: 1034974
Collecting neighbor edge indexes...
Warp::HashGrid took 0.62 ms
no of NN interactions: 1034974
[Mob_Nbody] Base velocity compute time: 3.230 ms
[Mob_Nbody] Post-base path time: 7.768 ms
[MobFMM] peak GPU memory: allocated 1029.78 MB, reserved 1578.00 MB
[MobFMM] near-field construction: 0.704 ms
[MobFMM] near-field operator time: 11.094 ms
[MobFMM] overall Nearfield time: 11.921 ms
[MobFMM] near-field particles updates per sec: 4,194,203.00
[MobFMM] total GPU time: 21.857 ms
[MobFMM] total particles updates per sec: 2,287,547.31


[MobFMM] far-field FMM GPU time: 9.401 ms
Building spatial grid for neighbor search...
Positions shape: (50000,)
Counting neighbors per particle...
Total near-field pairs found: 1034974
Collecting neighbor edge indexes...
Warp::HashGrid took 0.62 ms
no of NN interactions: 1034974
[Mob_Nbody] Base velocity compute time: 3.233 ms
[Mob_Nbody] Post-base path time: 7.783 ms
[MobFMM] peak GPU memory: allocated 1029.78 MB, reserved 1578.00 MB
[MobFMM] near-field construction: 0.700 ms
[MobFMM] near-field operator time: 11.112 ms
[MobFMM] overall Nearfield time: 11.935 ms
[MobFMM] near-field particles updates per sec: 4,189,390.01
[MobFMM] total GPU time: 22.248 ms
[MobFMM] total particles updates per sec: 2,247,350.91


[MobFMM] far-field FMM GPU time: 9.402 ms
Building spatial grid for neighbor search...
Positions shape: (50000,)
Counting neighbors per particle...
Total near-field pairs found: 1034974
Collecting neighbor edge indexes...
Warp::HashGrid took 0.67 ms
no of NN interactions: 1034974
[Mob_Nbody] Base velocity compute time: 3.224 ms
[Mob_Nbody] Post-base path time: 7.779 ms
[MobFMM] peak GPU memory: allocated 1029.78 MB, reserved 1578.00 MB
[MobFMM] near-field construction: 0.761 ms
[MobFMM] near-field operator time: 11.101 ms
[MobFMM] overall Nearfield time: 11.985 ms
[MobFMM] near-field particles updates per sec: 4,171,995.84
[MobFMM] total GPU time: 21.861 ms
[MobFMM] total particles updates per sec: 2,287,192.24


[MobFMM] far-field FMM GPU time: 9.423 ms
Building spatial grid for neighbor search...
Positions shape: (50000,)
Counting neighbors per particle...
Total near-field pairs found: 1034974
Collecting neighbor edge indexes...
Warp::HashGrid took 0.61 ms
no of NN interactions: 1034974
[Mob_Nbody] Base velocity compute time: 3.223 ms
[Mob_Nbody] Post-base path time: 7.770 ms
[MobFMM] peak GPU memory: allocated 1029.78 MB, reserved 1578.00 MB
[MobFMM] near-field construction: 0.695 ms
[MobFMM] near-field operator time: 11.091 ms
[MobFMM] overall Nearfield time: 11.914 ms
[MobFMM] near-field particles updates per sec: 4,196,816.72
[MobFMM] total GPU time: 21.815 ms
[MobFMM] total particles updates per sec: 2,292,023.71


[MobFMM] far-field FMM GPU time: 9.413 ms
Building spatial grid for neighbor search...
Positions shape: (50000,)
Counting neighbors per particle...
Total near-field pairs found: 1034974
Collecting neighbor edge indexes...
Warp::HashGrid took 0.61 ms
no of NN interactions: 1034974
[Mob_Nbody] Base velocity compute time: 3.230 ms
[Mob_Nbody] Post-base path time: 7.785 ms
[MobFMM] peak GPU memory: allocated 1029.78 MB, reserved 1578.00 MB
[MobFMM] near-field construction: 0.695 ms
[MobFMM] near-field operator time: 11.109 ms
[MobFMM] overall Nearfield time: 11.926 ms
[MobFMM] near-field particles updates per sec: 4,192,537.43
[MobFMM] total GPU time: 21.822 ms
[MobFMM] total particles updates per sec: 2,291,220.38


[MobFMM] far-field FMM GPU time: 9.389 ms
Building spatial grid for neighbor search...
Positions shape: (50000,)
Counting neighbors per particle...
Total near-field pairs found: 1034974
Collecting neighbor edge indexes...
Warp::HashGrid took 0.62 ms
no of NN interactions: 1034974
[Mob_Nbody] Base velocity compute time: 3.229 ms
[Mob_Nbody] Post-base path time: 7.772 ms
[MobFMM] peak GPU memory: allocated 1029.78 MB, reserved 1578.00 MB
[MobFMM] near-field construction: 0.707 ms
[MobFMM] near-field operator time: 11.100 ms
[MobFMM] overall Nearfield time: 11.928 ms
[MobFMM] near-field particles updates per sec: 4,191,772.50
[MobFMM] total GPU time: 21.794 ms
[MobFMM] total particles updates per sec: 2,294,211.16


[MobFMM] far-field FMM GPU time: 9.492 ms
Building spatial grid for neighbor search...
Positions shape: (50000,)
Counting neighbors per particle...
Total near-field pairs found: 1034974
Collecting neighbor edge indexes...
Warp::HashGrid took 0.62 ms
no of NN interactions: 1034974
[Mob_Nbody] Base velocity compute time: 3.242 ms
[Mob_Nbody] Post-base path time: 7.780 ms
[MobFMM] peak GPU memory: allocated 1029.78 MB, reserved 1578.00 MB
[MobFMM] near-field construction: 0.703 ms
[MobFMM] near-field operator time: 11.119 ms
[MobFMM] overall Nearfield time: 11.943 ms
[MobFMM] near-field particles updates per sec: 4,186,393.06
[MobFMM] total GPU time: 21.922 ms
[MobFMM] total particles updates per sec: 2,280,768.85


[MobFMM] far-field FMM GPU time: 9.409 ms
Building spatial grid for neighbor search...
Positions shape: (50000,)
Counting neighbors per particle...
Total near-field pairs found: 1034974
Collecting neighbor edge indexes...
Warp::HashGrid took 0.62 ms
no of NN interactions: 1034974
[Mob_Nbody] Base velocity compute time: 3.227 ms
[Mob_Nbody] Post-base path time: 7.781 ms
[MobFMM] peak GPU memory: allocated 1029.78 MB, reserved 1578.00 MB
[MobFMM] near-field construction: 0.703 ms
[MobFMM] near-field operator time: 11.107 ms
[MobFMM] overall Nearfield time: 11.930 ms
[MobFMM] near-field particles updates per sec: 4,190,962.96
[MobFMM] total GPU time: 21.820 ms
[MobFMM] total particles updates per sec: 2,291,475.74


[MobFMM] far-field FMM GPU time: 9.457 ms
Building spatial grid for neighbor search...
Positions shape: (50000,)
Counting neighbors per particle...
Total near-field pairs found: 1034974
Collecting neighbor edge indexes...
Warp::HashGrid took 0.62 ms
no of NN interactions: 1034974
[Mob_Nbody] Base velocity compute time: 3.223 ms
[Mob_Nbody] Post-base path time: 7.780 ms
[MobFMM] peak GPU memory: allocated 1029.78 MB, reserved 1578.00 MB
[MobFMM] near-field construction: 0.700 ms
[MobFMM] near-field operator time: 11.100 ms
[MobFMM] overall Nearfield time: 11.920 ms
[MobFMM] near-field particles updates per sec: 4,194,675.82
[MobFMM] total GPU time: 21.846 ms
[MobFMM] total particles updates per sec: 2,288,740.05


[MobFMM] far-field FMM GPU time: 9.468 ms
Building spatial grid for neighbor search...
Positions shape: (50000,)
Counting neighbors per particle...
Total near-field pairs found: 1034974
Collecting neighbor edge indexes...
Warp::HashGrid took 0.61 ms
no of NN interactions: 1034974
[Mob_Nbody] Base velocity compute time: 3.240 ms
[Mob_Nbody] Post-base path time: 7.792 ms
[MobFMM] peak GPU memory: allocated 1029.78 MB, reserved 1578.00 MB
[MobFMM] near-field construction: 0.695 ms
[MobFMM] near-field operator time: 11.131 ms
[MobFMM] overall Nearfield time: 11.943 ms
[MobFMM] near-field particles updates per sec: 4,186,381.69
[MobFMM] total GPU time: 21.892 ms
[MobFMM] total particles updates per sec: 2,283,909.27


[MobFMM] far-field FMM GPU time: 9.441 ms
Building spatial grid for neighbor search...
Positions shape: (50000,)
Counting neighbors per particle...
Total near-field pairs found: 1034974
Collecting neighbor edge indexes...
Warp::HashGrid took 0.62 ms
no of NN interactions: 1034974
[Mob_Nbody] Base velocity compute time: 3.233 ms
[Mob_Nbody] Post-base path time: 7.786 ms
[MobFMM] peak GPU memory: allocated 1029.78 MB, reserved 1578.00 MB
[MobFMM] near-field construction: 0.703 ms
[MobFMM] near-field operator time: 11.117 ms
[MobFMM] overall Nearfield time: 11.940 ms
[MobFMM] near-field particles updates per sec: 4,187,582.09
[MobFMM] total GPU time: 21.866 ms
[MobFMM] total particles updates per sec: 2,286,680.10


[MobFMM] far-field FMM GPU time: 9.428 ms
Building spatial grid for neighbor search...
Positions shape: (50000,)
Counting neighbors per particle...
Total near-field pairs found: 1034974
Collecting neighbor edge indexes...
Warp::HashGrid took 0.63 ms
no of NN interactions: 1034974
[Mob_Nbody] Base velocity compute time: 3.225 ms
[Mob_Nbody] Post-base path time: 7.798 ms
[MobFMM] peak GPU memory: allocated 1029.78 MB, reserved 1578.00 MB
[MobFMM] near-field construction: 0.713 ms
[MobFMM] near-field operator time: 11.121 ms
[MobFMM] overall Nearfield time: 11.956 ms
[MobFMM] near-field particles updates per sec: 4,181,967.20
[MobFMM] total GPU time: 21.862 ms
[MobFMM] total particles updates per sec: 2,287,098.65


[MobFMM] far-field FMM GPU time: 9.434 ms
Building spatial grid for neighbor search...
Positions shape: (50000,)
Counting neighbors per particle...
Total near-field pairs found: 1034974
Collecting neighbor edge indexes...
Warp::HashGrid took 1.13 ms
no of NN interactions: 1034974
[Mob_Nbody] Base velocity compute time: 3.240 ms
[Mob_Nbody] Post-base path time: 7.773 ms
[MobFMM] peak GPU memory: allocated 1029.78 MB, reserved 1578.00 MB
[MobFMM] near-field construction: 1.223 ms
[MobFMM] near-field operator time: 11.110 ms
[MobFMM] overall Nearfield time: 12.457 ms
[MobFMM] near-field particles updates per sec: 4,013,737.82
[MobFMM] total GPU time: 22.367 ms
[MobFMM] total particles updates per sec: 2,235,387.28


[MobFMM] far-field FMM GPU time: 9.439 ms
Building spatial grid for neighbor search...
Positions shape: (50000,)
Counting neighbors per particle...
Total near-field pairs found: 1034974
Collecting neighbor edge indexes...
Warp::HashGrid took 0.63 ms
no of NN interactions: 1034974
[Mob_Nbody] Base velocity compute time: 3.229 ms
[Mob_Nbody] Post-base path time: 7.780 ms
[MobFMM] peak GPU memory: allocated 1029.78 MB, reserved 1578.00 MB
[MobFMM] near-field construction: 0.710 ms
[MobFMM] near-field operator time: 11.106 ms
[MobFMM] overall Nearfield time: 11.935 ms
[MobFMM] near-field particles updates per sec: 4,189,401.06
[MobFMM] total GPU time: 21.852 ms
[MobFMM] total particles updates per sec: 2,288,120.16


[MobFMM] far-field FMM GPU time: 9.440 ms
Building spatial grid for neighbor search...
Positions shape: (50000,)
Counting neighbors per particle...
Total near-field pairs found: 1034974
Collecting neighbor edge indexes...
Warp::HashGrid took 0.62 ms
no of NN interactions: 1034974
[Mob_Nbody] Base velocity compute time: 3.229 ms
[Mob_Nbody] Post-base path time: 7.791 ms
[MobFMM] peak GPU memory: allocated 1029.78 MB, reserved 1578.00 MB
[MobFMM] near-field construction: 0.711 ms
[MobFMM] near-field operator time: 11.119 ms
[MobFMM] overall Nearfield time: 11.953 ms
[MobFMM] near-field particles updates per sec: 4,183,142.71
[MobFMM] total GPU time: 21.873 ms
[MobFMM] total particles updates per sec: 2,285,947.49


[MobFMM] far-field FMM GPU time: 9.517 ms
Building spatial grid for neighbor search...
Positions shape: (50000,)
Counting neighbors per particle...
Total near-field pairs found: 1034974
Collecting neighbor edge indexes...
Warp::HashGrid took 0.63 ms
no of NN interactions: 1034974
[Mob_Nbody] Base velocity compute time: 3.239 ms
[Mob_Nbody] Post-base path time: 7.774 ms
[MobFMM] peak GPU memory: allocated 1029.78 MB, reserved 1578.00 MB
[MobFMM] near-field construction: 0.712 ms
[MobFMM] near-field operator time: 11.111 ms
[MobFMM] overall Nearfield time: 11.944 ms
[MobFMM] near-field particles updates per sec: 4,186,078.86
[MobFMM] total GPU time: 21.949 ms
[MobFMM] total particles updates per sec: 2,278,042.22


[MobFMM] far-field FMM GPU time: 9.449 ms
Building spatial grid for neighbor search...
Positions shape: (50000,)
Counting neighbors per particle...
Total near-field pairs found: 1034974
Collecting neighbor edge indexes...
Warp::HashGrid took 0.62 ms
no of NN interactions: 1034974
[Mob_Nbody] Base velocity compute time: 3.228 ms
[Mob_Nbody] Post-base path time: 7.795 ms
[MobFMM] peak GPU memory: allocated 1029.78 MB, reserved 1578.00 MB
[MobFMM] near-field construction: 0.708 ms
[MobFMM] near-field operator time: 11.120 ms
[MobFMM] overall Nearfield time: 11.951 ms
[MobFMM] near-field particles updates per sec: 4,183,803.66
[MobFMM] total GPU time: 21.878 ms
[MobFMM] total particles updates per sec: 2,285,402.63


[MobFMM] far-field FMM GPU time: 9.404 ms
Building spatial grid for neighbor search...
Positions shape: (50000,)
Counting neighbors per particle...
Total near-field pairs found: 1034974
Collecting neighbor edge indexes...
Warp::HashGrid took 0.62 ms
no of NN interactions: 1034974
[Mob_Nbody] Base velocity compute time: 3.223 ms
[Mob_Nbody] Post-base path time: 7.763 ms
[MobFMM] peak GPU memory: allocated 1029.78 MB, reserved 1578.00 MB
[MobFMM] near-field construction: 0.710 ms
[MobFMM] near-field operator time: 11.083 ms
[MobFMM] overall Nearfield time: 11.916 ms
[MobFMM] near-field particles updates per sec: 4,196,174.15
[MobFMM] total GPU time: 21.798 ms
[MobFMM] total particles updates per sec: 2,293,753.06


[MobFMM] far-field FMM GPU time: 9.465 ms
Building spatial grid for neighbor search...
Positions shape: (50000,)
Counting neighbors per particle...
Total near-field pairs found: 1034974
Collecting neighbor edge indexes...
Warp::HashGrid took 0.63 ms
no of NN interactions: 1034974
[Mob_Nbody] Base velocity compute time: 3.223 ms
[Mob_Nbody] Post-base path time: 7.778 ms
[MobFMM] peak GPU memory: allocated 1029.78 MB, reserved 1578.00 MB
[MobFMM] near-field construction: 0.717 ms
[MobFMM] near-field operator time: 11.097 ms
[MobFMM] overall Nearfield time: 11.936 ms
[MobFMM] near-field particles updates per sec: 4,188,918.06
[MobFMM] total GPU time: 21.880 ms
[MobFMM] total particles updates per sec: 2,285,161.96


[MobFMM] far-field FMM GPU time: 9.416 ms
Building spatial grid for neighbor search...
Positions shape: (50000,)
Counting neighbors per particle...
Total near-field pairs found: 1034974
Collecting neighbor edge indexes...
Warp::HashGrid took 0.61 ms
no of NN interactions: 1034974
[Mob_Nbody] Base velocity compute time: 3.224 ms
[Mob_Nbody] Post-base path time: 7.779 ms
[MobFMM] peak GPU memory: allocated 1029.78 MB, reserved 1578.00 MB
[MobFMM] near-field construction: 0.699 ms
[MobFMM] near-field operator time: 11.101 ms
[MobFMM] overall Nearfield time: 11.923 ms
[MobFMM] near-field particles updates per sec: 4,193,595.11
[MobFMM] total GPU time: 21.810 ms
[MobFMM] total particles updates per sec: 2,292,474.29


[MobFMM] far-field FMM GPU time: 9.451 ms
Building spatial grid for neighbor search...
Positions shape: (50000,)
Counting neighbors per particle...
Total near-field pairs found: 1034974
Collecting neighbor edge indexes...
Warp::HashGrid took 0.61 ms
no of NN interactions: 1034974
[Mob_Nbody] Base velocity compute time: 3.235 ms
[Mob_Nbody] Post-base path time: 7.792 ms
[MobFMM] peak GPU memory: allocated 1029.78 MB, reserved 1578.00 MB
[MobFMM] near-field construction: 0.693 ms
[MobFMM] near-field operator time: 11.122 ms
[MobFMM] overall Nearfield time: 11.943 ms
[MobFMM] near-field particles updates per sec: 4,186,426.49
[MobFMM] total GPU time: 21.875 ms
[MobFMM] total particles updates per sec: 2,285,756.94


[MobFMM] far-field FMM GPU time: 9.464 ms
Building spatial grid for neighbor search...
Positions shape: (50000,)
Counting neighbors per particle...
Total near-field pairs found: 1034974
Collecting neighbor edge indexes...
Warp::HashGrid took 0.60 ms
no of NN interactions: 1034974
[Mob_Nbody] Base velocity compute time: 3.230 ms
[Mob_Nbody] Post-base path time: 7.841 ms
[MobFMM] peak GPU memory: allocated 1029.78 MB, reserved 1578.00 MB
[MobFMM] near-field construction: 0.692 ms
[MobFMM] near-field operator time: 11.288 ms
[MobFMM] overall Nearfield time: 12.171 ms
[MobFMM] near-field particles updates per sec: 4,107,993.42
[MobFMM] total GPU time: 22.805 ms
[MobFMM] total particles updates per sec: 2,192,465.49


[MobFMM] far-field FMM GPU time: 9.624 ms
Building spatial grid for neighbor search...
Positions shape: (50000,)
Counting neighbors per particle...
Total near-field pairs found: 1034974
Collecting neighbor edge indexes...
Warp::HashGrid took 0.61 ms
no of NN interactions: 1034974
[Mob_Nbody] Base velocity compute time: 3.222 ms
[Mob_Nbody] Post-base path time: 8.523 ms
[MobFMM] peak GPU memory: allocated 1029.78 MB, reserved 1578.00 MB
[MobFMM] near-field construction: 0.706 ms
[MobFMM] near-field operator time: 11.879 ms
[MobFMM] overall Nearfield time: 12.711 ms
[MobFMM] near-field particles updates per sec: 3,933,628.13
[MobFMM] total GPU time: 23.342 ms
[MobFMM] total particles updates per sec: 2,142,083.49


[MobFMM] far-field FMM GPU time: 9.567 ms
Building spatial grid for neighbor search...
Positions shape: (50000,)
Counting neighbors per particle...
Total near-field pairs found: 1034974
Collecting neighbor edge indexes...
Warp::HashGrid took 0.80 ms
no of NN interactions: 1034974
[Mob_Nbody] Base velocity compute time: 3.402 ms
[Mob_Nbody] Post-base path time: 7.914 ms
[MobFMM] peak GPU memory: allocated 1029.78 MB, reserved 1578.00 MB
[MobFMM] near-field construction: 0.921 ms
[MobFMM] near-field operator time: 11.418 ms
[MobFMM] overall Nearfield time: 12.491 ms
[MobFMM] near-field particles updates per sec: 4,002,859.10
[MobFMM] total GPU time: 22.561 ms
[MobFMM] total particles updates per sec: 2,216,205.12


[MobFMM] far-field FMM GPU time: 9.425 ms
Building spatial grid for neighbor search...
Positions shape: (50000,)
Counting neighbors per particle...
Total near-field pairs found: 1034974
Collecting neighbor edge indexes...
Warp::HashGrid took 0.61 ms
no of NN interactions: 1034974
[Mob_Nbody] Base velocity compute time: 3.237 ms
[Mob_Nbody] Post-base path time: 7.803 ms
[MobFMM] peak GPU memory: allocated 1029.78 MB, reserved 1578.00 MB
[MobFMM] near-field construction: 0.695 ms
[MobFMM] near-field operator time: 11.137 ms
[MobFMM] overall Nearfield time: 11.958 ms
[MobFMM] near-field particles updates per sec: 4,181,463.56
[MobFMM] total GPU time: 21.855 ms
[MobFMM] total particles updates per sec: 2,287,832.00


[MobFMM] far-field FMM GPU time: 9.398 ms
Building spatial grid for neighbor search...
Positions shape: (50000,)
Counting neighbors per particle...
Total near-field pairs found: 1034974
Collecting neighbor edge indexes...
Warp::HashGrid took 0.61 ms
no of NN interactions: 1034974
[Mob_Nbody] Base velocity compute time: 3.236 ms
[Mob_Nbody] Post-base path time: 7.797 ms
[MobFMM] peak GPU memory: allocated 1029.78 MB, reserved 1578.00 MB
[MobFMM] near-field construction: 0.698 ms
[MobFMM] near-field operator time: 11.129 ms
[MobFMM] overall Nearfield time: 11.949 ms
[MobFMM] near-field particles updates per sec: 4,184,587.72
[MobFMM] total GPU time: 21.817 ms
[MobFMM] total particles updates per sec: 2,291,778.24


[MobFMM] far-field FMM GPU time: 9.368 ms
Building spatial grid for neighbor search...
Positions shape: (50000,)
Counting neighbors per particle...
Total near-field pairs found: 1034974
Collecting neighbor edge indexes...
Warp::HashGrid took 0.62 ms
no of NN interactions: 1034974
[Mob_Nbody] Base velocity compute time: 3.263 ms
[Mob_Nbody] Post-base path time: 7.773 ms
[MobFMM] peak GPU memory: allocated 1029.78 MB, reserved 1578.00 MB
[MobFMM] near-field construction: 0.708 ms
[MobFMM] near-field operator time: 11.133 ms
[MobFMM] overall Nearfield time: 11.964 ms
[MobFMM] near-field particles updates per sec: 4,179,070.12
[MobFMM] total GPU time: 21.808 ms
[MobFMM] total particles updates per sec: 2,292,746.78


[MobFMM] far-field FMM GPU time: 9.432 ms
Building spatial grid for neighbor search...
Positions shape: (50000,)
Counting neighbors per particle...
Total near-field pairs found: 1034974
Collecting neighbor edge indexes...
Warp::HashGrid took 0.62 ms
no of NN interactions: 1034974
[Mob_Nbody] Base velocity compute time: 3.230 ms
[Mob_Nbody] Post-base path time: 7.788 ms
[MobFMM] peak GPU memory: allocated 1029.78 MB, reserved 1578.00 MB
[MobFMM] near-field construction: 0.711 ms
[MobFMM] near-field operator time: 11.117 ms
[MobFMM] overall Nearfield time: 11.950 ms
[MobFMM] near-field particles updates per sec: 4,184,106.16
[MobFMM] total GPU time: 21.862 ms
[MobFMM] total particles updates per sec: 2,287,078.50


[MobFMM] far-field FMM GPU time: 9.443 ms
Building spatial grid for neighbor search...
Positions shape: (50000,)
Counting neighbors per particle...
Total near-field pairs found: 1034974
Collecting neighbor edge indexes...
Warp::HashGrid took 0.62 ms
no of NN interactions: 1034974
[Mob_Nbody] Base velocity compute time: 3.227 ms
[Mob_Nbody] Post-base path time: 7.791 ms
[MobFMM] peak GPU memory: allocated 1029.78 MB, reserved 1578.00 MB
[MobFMM] near-field construction: 0.707 ms
[MobFMM] near-field operator time: 11.113 ms
[MobFMM] overall Nearfield time: 11.941 ms
[MobFMM] near-field particles updates per sec: 4,187,122.25
[MobFMM] total GPU time: 21.857 ms
[MobFMM] total particles updates per sec: 2,287,590.83


[MobFMM] far-field FMM GPU time: 9.421 ms
Building spatial grid for neighbor search...
Positions shape: (50000,)
Counting neighbors per particle...
Total near-field pairs found: 1034974
Collecting neighbor edge indexes...
Warp::HashGrid took 0.63 ms
no of NN interactions: 1034974
[Mob_Nbody] Base velocity compute time: 3.233 ms
[Mob_Nbody] Post-base path time: 7.785 ms
[MobFMM] peak GPU memory: allocated 1029.78 MB, reserved 1578.00 MB
[MobFMM] near-field construction: 0.712 ms
[MobFMM] near-field operator time: 11.114 ms
[MobFMM] overall Nearfield time: 11.950 ms
[MobFMM] near-field particles updates per sec: 4,184,262.77
[MobFMM] total GPU time: 21.847 ms
[MobFMM] total particles updates per sec: 2,288,632.95


[MobFMM] far-field FMM GPU time: 9.384 ms
Building spatial grid for neighbor search...
Positions shape: (50000,)
Counting neighbors per particle...
Total near-field pairs found: 1034974
Collecting neighbor edge indexes...
Warp::HashGrid took 0.62 ms
no of NN interactions: 1034974
[Mob_Nbody] Base velocity compute time: 3.225 ms
[Mob_Nbody] Post-base path time: 7.803 ms
[MobFMM] peak GPU memory: allocated 1029.78 MB, reserved 1578.00 MB
[MobFMM] near-field construction: 0.710 ms
[MobFMM] near-field operator time: 11.127 ms
[MobFMM] overall Nearfield time: 11.958 ms
[MobFMM] near-field particles updates per sec: 4,181,250.80
[MobFMM] total GPU time: 21.821 ms
[MobFMM] total particles updates per sec: 2,291,421.86


[MobFMM] far-field FMM GPU time: 9.416 ms
Building spatial grid for neighbor search...
Positions shape: (50000,)
Counting neighbors per particle...
Total near-field pairs found: 1034974
Collecting neighbor edge indexes...
Warp::HashGrid took 0.63 ms
no of NN interactions: 1034974
[Mob_Nbody] Base velocity compute time: 3.220 ms
[Mob_Nbody] Post-base path time: 7.773 ms
[MobFMM] peak GPU memory: allocated 1029.78 MB, reserved 1578.00 MB
[MobFMM] near-field construction: 0.715 ms
[MobFMM] near-field operator time: 11.089 ms
[MobFMM] overall Nearfield time: 11.928 ms
[MobFMM] near-field particles updates per sec: 4,191,952.48
[MobFMM] total GPU time: 21.815 ms
[MobFMM] total particles updates per sec: 2,291,956.37


[MobFMM] far-field FMM GPU time: 9.447 ms
Building spatial grid for neighbor search...
Positions shape: (50000,)
Counting neighbors per particle...
Total near-field pairs found: 1034974
Collecting neighbor edge indexes...
Warp::HashGrid took 0.62 ms
no of NN interactions: 1034974
[Mob_Nbody] Base velocity compute time: 3.225 ms
[Mob_Nbody] Post-base path time: 7.782 ms
[MobFMM] peak GPU memory: allocated 1029.78 MB, reserved 1578.00 MB
[MobFMM] near-field construction: 0.712 ms
[MobFMM] near-field operator time: 11.105 ms
[MobFMM] overall Nearfield time: 11.941 ms
[MobFMM] near-field particles updates per sec: 4,187,369.05
[MobFMM] total GPU time: 22.323 ms
[MobFMM] total particles updates per sec: 2,239,815.91


[MobFMM] far-field FMM GPU time: 9.408 ms
Building spatial grid for neighbor search...
Positions shape: (50000,)
Counting neighbors per particle...
Total near-field pairs found: 1034974
Collecting neighbor edge indexes...
Warp::HashGrid took 0.69 ms
no of NN interactions: 1034974
[Mob_Nbody] Base velocity compute time: 3.227 ms
[Mob_Nbody] Post-base path time: 7.787 ms
[MobFMM] peak GPU memory: allocated 1029.78 MB, reserved 1578.00 MB
[MobFMM] near-field construction: 0.777 ms
[MobFMM] near-field operator time: 11.112 ms
[MobFMM] overall Nearfield time: 12.013 ms
[MobFMM] near-field particles updates per sec: 4,162,016.41
[MobFMM] total GPU time: 21.907 ms
[MobFMM] total particles updates per sec: 2,282,354.67


[MobFMM] far-field FMM GPU time: 9.415 ms
Building spatial grid for neighbor search...
Positions shape: (50000,)
Counting neighbors per particle...
Total near-field pairs found: 1034974
Collecting neighbor edge indexes...
Warp::HashGrid took 0.63 ms
no of NN interactions: 1034974
[Mob_Nbody] Base velocity compute time: 3.234 ms
[Mob_Nbody] Post-base path time: 7.782 ms
[MobFMM] peak GPU memory: allocated 1029.78 MB, reserved 1578.00 MB
[MobFMM] near-field construction: 0.714 ms
[MobFMM] near-field operator time: 11.111 ms
[MobFMM] overall Nearfield time: 11.945 ms
[MobFMM] near-field particles updates per sec: 4,185,854.60
[MobFMM] total GPU time: 21.834 ms
[MobFMM] total particles updates per sec: 2,290,048.46


[MobFMM] far-field FMM GPU time: 9.451 ms
Building spatial grid for neighbor search...
Positions shape: (50000,)
Counting neighbors per particle...
Total near-field pairs found: 1034974
Collecting neighbor edge indexes...
Warp::HashGrid took 0.62 ms
no of NN interactions: 1034974
[Mob_Nbody] Base velocity compute time: 3.222 ms
[Mob_Nbody] Post-base path time: 7.791 ms
[MobFMM] peak GPU memory: allocated 1029.78 MB, reserved 1578.00 MB
[MobFMM] near-field construction: 0.707 ms
[MobFMM] near-field operator time: 11.108 ms
[MobFMM] overall Nearfield time: 11.939 ms
[MobFMM] near-field particles updates per sec: 4,187,795.50
[MobFMM] total GPU time: 21.864 ms
[MobFMM] total particles updates per sec: 2,286,817.34


[MobFMM] far-field FMM GPU time: 9.455 ms
Building spatial grid for neighbor search...
Positions shape: (50000,)
Counting neighbors per particle...
Total near-field pairs found: 1034974
Collecting neighbor edge indexes...
Warp::HashGrid took 0.62 ms
no of NN interactions: 1034974
[Mob_Nbody] Base velocity compute time: 3.229 ms
[Mob_Nbody] Post-base path time: 7.768 ms
[MobFMM] peak GPU memory: allocated 1029.78 MB, reserved 1578.00 MB
[MobFMM] near-field construction: 0.704 ms
[MobFMM] near-field operator time: 11.094 ms
[MobFMM] overall Nearfield time: 11.919 ms
[MobFMM] near-field particles updates per sec: 4,195,103.75
[MobFMM] total GPU time: 21.854 ms
[MobFMM] total particles updates per sec: 2,287,942.42


[MobFMM] far-field FMM GPU time: 9.441 ms
Building spatial grid for neighbor search...
Positions shape: (50000,)
Counting neighbors per particle...
Total near-field pairs found: 1034974
Collecting neighbor edge indexes...
Warp::HashGrid took 0.62 ms
no of NN interactions: 1034974
[Mob_Nbody] Base velocity compute time: 3.234 ms
[Mob_Nbody] Post-base path time: 7.784 ms
[MobFMM] peak GPU memory: allocated 1029.78 MB, reserved 1578.00 MB
[MobFMM] near-field construction: 0.707 ms
[MobFMM] near-field operator time: 11.115 ms
[MobFMM] overall Nearfield time: 11.945 ms
[MobFMM] near-field particles updates per sec: 4,185,854.60
[MobFMM] total GPU time: 21.878 ms
[MobFMM] total particles updates per sec: 2,285,442.67


[MobFMM] far-field FMM GPU time: 9.462 ms
Building spatial grid for neighbor search...
Positions shape: (50000,)
Counting neighbors per particle...
Total near-field pairs found: 1034974
Collecting neighbor edge indexes...
Warp::HashGrid took 0.61 ms
no of NN interactions: 1034974
[Mob_Nbody] Base velocity compute time: 3.226 ms
[Mob_Nbody] Post-base path time: 7.791 ms
[MobFMM] peak GPU memory: allocated 1029.78 MB, reserved 1578.00 MB
[MobFMM] near-field construction: 0.702 ms
[MobFMM] near-field operator time: 11.112 ms
[MobFMM] overall Nearfield time: 11.936 ms
[MobFMM] near-field particles updates per sec: 4,189,165.40
[MobFMM] total GPU time: 21.878 ms
[MobFMM] total particles updates per sec: 2,285,442.67


[MobFMM] far-field FMM GPU time: 9.437 ms
Building spatial grid for neighbor search...
Positions shape: (50000,)
Counting neighbors per particle...
Total near-field pairs found: 1034974
Collecting neighbor edge indexes...
Warp::HashGrid took 0.61 ms
no of NN interactions: 1034974
[Mob_Nbody] Base velocity compute time: 3.222 ms
[Mob_Nbody] Post-base path time: 7.781 ms
[MobFMM] peak GPU memory: allocated 1029.78 MB, reserved 1578.00 MB
[MobFMM] near-field construction: 0.699 ms
[MobFMM] near-field operator time: 11.099 ms
[MobFMM] overall Nearfield time: 11.920 ms
[MobFMM] near-field particles updates per sec: 4,194,709.71
[MobFMM] total GPU time: 21.830 ms
[MobFMM] total particles updates per sec: 2,290,380.60


[MobFMM] far-field FMM GPU time: 9.431 ms
Building spatial grid for neighbor search...
Positions shape: (50000,)
Counting neighbors per particle...
Total near-field pairs found: 1034974
Collecting neighbor edge indexes...
Warp::HashGrid took 0.61 ms
no of NN interactions: 1034974
[Mob_Nbody] Base velocity compute time: 3.227 ms
[Mob_Nbody] Post-base path time: 7.783 ms
[MobFMM] peak GPU memory: allocated 1029.78 MB, reserved 1578.00 MB
[MobFMM] near-field construction: 0.700 ms
[MobFMM] near-field operator time: 11.104 ms
[MobFMM] overall Nearfield time: 11.934 ms
[MobFMM] near-field particles updates per sec: 4,189,738.19
[MobFMM] total GPU time: 21.835 ms
[MobFMM] total particles updates per sec: 2,289,941.04


[MobFMM] far-field FMM GPU time: 9.396 ms
Building spatial grid for neighbor search...
Positions shape: (50000,)
Counting neighbors per particle...
Total near-field pairs found: 1034974
Collecting neighbor edge indexes...
Warp::HashGrid took 0.61 ms
no of NN interactions: 1034974
[Mob_Nbody] Base velocity compute time: 3.230 ms
[Mob_Nbody] Post-base path time: 7.782 ms
[MobFMM] peak GPU memory: allocated 1029.78 MB, reserved 1578.00 MB
[MobFMM] near-field construction: 0.697 ms
[MobFMM] near-field operator time: 11.110 ms
[MobFMM] overall Nearfield time: 11.931 ms
[MobFMM] near-field particles updates per sec: 4,190,907.02
[MobFMM] total GPU time: 21.813 ms
[MobFMM] total particles updates per sec: 2,292,238.76


[MobFMM] far-field FMM GPU time: 9.396 ms
Building spatial grid for neighbor search...
Positions shape: (50000,)
Counting neighbors per particle...
Total near-field pairs found: 1034974
Collecting neighbor edge indexes...
Warp::HashGrid took 0.62 ms
no of NN interactions: 1034974
[Mob_Nbody] Base velocity compute time: 3.237 ms
[Mob_Nbody] Post-base path time: 7.782 ms
[MobFMM] peak GPU memory: allocated 1029.78 MB, reserved 1578.00 MB
[MobFMM] near-field construction: 0.703 ms
[MobFMM] near-field operator time: 11.113 ms
[MobFMM] overall Nearfield time: 11.946 ms
[MobFMM] near-field particles updates per sec: 4,185,551.84
[MobFMM] total GPU time: 22.251 ms
[MobFMM] total particles updates per sec: 2,247,134.38


[MobFMM] far-field FMM GPU time: 9.426 ms
Building spatial grid for neighbor search...
Positions shape: (50000,)
Counting neighbors per particle...
Total near-field pairs found: 1034974
Collecting neighbor edge indexes...
Warp::HashGrid took 0.67 ms
no of NN interactions: 1034974
[Mob_Nbody] Base velocity compute time: 3.236 ms
[Mob_Nbody] Post-base path time: 7.782 ms
[MobFMM] peak GPU memory: allocated 1029.78 MB, reserved 1578.00 MB
[MobFMM] near-field construction: 0.761 ms
[MobFMM] near-field operator time: 11.113 ms
[MobFMM] overall Nearfield time: 12.000 ms
[MobFMM] near-field particles updates per sec: 4,166,644.48
[MobFMM] total GPU time: 21.902 ms
[MobFMM] total particles updates per sec: 2,282,944.81


[MobFMM] far-field FMM GPU time: 9.555 ms
Building spatial grid for neighbor search...
Positions shape: (50000,)
Counting neighbors per particle...
Total near-field pairs found: 1034974
Collecting neighbor edge indexes...
Warp::HashGrid took 0.61 ms
no of NN interactions: 1034974
[Mob_Nbody] Base velocity compute time: 3.226 ms
[Mob_Nbody] Post-base path time: 7.782 ms
[MobFMM] peak GPU memory: allocated 1029.78 MB, reserved 1578.00 MB
[MobFMM] near-field construction: 0.704 ms
[MobFMM] near-field operator time: 11.105 ms
[MobFMM] overall Nearfield time: 11.932 ms
[MobFMM] near-field particles updates per sec: 4,190,389.84
[MobFMM] total GPU time: 21.965 ms
[MobFMM] total particles updates per sec: 2,276,386.08


[MobFMM] far-field FMM GPU time: 9.477 ms
Building spatial grid for neighbor search...
Positions shape: (50000,)
Counting neighbors per particle...
Total near-field pairs found: 1034974
Collecting neighbor edge indexes...
Warp::HashGrid took 0.62 ms
no of NN interactions: 1034974
[Mob_Nbody] Base velocity compute time: 3.214 ms
[Mob_Nbody] Post-base path time: 7.786 ms
[MobFMM] peak GPU memory: allocated 1029.78 MB, reserved 1578.00 MB
[MobFMM] near-field construction: 0.708 ms
[MobFMM] near-field operator time: 11.095 ms
[MobFMM] overall Nearfield time: 11.928 ms
[MobFMM] near-field particles updates per sec: 4,191,963.88
[MobFMM] total GPU time: 21.889 ms
[MobFMM] total particles updates per sec: 2,284,243.21


[MobFMM] far-field FMM GPU time: 9.475 ms
Building spatial grid for neighbor search...
Positions shape: (50000,)
Counting neighbors per particle...
Total near-field pairs found: 1034974
Collecting neighbor edge indexes...
Warp::HashGrid took 0.61 ms
no of NN interactions: 1034974
[Mob_Nbody] Base velocity compute time: 3.240 ms
[Mob_Nbody] Post-base path time: 7.801 ms
[MobFMM] peak GPU memory: allocated 1029.78 MB, reserved 1578.00 MB
[MobFMM] near-field construction: 0.701 ms
[MobFMM] near-field operator time: 11.136 ms
[MobFMM] overall Nearfield time: 11.958 ms
[MobFMM] near-field particles updates per sec: 4,181,262.14
[MobFMM] total GPU time: 21.917 ms
[MobFMM] total particles updates per sec: 2,281,344.86


[MobFMM] far-field FMM GPU time: 9.427 ms
Building spatial grid for neighbor search...
Positions shape: (50000,)
Counting neighbors per particle...
Total near-field pairs found: 1034974
Collecting neighbor edge indexes...
Warp::HashGrid took 0.61 ms
no of NN interactions: 1034974
[Mob_Nbody] Base velocity compute time: 3.234 ms
[Mob_Nbody] Post-base path time: 7.795 ms
[MobFMM] peak GPU memory: allocated 1029.78 MB, reserved 1578.00 MB
[MobFMM] near-field construction: 0.694 ms
[MobFMM] near-field operator time: 11.124 ms
[MobFMM] overall Nearfield time: 11.946 ms
[MobFMM] near-field particles updates per sec: 4,185,361.39
[MobFMM] total GPU time: 21.847 ms
[MobFMM] total particles updates per sec: 2,288,639.54


[MobFMM] far-field FMM GPU time: 9.395 ms
Building spatial grid for neighbor search...
Positions shape: (50000,)
Counting neighbors per particle...
Total near-field pairs found: 1034974
Collecting neighbor edge indexes...
Warp::HashGrid took 0.62 ms
no of NN interactions: 1034974
[Mob_Nbody] Base velocity compute time: 3.236 ms
[Mob_Nbody] Post-base path time: 7.789 ms
[MobFMM] peak GPU memory: allocated 1029.78 MB, reserved 1578.00 MB
[MobFMM] near-field construction: 0.700 ms
[MobFMM] near-field operator time: 11.124 ms
[MobFMM] overall Nearfield time: 11.945 ms
[MobFMM] near-field particles updates per sec: 4,186,022.71
[MobFMM] total GPU time: 21.823 ms
[MobFMM] total particles updates per sec: 2,291,159.91


[MobFMM] far-field FMM GPU time: 9.373 ms
Building spatial grid for neighbor search...
Positions shape: (50000,)
Counting neighbors per particle...
Total near-field pairs found: 1034974
Collecting neighbor edge indexes...
Warp::HashGrid took 0.61 ms
no of NN interactions: 1034974
[Mob_Nbody] Base velocity compute time: 3.234 ms
[Mob_Nbody] Post-base path time: 7.784 ms
[MobFMM] peak GPU memory: allocated 1029.78 MB, reserved 1578.00 MB
[MobFMM] near-field construction: 0.704 ms
[MobFMM] near-field operator time: 11.115 ms
[MobFMM] overall Nearfield time: 11.939 ms
[MobFMM] near-field particles updates per sec: 4,187,784.12
[MobFMM] total GPU time: 21.809 ms
[MobFMM] total particles updates per sec: 2,292,682.81


[MobFMM] far-field FMM GPU time: 9.372 ms
Building spatial grid for neighbor search...
Positions shape: (50000,)
Counting neighbors per particle...
Total near-field pairs found: 1034974
Collecting neighbor edge indexes...
Warp::HashGrid took 0.62 ms
no of NN interactions: 1034974
[Mob_Nbody] Base velocity compute time: 3.231 ms
[Mob_Nbody] Post-base path time: 7.771 ms
[MobFMM] peak GPU memory: allocated 1029.78 MB, reserved 1578.00 MB
[MobFMM] near-field construction: 0.707 ms
[MobFMM] near-field operator time: 11.099 ms
[MobFMM] overall Nearfield time: 11.929 ms
[MobFMM] near-field particles updates per sec: 4,191,345.25
[MobFMM] total GPU time: 21.780 ms
[MobFMM] total particles updates per sec: 2,295,707.76


[MobFMM] far-field FMM GPU time: 9.463 ms
Building spatial grid for neighbor search...
Positions shape: (50000,)
Counting neighbors per particle...
Total near-field pairs found: 1034974
Collecting neighbor edge indexes...
Warp::HashGrid took 0.63 ms
no of NN interactions: 1034974
[Mob_Nbody] Base velocity compute time: 3.241 ms
[Mob_Nbody] Post-base path time: 7.773 ms
[MobFMM] peak GPU memory: allocated 1029.78 MB, reserved 1578.00 MB
[MobFMM] near-field construction: 0.713 ms
[MobFMM] near-field operator time: 11.111 ms
[MobFMM] overall Nearfield time: 11.949 ms
[MobFMM] near-field particles updates per sec: 4,184,318.88
[MobFMM] total GPU time: 21.905 ms
[MobFMM] total particles updates per sec: 2,282,598.12


[MobFMM] far-field FMM GPU time: 9.389 ms
Building spatial grid for neighbor search...
Positions shape: (50000,)
Counting neighbors per particle...
Total near-field pairs found: 1034974
Collecting neighbor edge indexes...
Warp::HashGrid took 0.62 ms
no of NN interactions: 1034974
[Mob_Nbody] Base velocity compute time: 3.225 ms
[Mob_Nbody] Post-base path time: 7.802 ms
[MobFMM] peak GPU memory: allocated 1029.78 MB, reserved 1578.00 MB
[MobFMM] near-field construction: 0.707 ms
[MobFMM] near-field operator time: 11.125 ms
[MobFMM] overall Nearfield time: 11.953 ms
[MobFMM] near-field particles updates per sec: 4,183,165.07
[MobFMM] total GPU time: 22.267 ms
[MobFMM] total particles updates per sec: 2,245,484.19


[MobFMM] far-field FMM GPU time: 9.367 ms
Building spatial grid for neighbor search...
Positions shape: (50000,)
Counting neighbors per particle...
Total near-field pairs found: 1034974
Collecting neighbor edge indexes...
Warp::HashGrid took 0.67 ms
no of NN interactions: 1034974
[Mob_Nbody] Base velocity compute time: 3.246 ms
[Mob_Nbody] Post-base path time: 7.782 ms
[MobFMM] peak GPU memory: allocated 1029.78 MB, reserved 1578.00 MB
[MobFMM] near-field construction: 0.759 ms
[MobFMM] near-field operator time: 11.124 ms
[MobFMM] overall Nearfield time: 12.005 ms
[MobFMM] near-field particles updates per sec: 4,164,767.47
[MobFMM] total GPU time: 21.864 ms
[MobFMM] total particles updates per sec: 2,286,907.71


[MobFMM] far-field FMM GPU time: 11.446 ms
Building spatial grid for neighbor search...
Positions shape: (50000,)
Counting neighbors per particle...
Total near-field pairs found: 1034974
Collecting neighbor edge indexes...
Warp::HashGrid took 0.62 ms
no of NN interactions: 1034974
[Mob_Nbody] Base velocity compute time: 3.236 ms
[Mob_Nbody] Post-base path time: 7.782 ms
[MobFMM] peak GPU memory: allocated 1029.78 MB, reserved 1578.00 MB
[MobFMM] near-field construction: 0.714 ms
[MobFMM] near-field operator time: 11.118 ms
[MobFMM] overall Nearfield time: 11.962 ms
[MobFMM] near-field particles updates per sec: 4,179,863.74
[MobFMM] total GPU time: 23.911 ms
[MobFMM] total particles updates per sec: 2,091,117.87


[MobFMM] far-field FMM GPU time: 9.556 ms
Building spatial grid for neighbor search...
Positions shape: (50000,)
Counting neighbors per particle...
Total near-field pairs found: 1034974
Collecting neighbor edge indexes...
Warp::HashGrid took 0.62 ms
no of NN interactions: 1034974
[Mob_Nbody] Base velocity compute time: 3.234 ms
[Mob_Nbody] Post-base path time: 7.783 ms
[MobFMM] peak GPU memory: allocated 1029.78 MB, reserved 1578.00 MB
[MobFMM] near-field construction: 0.703 ms
[MobFMM] near-field operator time: 11.111 ms
[MobFMM] overall Nearfield time: 11.937 ms
[MobFMM] near-field particles updates per sec: 4,188,592.44
[MobFMM] total GPU time: 21.988 ms
[MobFMM] total particles updates per sec: 2,273,984.10


[MobFMM] far-field FMM GPU time: 9.508 ms
Building spatial grid for neighbor search...
Positions shape: (50000,)
Counting neighbors per particle...
Total near-field pairs found: 1034974
Collecting neighbor edge indexes...
Warp::HashGrid took 0.63 ms
no of NN interactions: 1034974
[Mob_Nbody] Base velocity compute time: 3.237 ms
[Mob_Nbody] Post-base path time: 7.770 ms
[MobFMM] peak GPU memory: allocated 1029.78 MB, reserved 1578.00 MB
[MobFMM] near-field construction: 0.718 ms
[MobFMM] near-field operator time: 11.106 ms
[MobFMM] overall Nearfield time: 11.947 ms
[MobFMM] near-field particles updates per sec: 4,185,238.10
[MobFMM] total GPU time: 21.945 ms
[MobFMM] total particles updates per sec: 2,278,420.79


[MobFMM] far-field FMM GPU time: 9.481 ms
Building spatial grid for neighbor search...
Positions shape: (50000,)
Counting neighbors per particle...
Total near-field pairs found: 1034974
Collecting neighbor edge indexes...
Warp::HashGrid took 0.62 ms
no of NN interactions: 1034974
[Mob_Nbody] Base velocity compute time: 3.235 ms
[Mob_Nbody] Post-base path time: 7.808 ms
[MobFMM] peak GPU memory: allocated 1029.78 MB, reserved 1578.00 MB
[MobFMM] near-field construction: 0.709 ms
[MobFMM] near-field operator time: 11.149 ms
[MobFMM] overall Nearfield time: 11.984 ms
[MobFMM] near-field particles updates per sec: 4,172,263.10
[MobFMM] total GPU time: 21.957 ms
[MobFMM] total particles updates per sec: 2,277,228.69


[MobFMM] far-field FMM GPU time: 9.813 ms
Building spatial grid for neighbor search...
Positions shape: (50000,)
Counting neighbors per particle...
Total near-field pairs found: 1034974
Collecting neighbor edge indexes...
Warp::HashGrid took 0.66 ms
no of NN interactions: 1034974
[Mob_Nbody] Base velocity compute time: 3.359 ms
[Mob_Nbody] Post-base path time: 7.860 ms
[MobFMM] peak GPU memory: allocated 1029.78 MB, reserved 1578.00 MB
[MobFMM] near-field construction: 0.750 ms
[MobFMM] near-field operator time: 11.318 ms
[MobFMM] overall Nearfield time: 12.203 ms
[MobFMM] near-field particles updates per sec: 4,097,329.07
[MobFMM] total GPU time: 22.503 ms
[MobFMM] total particles updates per sec: 2,221,959.84


[MobFMM] far-field FMM GPU time: 9.448 ms
Building spatial grid for neighbor search...
Positions shape: (50000,)
Counting neighbors per particle...
Total near-field pairs found: 1034974
Collecting neighbor edge indexes...
Warp::HashGrid took 0.62 ms
no of NN interactions: 1034974
[Mob_Nbody] Base velocity compute time: 3.221 ms
[Mob_Nbody] Post-base path time: 7.793 ms
[MobFMM] peak GPU memory: allocated 1029.78 MB, reserved 1578.00 MB
[MobFMM] near-field construction: 0.708 ms
[MobFMM] near-field operator time: 11.112 ms
[MobFMM] overall Nearfield time: 11.942 ms
[MobFMM] near-field particles updates per sec: 4,186,976.46
[MobFMM] total GPU time: 21.877 ms
[MobFMM] total particles updates per sec: 2,285,476.15


[MobFMM] far-field FMM GPU time: 9.407 ms
Building spatial grid for neighbor search...
Positions shape: (50000,)
Counting neighbors per particle...
Total near-field pairs found: 1034974
Collecting neighbor edge indexes...
Warp::HashGrid took 0.61 ms
no of NN interactions: 1034974
[Mob_Nbody] Base velocity compute time: 3.244 ms
[Mob_Nbody] Post-base path time: 7.782 ms
[MobFMM] peak GPU memory: allocated 1029.78 MB, reserved 1578.00 MB
[MobFMM] near-field construction: 0.699 ms
[MobFMM] near-field operator time: 11.125 ms
[MobFMM] overall Nearfield time: 11.947 ms
[MobFMM] near-field particles updates per sec: 4,185,058.70
[MobFMM] total GPU time: 21.832 ms
[MobFMM] total particles updates per sec: 2,290,243.13


[MobFMM] far-field FMM GPU time: 9.485 ms
Building spatial grid for neighbor search...
Positions shape: (50000,)
Counting neighbors per particle...
Total near-field pairs found: 1034974
Collecting neighbor edge indexes...
Warp::HashGrid took 0.61 ms
no of NN interactions: 1034974
[Mob_Nbody] Base velocity compute time: 3.228 ms
[Mob_Nbody] Post-base path time: 7.778 ms
[MobFMM] peak GPU memory: allocated 1029.78 MB, reserved 1578.00 MB
[MobFMM] near-field construction: 0.704 ms
[MobFMM] near-field operator time: 11.105 ms
[MobFMM] overall Nearfield time: 11.931 ms
[MobFMM] near-field particles updates per sec: 4,190,850.74
[MobFMM] total GPU time: 21.900 ms
[MobFMM] total particles updates per sec: 2,283,128.33


[MobFMM] far-field FMM GPU time: 9.441 ms
Building spatial grid for neighbor search...
Positions shape: (50000,)
Counting neighbors per particle...
Total near-field pairs found: 1034974
Collecting neighbor edge indexes...
Warp::HashGrid took 0.61 ms
no of NN interactions: 1034974
[Mob_Nbody] Base velocity compute time: 3.225 ms
[Mob_Nbody] Post-base path time: 7.781 ms
[MobFMM] peak GPU memory: allocated 1029.78 MB, reserved 1578.00 MB
[MobFMM] near-field construction: 0.706 ms
[MobFMM] near-field operator time: 11.103 ms
[MobFMM] overall Nearfield time: 11.932 ms
[MobFMM] near-field particles updates per sec: 4,190,333.58
[MobFMM] total GPU time: 21.858 ms
[MobFMM] total particles updates per sec: 2,287,450.10


[MobFMM] far-field FMM GPU time: 36.258 ms
Building spatial grid for neighbor search...
Positions shape: (50000,)
Counting neighbors per particle...
Total near-field pairs found: 1034974
Collecting neighbor edge indexes...
Warp::HashGrid took 0.62 ms
no of NN interactions: 1034974
[Mob_Nbody] Base velocity compute time: 3.255 ms
[Mob_Nbody] Post-base path time: 7.813 ms
[MobFMM] peak GPU memory: allocated 1029.78 MB, reserved 1578.00 MB
[MobFMM] near-field construction: 0.707 ms
[MobFMM] near-field operator time: 11.171 ms
[MobFMM] overall Nearfield time: 12.002 ms
[MobFMM] near-field particles updates per sec: 4,166,100.17
[MobFMM] total GPU time: 48.749 ms
[MobFMM] total particles updates per sec: 1,025,654.83


[MobFMM] far-field FMM GPU time: 47.044 ms
Building spatial grid for neighbor search...
Positions shape: (50000,)
Counting neighbors per particle...
Total near-field pairs found: 1034974
Collecting neighbor edge indexes...
Warp::HashGrid took 0.68 ms
no of NN interactions: 1034974
[Mob_Nbody] Base velocity compute time: 3.227 ms
[Mob_Nbody] Post-base path time: 7.782 ms
[MobFMM] peak GPU memory: allocated 1029.78 MB, reserved 1578.00 MB
[MobFMM] near-field construction: 0.771 ms
[MobFMM] near-field operator time: 11.107 ms
[MobFMM] overall Nearfield time: 12.003 ms
[MobFMM] near-field particles updates per sec: 4,165,533.49
[MobFMM] total GPU time: 59.536 ms
[MobFMM] total particles updates per sec: 839,834.31


[MobFMM] far-field FMM GPU time: 29.610 ms
Building spatial grid for neighbor search...
Positions shape: (50000,)
Counting neighbors per particle...
Total near-field pairs found: 1034974
Collecting neighbor edge indexes...
Warp::HashGrid took 0.64 ms
no of NN interactions: 1034974
[Mob_Nbody] Base velocity compute time: 3.243 ms
[Mob_Nbody] Post-base path time: 7.777 ms
[MobFMM] peak GPU memory: allocated 1029.78 MB, reserved 1578.00 MB
[MobFMM] near-field construction: 0.721 ms
[MobFMM] near-field operator time: 11.125 ms
[MobFMM] overall Nearfield time: 11.968 ms
[MobFMM] near-field particles updates per sec: 4,177,829.98
[MobFMM] total GPU time: 42.067 ms
[MobFMM] total particles updates per sec: 1,188,588.06


[MobFMM] far-field FMM GPU time: 9.319 ms
Building spatial grid for neighbor search...
Positions shape: (50000,)
Counting neighbors per particle...
Total near-field pairs found: 1034974
Collecting neighbor edge indexes...
Warp::HashGrid took 0.63 ms
no of NN interactions: 1034974
[Mob_Nbody] Base velocity compute time: 3.216 ms
[Mob_Nbody] Post-base path time: 7.763 ms
[MobFMM] peak GPU memory: allocated 1029.78 MB, reserved 1578.00 MB
[MobFMM] near-field construction: 0.714 ms
[MobFMM] near-field operator time: 11.077 ms
[MobFMM] overall Nearfield time: 11.914 ms
[MobFMM] near-field particles updates per sec: 4,196,748.86
[MobFMM] total GPU time: 21.715 ms
[MobFMM] total particles updates per sec: 2,302,605.98


[MobFMM] far-field FMM GPU time: 12.310 ms
Building spatial grid for neighbor search...
Positions shape: (50000,)
Counting neighbors per particle...
Total near-field pairs found: 1034974
Collecting neighbor edge indexes...
Warp::HashGrid took 0.62 ms
no of NN interactions: 1034974
[Mob_Nbody] Base velocity compute time: 3.222 ms
[Mob_Nbody] Post-base path time: 7.783 ms
[MobFMM] peak GPU memory: allocated 1029.78 MB, reserved 1578.00 MB
[MobFMM] near-field construction: 0.717 ms
[MobFMM] near-field operator time: 11.101 ms
[MobFMM] overall Nearfield time: 11.944 ms
[MobFMM] near-field particles updates per sec: 4,186,213.56
[MobFMM] total GPU time: 24.726 ms
[MobFMM] total particles updates per sec: 2,022,193.03


[MobFMM] far-field FMM GPU time: 9.472 ms
Building spatial grid for neighbor search...
Positions shape: (50000,)
Counting neighbors per particle...
Total near-field pairs found: 1034974
Collecting neighbor edge indexes...
Warp::HashGrid took 0.62 ms
no of NN interactions: 1034974
[Mob_Nbody] Base velocity compute time: 3.216 ms
[Mob_Nbody] Post-base path time: 7.787 ms
[MobFMM] peak GPU memory: allocated 1029.78 MB, reserved 1578.00 MB
[MobFMM] near-field construction: 0.708 ms
[MobFMM] near-field operator time: 11.103 ms
[MobFMM] overall Nearfield time: 11.934 ms
[MobFMM] near-field particles updates per sec: 4,189,625.70
[MobFMM] total GPU time: 21.886 ms
[MobFMM] total particles updates per sec: 2,284,513.74


[MobFMM] far-field FMM GPU time: 9.830 ms
Building spatial grid for neighbor search...
Positions shape: (50000,)
Counting neighbors per particle...
Total near-field pairs found: 1034974
Collecting neighbor edge indexes...
Warp::HashGrid took 0.62 ms
no of NN interactions: 1034974
[Mob_Nbody] Base velocity compute time: 3.220 ms
[Mob_Nbody] Post-base path time: 7.779 ms
[MobFMM] peak GPU memory: allocated 1029.78 MB, reserved 1578.00 MB
[MobFMM] near-field construction: 0.704 ms
[MobFMM] near-field operator time: 11.097 ms
[MobFMM] overall Nearfield time: 11.923 ms
[MobFMM] near-field particles updates per sec: 4,193,595.11
[MobFMM] total GPU time: 22.237 ms
[MobFMM] total particles updates per sec: 2,248,531.41


[MobFMM] far-field FMM GPU time: 9.382 ms
Building spatial grid for neighbor search...
Positions shape: (50000,)
Counting neighbors per particle...
Total near-field pairs found: 1034974
Collecting neighbor edge indexes...
Warp::HashGrid took 0.62 ms
no of NN interactions: 1034974
[Mob_Nbody] Base velocity compute time: 3.218 ms
[Mob_Nbody] Post-base path time: 7.796 ms
[MobFMM] peak GPU memory: allocated 1029.78 MB, reserved 1578.00 MB
[MobFMM] near-field construction: 0.708 ms
[MobFMM] near-field operator time: 11.113 ms
[MobFMM] overall Nearfield time: 11.944 ms
[MobFMM] near-field particles updates per sec: 4,186,191.16
[MobFMM] total GPU time: 21.806 ms
[MobFMM] total particles updates per sec: 2,292,978.81


[MobFMM] far-field FMM GPU time: 9.446 ms
Building spatial grid for neighbor search...
Positions shape: (50000,)
Counting neighbors per particle...
Total near-field pairs found: 1034974
Collecting neighbor edge indexes...
Warp::HashGrid took 0.61 ms
no of NN interactions: 1034974
[Mob_Nbody] Base velocity compute time: 3.225 ms
[Mob_Nbody] Post-base path time: 7.768 ms
[MobFMM] peak GPU memory: allocated 1029.78 MB, reserved 1578.00 MB
[MobFMM] near-field construction: 0.705 ms
[MobFMM] near-field operator time: 11.091 ms
[MobFMM] overall Nearfield time: 11.918 ms
[MobFMM] near-field particles updates per sec: 4,195,362.91
[MobFMM] total GPU time: 21.847 ms
[MobFMM] total particles updates per sec: 2,288,663.12


[MobFMM] far-field FMM GPU time: 9.453 ms
Building spatial grid for neighbor search...
Positions shape: (50000,)
Counting neighbors per particle...
Total near-field pairs found: 1034974
Collecting neighbor edge indexes...
Warp::HashGrid took 0.60 ms
no of NN interactions: 1034974
[Mob_Nbody] Base velocity compute time: 3.219 ms
[Mob_Nbody] Post-base path time: 7.778 ms
[MobFMM] peak GPU memory: allocated 1029.78 MB, reserved 1578.00 MB
[MobFMM] near-field construction: 0.694 ms
[MobFMM] near-field operator time: 11.092 ms
[MobFMM] overall Nearfield time: 11.906 ms
[MobFMM] near-field particles updates per sec: 4,199,636.53
[MobFMM] total GPU time: 21.840 ms
[MobFMM] total particles updates per sec: 2,289,380.67


[MobFMM] far-field FMM GPU time: 9.440 ms
Building spatial grid for neighbor search...
Positions shape: (50000,)
Counting neighbors per particle...
Total near-field pairs found: 1034974
Collecting neighbor edge indexes...
Warp::HashGrid took 0.61 ms
no of NN interactions: 1034974
[Mob_Nbody] Base velocity compute time: 3.228 ms
[Mob_Nbody] Post-base path time: 7.773 ms
[MobFMM] peak GPU memory: allocated 1029.78 MB, reserved 1578.00 MB
[MobFMM] near-field construction: 0.700 ms
[MobFMM] near-field operator time: 11.107 ms
[MobFMM] overall Nearfield time: 11.929 ms
[MobFMM] near-field particles updates per sec: 4,191,514.13
[MobFMM] total GPU time: 21.840 ms
[MobFMM] total particles updates per sec: 2,289,427.66


[MobFMM] far-field FMM GPU time: 9.425 ms
Building spatial grid for neighbor search...
Positions shape: (50000,)
Counting neighbors per particle...
Total near-field pairs found: 1034974
Collecting neighbor edge indexes...
Warp::HashGrid took 0.68 ms
no of NN interactions: 1034974
[Mob_Nbody] Base velocity compute time: 3.238 ms
[Mob_Nbody] Post-base path time: 7.771 ms
[MobFMM] peak GPU memory: allocated 1029.78 MB, reserved 1578.00 MB
[MobFMM] near-field construction: 0.765 ms
[MobFMM] near-field operator time: 11.106 ms
[MobFMM] overall Nearfield time: 11.994 ms
[MobFMM] near-field particles updates per sec: 4,168,700.84
[MobFMM] total GPU time: 21.899 ms
[MobFMM] total particles updates per sec: 2,283,241.88


[MobFMM] far-field FMM GPU time: 19.552 ms
Building spatial grid for neighbor search...
Positions shape: (50000,)
Counting neighbors per particle...
Total near-field pairs found: 1034974
Collecting neighbor edge indexes...
Warp::HashGrid took 0.62 ms
no of NN interactions: 1034974
[Mob_Nbody] Base velocity compute time: 3.238 ms
[Mob_Nbody] Post-base path time: 7.778 ms
[MobFMM] peak GPU memory: allocated 1029.78 MB, reserved 1578.00 MB
[MobFMM] near-field construction: 0.706 ms
[MobFMM] near-field operator time: 11.111 ms
[MobFMM] overall Nearfield time: 11.940 ms
[MobFMM] near-field particles updates per sec: 4,187,593.47
[MobFMM] total GPU time: 31.975 ms
[MobFMM] total particles updates per sec: 1,563,738.52


[MobFMM] far-field FMM GPU time: 28.109 ms
Building spatial grid for neighbor search...
Positions shape: (50000,)
Counting neighbors per particle...
Total near-field pairs found: 1034974
Collecting neighbor edge indexes...
Warp::HashGrid took 0.63 ms
no of NN interactions: 1034974
[Mob_Nbody] Base velocity compute time: 3.238 ms
[Mob_Nbody] Post-base path time: 7.775 ms
[MobFMM] peak GPU memory: allocated 1029.78 MB, reserved 1578.00 MB
[MobFMM] near-field construction: 0.718 ms
[MobFMM] near-field operator time: 11.112 ms
[MobFMM] overall Nearfield time: 11.955 ms
[MobFMM] near-field particles updates per sec: 4,182,269.44
[MobFMM] total GPU time: 40.557 ms
[MobFMM] total particles updates per sec: 1,232,837.93


[MobFMM] far-field FMM GPU time: 29.694 ms
Building spatial grid for neighbor search...
Positions shape: (50000,)
Counting neighbors per particle...
Total near-field pairs found: 1034974
Collecting neighbor edge indexes...
Warp::HashGrid took 0.62 ms
no of NN interactions: 1034974
[Mob_Nbody] Base velocity compute time: 3.235 ms
[Mob_Nbody] Post-base path time: 7.782 ms
[MobFMM] peak GPU memory: allocated 1029.78 MB, reserved 1578.00 MB
[MobFMM] near-field construction: 0.717 ms
[MobFMM] near-field operator time: 11.114 ms
[MobFMM] overall Nearfield time: 11.953 ms
[MobFMM] near-field particles updates per sec: 4,183,041.91
[MobFMM] total GPU time: 42.134 ms
[MobFMM] total particles updates per sec: 1,186,704.08


[MobFMM] far-field FMM GPU time: 33.818 ms
Building spatial grid for neighbor search...
Positions shape: (50000,)
Counting neighbors per particle...
Total near-field pairs found: 1034974
Collecting neighbor edge indexes...
Warp::HashGrid took 0.61 ms
no of NN interactions: 1034974
[Mob_Nbody] Base velocity compute time: 3.240 ms
[Mob_Nbody] Post-base path time: 7.776 ms
[MobFMM] peak GPU memory: allocated 1029.78 MB, reserved 1578.00 MB
[MobFMM] near-field construction: 0.697 ms
[MobFMM] near-field operator time: 11.114 ms
[MobFMM] overall Nearfield time: 11.939 ms
[MobFMM] near-field particles updates per sec: 4,187,840.32
[MobFMM] total GPU time: 46.248 ms
[MobFMM] total particles updates per sec: 1,081,132.35


[MobFMM] far-field FMM GPU time: 11.469 ms
Building spatial grid for neighbor search...
Positions shape: (50000,)
Counting neighbors per particle...
Total near-field pairs found: 1034974
Collecting neighbor edge indexes...
Warp::HashGrid took 0.61 ms
no of NN interactions: 1034974
[Mob_Nbody] Base velocity compute time: 3.230 ms
[Mob_Nbody] Post-base path time: 7.784 ms
[MobFMM] peak GPU memory: allocated 1029.78 MB, reserved 1578.00 MB
[MobFMM] near-field construction: 0.697 ms
[MobFMM] near-field operator time: 11.110 ms
[MobFMM] overall Nearfield time: 11.936 ms
[MobFMM] near-field particles updates per sec: 4,189,075.36
[MobFMM] total GPU time: 23.889 ms
[MobFMM] total particles updates per sec: 2,092,974.92


[MobFMM] far-field FMM GPU time: 18.247 ms
Building spatial grid for neighbor search...
Positions shape: (50000,)
Counting neighbors per particle...
Total near-field pairs found: 1034974
Collecting neighbor edge indexes...
Warp::HashGrid took 0.62 ms
no of NN interactions: 1034974
[Mob_Nbody] Base velocity compute time: 3.226 ms
[Mob_Nbody] Post-base path time: 7.789 ms
[MobFMM] peak GPU memory: allocated 1029.78 MB, reserved 1578.00 MB
[MobFMM] near-field construction: 0.706 ms
[MobFMM] near-field operator time: 11.117 ms
[MobFMM] overall Nearfield time: 11.942 ms
[MobFMM] near-field particles updates per sec: 4,186,875.48
[MobFMM] total GPU time: 30.685 ms
[MobFMM] total particles updates per sec: 1,629,445.79


[MobFMM] far-field FMM GPU time: 27.334 ms
Building spatial grid for neighbor search...
Positions shape: (50000,)
Counting neighbors per particle...
Total near-field pairs found: 1034974
Collecting neighbor edge indexes...
Warp::HashGrid took 0.62 ms
no of NN interactions: 1034974
[Mob_Nbody] Base velocity compute time: 3.227 ms
[Mob_Nbody] Post-base path time: 7.780 ms
[MobFMM] peak GPU memory: allocated 1029.78 MB, reserved 1578.00 MB
[MobFMM] near-field construction: 0.709 ms
[MobFMM] near-field operator time: 11.107 ms
[MobFMM] overall Nearfield time: 11.940 ms
[MobFMM] near-field particles updates per sec: 4,187,773.08
[MobFMM] total GPU time: 39.788 ms
[MobFMM] total particles updates per sec: 1,256,675.42


[MobFMM] far-field FMM GPU time: 9.393 ms
Building spatial grid for neighbor search...
Positions shape: (50000,)
Counting neighbors per particle...
Total near-field pairs found: 1034974
Collecting neighbor edge indexes...
Warp::HashGrid took 0.62 ms
no of NN interactions: 1034974
[Mob_Nbody] Base velocity compute time: 3.217 ms
[Mob_Nbody] Post-base path time: 7.773 ms
[MobFMM] peak GPU memory: allocated 1029.78 MB, reserved 1578.00 MB
[MobFMM] near-field construction: 0.710 ms
[MobFMM] near-field operator time: 11.088 ms
[MobFMM] overall Nearfield time: 11.920 ms
[MobFMM] near-field particles updates per sec: 4,194,585.88
[MobFMM] total GPU time: 21.808 ms
[MobFMM] total particles updates per sec: 2,292,696.25


[MobFMM] far-field FMM GPU time: 9.459 ms
Building spatial grid for neighbor search...
Positions shape: (50000,)
Counting neighbors per particle...
Total near-field pairs found: 1034974
Collecting neighbor edge indexes...
Warp::HashGrid took 0.62 ms
no of NN interactions: 1034974
[Mob_Nbody] Base velocity compute time: 3.222 ms
[Mob_Nbody] Post-base path time: 7.780 ms
[MobFMM] peak GPU memory: allocated 1029.78 MB, reserved 1578.00 MB
[MobFMM] near-field construction: 0.704 ms
[MobFMM] near-field operator time: 11.102 ms
[MobFMM] overall Nearfield time: 11.928 ms
[MobFMM] near-field particles updates per sec: 4,191,828.81
[MobFMM] total GPU time: 21.872 ms
[MobFMM] total particles updates per sec: 2,285,977.59


[MobFMM] far-field FMM GPU time: 9.460 ms
Building spatial grid for neighbor search...
Positions shape: (50000,)
Counting neighbors per particle...
Total near-field pairs found: 1034974
Collecting neighbor edge indexes...
Warp::HashGrid took 0.69 ms
no of NN interactions: 1034974
[Mob_Nbody] Base velocity compute time: 3.220 ms
[Mob_Nbody] Post-base path time: 7.781 ms
[MobFMM] peak GPU memory: allocated 1029.78 MB, reserved 1578.00 MB
[MobFMM] near-field construction: 0.777 ms
[MobFMM] near-field operator time: 11.098 ms
[MobFMM] overall Nearfield time: 11.998 ms
[MobFMM] near-field particles updates per sec: 4,167,322.42
[MobFMM] total GPU time: 21.950 ms
[MobFMM] total particles updates per sec: 2,277,915.93


[MobFMM] far-field FMM GPU time: 9.431 ms
Building spatial grid for neighbor search...
Positions shape: (50000,)
Counting neighbors per particle...
Total near-field pairs found: 1034974
Collecting neighbor edge indexes...
Warp::HashGrid took 0.63 ms
no of NN interactions: 1034974
[Mob_Nbody] Base velocity compute time: 3.213 ms
[Mob_Nbody] Post-base path time: 7.769 ms
[MobFMM] peak GPU memory: allocated 1029.78 MB, reserved 1578.00 MB
[MobFMM] near-field construction: 0.715 ms
[MobFMM] near-field operator time: 11.080 ms
[MobFMM] overall Nearfield time: 11.920 ms
[MobFMM] near-field particles updates per sec: 4,194,777.17
[MobFMM] total GPU time: 21.830 ms
[MobFMM] total particles updates per sec: 2,290,377.40


[MobFMM] far-field FMM GPU time: 9.595 ms
Building spatial grid for neighbor search...
Positions shape: (50000,)
Counting neighbors per particle...
Total near-field pairs found: 1034974
Collecting neighbor edge indexes...
Warp::HashGrid took 0.64 ms
no of NN interactions: 1034974
[Mob_Nbody] Base velocity compute time: 3.275 ms
[Mob_Nbody] Post-base path time: 7.907 ms
[MobFMM] peak GPU memory: allocated 1029.78 MB, reserved 1578.00 MB
[MobFMM] near-field construction: 0.727 ms
[MobFMM] near-field operator time: 11.283 ms
[MobFMM] overall Nearfield time: 12.133 ms
[MobFMM] near-field particles updates per sec: 4,120,897.30
[MobFMM] total GPU time: 22.220 ms
[MobFMM] total particles updates per sec: 2,250,176.42


[MobFMM] far-field FMM GPU time: 10.037 ms
Building spatial grid for neighbor search...
Positions shape: (50000,)
Counting neighbors per particle...
Total near-field pairs found: 1034974
Collecting neighbor edge indexes...
Warp::HashGrid took 0.62 ms
no of NN interactions: 1034974
[Mob_Nbody] Base velocity compute time: 3.232 ms
[Mob_Nbody] Post-base path time: 7.801 ms
[MobFMM] peak GPU memory: allocated 1029.78 MB, reserved 1578.00 MB
[MobFMM] near-field construction: 0.722 ms
[MobFMM] near-field operator time: 11.129 ms
[MobFMM] overall Nearfield time: 11.975 ms
[MobFMM] near-field particles updates per sec: 4,175,295.72
[MobFMM] total GPU time: 22.490 ms
[MobFMM] total particles updates per sec: 2,223,189.79


[MobFMM] far-field FMM GPU time: 9.427 ms
Building spatial grid for neighbor search...
Positions shape: (50000,)
Counting neighbors per particle...
Total near-field pairs found: 1034974
Collecting neighbor edge indexes...
Warp::HashGrid took 0.61 ms
no of NN interactions: 1034974
[Mob_Nbody] Base velocity compute time: 3.232 ms
[Mob_Nbody] Post-base path time: 7.782 ms
[MobFMM] peak GPU memory: allocated 1029.78 MB, reserved 1578.00 MB
[MobFMM] near-field construction: 0.694 ms
[MobFMM] near-field operator time: 11.110 ms
[MobFMM] overall Nearfield time: 11.929 ms
[MobFMM] near-field particles updates per sec: 4,191,300.35
[MobFMM] total GPU time: 21.861 ms
[MobFMM] total particles updates per sec: 2,287,219.18


[MobFMM] far-field FMM GPU time: 9.427 ms
Building spatial grid for neighbor search...
Positions shape: (50000,)
Counting neighbors per particle...
Total near-field pairs found: 1034974
Collecting neighbor edge indexes...
Warp::HashGrid took 0.62 ms
no of NN interactions: 1034974
[Mob_Nbody] Base velocity compute time: 3.240 ms
[Mob_Nbody] Post-base path time: 7.790 ms
[MobFMM] peak GPU memory: allocated 1029.78 MB, reserved 1578.00 MB
[MobFMM] near-field construction: 0.704 ms
[MobFMM] near-field operator time: 11.127 ms
[MobFMM] overall Nearfield time: 11.952 ms
[MobFMM] near-field particles updates per sec: 4,183,501.20
[MobFMM] total GPU time: 21.883 ms
[MobFMM] total particles updates per sec: 2,284,857.82


[MobFMM] far-field FMM GPU time: 9.407 ms
Building spatial grid for neighbor search...
Positions shape: (50000,)
Counting neighbors per particle...
Total near-field pairs found: 1034974
Collecting neighbor edge indexes...
Warp::HashGrid took 0.62 ms
no of NN interactions: 1034974
[Mob_Nbody] Base velocity compute time: 3.236 ms
[Mob_Nbody] Post-base path time: 7.780 ms
[MobFMM] peak GPU memory: allocated 1029.78 MB, reserved 1578.00 MB
[MobFMM] near-field construction: 0.701 ms
[MobFMM] near-field operator time: 11.114 ms
[MobFMM] overall Nearfield time: 11.940 ms
[MobFMM] near-field particles updates per sec: 4,187,739.30
[MobFMM] total GPU time: 21.855 ms
[MobFMM] total particles updates per sec: 2,287,791.67


[MobFMM] far-field FMM GPU time: 10.131 ms
Building spatial grid for neighbor search...
Positions shape: (50000,)
Counting neighbors per particle...
Total near-field pairs found: 1034974
Collecting neighbor edge indexes...
Warp::HashGrid took 0.63 ms
no of NN interactions: 1034974
[Mob_Nbody] Base velocity compute time: 3.226 ms
[Mob_Nbody] Post-base path time: 7.773 ms
[MobFMM] peak GPU memory: allocated 1029.78 MB, reserved 1578.00 MB
[MobFMM] near-field construction: 0.712 ms
[MobFMM] near-field operator time: 11.097 ms
[MobFMM] overall Nearfield time: 11.929 ms
[MobFMM] near-field particles updates per sec: 4,191,536.58
[MobFMM] total GPU time: 22.555 ms
[MobFMM] total particles updates per sec: 2,216,849.83


[MobFMM] far-field FMM GPU time: 9.379 ms
Building spatial grid for neighbor search...
Positions shape: (50000,)
Counting neighbors per particle...
Total near-field pairs found: 1034974
Collecting neighbor edge indexes...
Warp::HashGrid took 0.63 ms
no of NN interactions: 1034974
[Mob_Nbody] Base velocity compute time: 3.230 ms
[Mob_Nbody] Post-base path time: 7.781 ms
[MobFMM] peak GPU memory: allocated 1029.78 MB, reserved 1578.00 MB
[MobFMM] near-field construction: 0.720 ms
[MobFMM] near-field operator time: 11.109 ms
[MobFMM] overall Nearfield time: 11.950 ms
[MobFMM] near-field particles updates per sec: 4,184,173.28
[MobFMM] total GPU time: 21.820 ms
[MobFMM] total particles updates per sec: 2,291,485.76


[MobFMM] far-field FMM GPU time: 9.429 ms
Building spatial grid for neighbor search...
Positions shape: (50000,)
Counting neighbors per particle...
Total near-field pairs found: 1034974
Collecting neighbor edge indexes...
Warp::HashGrid took 0.62 ms
no of NN interactions: 1034974
[Mob_Nbody] Base velocity compute time: 3.224 ms
[Mob_Nbody] Post-base path time: 7.785 ms
[MobFMM] peak GPU memory: allocated 1029.78 MB, reserved 1578.00 MB
[MobFMM] near-field construction: 0.710 ms
[MobFMM] near-field operator time: 11.109 ms
[MobFMM] overall Nearfield time: 11.943 ms
[MobFMM] near-field particles updates per sec: 4,186,695.94
[MobFMM] total GPU time: 21.863 ms
[MobFMM] total particles updates per sec: 2,286,941.23


[MobFMM] far-field FMM GPU time: 9.657 ms
Building spatial grid for neighbor search...
Positions shape: (50000,)
Counting neighbors per particle...
Total near-field pairs found: 1034974
Collecting neighbor edge indexes...
Warp::HashGrid took 0.69 ms
no of NN interactions: 1034974
[Mob_Nbody] Base velocity compute time: 3.236 ms
[Mob_Nbody] Post-base path time: 7.785 ms
[MobFMM] peak GPU memory: allocated 1029.78 MB, reserved 1578.00 MB
[MobFMM] near-field construction: 0.781 ms
[MobFMM] near-field operator time: 11.119 ms
[MobFMM] overall Nearfield time: 12.023 ms
[MobFMM] near-field particles updates per sec: 4,158,582.44
[MobFMM] total GPU time: 22.167 ms
[MobFMM] total particles updates per sec: 2,255,581.52


[MobFMM] far-field FMM GPU time: 9.505 ms
Building spatial grid for neighbor search...
Positions shape: (50000,)
Counting neighbors per particle...
Total near-field pairs found: 1034974
Collecting neighbor edge indexes...
Warp::HashGrid took 0.63 ms
no of NN interactions: 1034974
[Mob_Nbody] Base velocity compute time: 3.243 ms
[Mob_Nbody] Post-base path time: 7.796 ms
[MobFMM] peak GPU memory: allocated 1029.78 MB, reserved 1578.00 MB
[MobFMM] near-field construction: 0.711 ms
[MobFMM] near-field operator time: 11.138 ms
[MobFMM] overall Nearfield time: 11.971 ms
[MobFMM] near-field particles updates per sec: 4,176,847.12
[MobFMM] total GPU time: 21.972 ms
[MobFMM] total particles updates per sec: 2,275,573.73


[MobFMM] far-field FMM GPU time: 9.477 ms
Building spatial grid for neighbor search...
Positions shape: (50000,)
Counting neighbors per particle...
Total near-field pairs found: 1034974
Collecting neighbor edge indexes...
Warp::HashGrid took 0.63 ms
no of NN interactions: 1034974
[Mob_Nbody] Base velocity compute time: 3.240 ms
[Mob_Nbody] Post-base path time: 7.781 ms
[MobFMM] peak GPU memory: allocated 1029.78 MB, reserved 1578.00 MB
[MobFMM] near-field construction: 0.720 ms
[MobFMM] near-field operator time: 11.122 ms
[MobFMM] overall Nearfield time: 11.966 ms
[MobFMM] near-field particles updates per sec: 4,178,667.76
[MobFMM] total GPU time: 21.949 ms
[MobFMM] total particles updates per sec: 2,278,035.49


[MobFMM] far-field FMM GPU time: 9.435 ms
Building spatial grid for neighbor search...
Positions shape: (50000,)
Counting neighbors per particle...
Total near-field pairs found: 1034974
Collecting neighbor edge indexes...
Warp::HashGrid took 0.63 ms
no of NN interactions: 1034974
[Mob_Nbody] Base velocity compute time: 3.232 ms
[Mob_Nbody] Post-base path time: 7.780 ms
[MobFMM] peak GPU memory: allocated 1029.78 MB, reserved 1578.00 MB
[MobFMM] near-field construction: 0.713 ms
[MobFMM] near-field operator time: 11.109 ms
[MobFMM] overall Nearfield time: 11.945 ms
[MobFMM] near-field particles updates per sec: 4,185,966.89
[MobFMM] total GPU time: 21.873 ms
[MobFMM] total particles updates per sec: 2,285,930.74


[MobFMM] far-field FMM GPU time: 9.636 ms
Building spatial grid for neighbor search...
Positions shape: (50000,)
Counting neighbors per particle...
Total near-field pairs found: 1034974
Collecting neighbor edge indexes...
Warp::HashGrid took 0.63 ms
no of NN interactions: 1034974
[Mob_Nbody] Base velocity compute time: 3.241 ms
[Mob_Nbody] Post-base path time: 7.798 ms
[MobFMM] peak GPU memory: allocated 1029.78 MB, reserved 1578.00 MB
[MobFMM] near-field construction: 0.713 ms
[MobFMM] near-field operator time: 11.137 ms
[MobFMM] overall Nearfield time: 11.972 ms
[MobFMM] near-field particles updates per sec: 4,176,344.72
[MobFMM] total GPU time: 22.114 ms
[MobFMM] total particles updates per sec: 2,261,048.73


[MobFMM] far-field FMM GPU time: 9.408 ms
Building spatial grid for neighbor search...
Positions shape: (50000,)
Counting neighbors per particle...
Total near-field pairs found: 1034974
Collecting neighbor edge indexes...
Warp::HashGrid took 0.63 ms
no of NN interactions: 1034974
[Mob_Nbody] Base velocity compute time: 3.232 ms
[Mob_Nbody] Post-base path time: 7.767 ms
[MobFMM] peak GPU memory: allocated 1029.78 MB, reserved 1578.00 MB
[MobFMM] near-field construction: 0.709 ms
[MobFMM] near-field operator time: 11.095 ms
[MobFMM] overall Nearfield time: 11.927 ms
[MobFMM] near-field particles updates per sec: 4,192,177.39
[MobFMM] total GPU time: 21.835 ms
[MobFMM] total particles updates per sec: 2,289,890.63


[MobFMM] far-field FMM GPU time: 9.424 ms
Building spatial grid for neighbor search...
Positions shape: (50000,)
Counting neighbors per particle...
Total near-field pairs found: 1034974
Collecting neighbor edge indexes...
Warp::HashGrid took 0.62 ms
no of NN interactions: 1034974
[Mob_Nbody] Base velocity compute time: 3.222 ms
[Mob_Nbody] Post-base path time: 7.783 ms
[MobFMM] peak GPU memory: allocated 1029.78 MB, reserved 1578.00 MB
[MobFMM] near-field construction: 0.709 ms
[MobFMM] near-field operator time: 11.104 ms
[MobFMM] overall Nearfield time: 11.935 ms
[MobFMM] near-field particles updates per sec: 4,189,367.58
[MobFMM] total GPU time: 21.851 ms
[MobFMM] total particles updates per sec: 2,288,247.38


[MobFMM] far-field FMM GPU time: 9.426 ms
Building spatial grid for neighbor search...
Positions shape: (50000,)
Counting neighbors per particle...
Total near-field pairs found: 1034974
Collecting neighbor edge indexes...
Warp::HashGrid took 0.62 ms
no of NN interactions: 1034974
[Mob_Nbody] Base velocity compute time: 3.231 ms
[Mob_Nbody] Post-base path time: 7.784 ms
[MobFMM] peak GPU memory: allocated 1029.78 MB, reserved 1578.00 MB
[MobFMM] near-field construction: 0.710 ms
[MobFMM] near-field operator time: 11.115 ms
[MobFMM] overall Nearfield time: 11.947 ms
[MobFMM] near-field particles updates per sec: 4,185,282.87
[MobFMM] total GPU time: 21.867 ms
[MobFMM] total particles updates per sec: 2,286,593.13


[MobFMM] far-field FMM GPU time: 9.615 ms
Building spatial grid for neighbor search...
Positions shape: (50000,)
Counting neighbors per particle...
Total near-field pairs found: 1034974
Collecting neighbor edge indexes...
Warp::HashGrid took 0.63 ms
no of NN interactions: 1034974
[Mob_Nbody] Base velocity compute time: 3.236 ms
[Mob_Nbody] Post-base path time: 7.796 ms
[MobFMM] peak GPU memory: allocated 1029.78 MB, reserved 1578.00 MB
[MobFMM] near-field construction: 0.720 ms
[MobFMM] near-field operator time: 11.131 ms
[MobFMM] overall Nearfield time: 11.975 ms
[MobFMM] near-field particles updates per sec: 4,175,340.27
[MobFMM] total GPU time: 22.089 ms
[MobFMM] total particles updates per sec: 2,263,521.75


[MobFMM] far-field FMM GPU time: 9.585 ms
Building spatial grid for neighbor search...
Positions shape: (50000,)
Counting neighbors per particle...
Total near-field pairs found: 1034974
Collecting neighbor edge indexes...
Warp::HashGrid took 0.63 ms
no of NN interactions: 1034974
[Mob_Nbody] Base velocity compute time: 3.229 ms
[Mob_Nbody] Post-base path time: 7.785 ms
[MobFMM] peak GPU memory: allocated 1029.78 MB, reserved 1578.00 MB
[MobFMM] near-field construction: 0.714 ms
[MobFMM] near-field operator time: 11.116 ms
[MobFMM] overall Nearfield time: 11.954 ms
[MobFMM] near-field particles updates per sec: 4,182,840.34
[MobFMM] total GPU time: 22.021 ms
[MobFMM] total particles updates per sec: 2,270,564.06


[MobFMM] far-field FMM GPU time: 9.385 ms
Building spatial grid for neighbor search...
Positions shape: (50000,)
Counting neighbors per particle...
Total near-field pairs found: 1034974
Collecting neighbor edge indexes...
Warp::HashGrid took 0.69 ms
no of NN interactions: 1034974
[Mob_Nbody] Base velocity compute time: 3.234 ms
[Mob_Nbody] Post-base path time: 7.772 ms
[MobFMM] peak GPU memory: allocated 1029.78 MB, reserved 1578.00 MB
[MobFMM] near-field construction: 0.777 ms
[MobFMM] near-field operator time: 11.104 ms
[MobFMM] overall Nearfield time: 12.008 ms
[MobFMM] near-field particles updates per sec: 4,163,979.57
[MobFMM] total GPU time: 21.876 ms
[MobFMM] total particles updates per sec: 2,285,572.99


[MobFMM] far-field FMM GPU time: 9.559 ms
Building spatial grid for neighbor search...
Positions shape: (50000,)
Counting neighbors per particle...
Total near-field pairs found: 1034974
Collecting neighbor edge indexes...
Warp::HashGrid took 0.63 ms
no of NN interactions: 1034974
[Mob_Nbody] Base velocity compute time: 3.230 ms
[Mob_Nbody] Post-base path time: 7.788 ms
[MobFMM] peak GPU memory: allocated 1029.78 MB, reserved 1578.00 MB
[MobFMM] near-field construction: 0.715 ms
[MobFMM] near-field operator time: 11.116 ms
[MobFMM] overall Nearfield time: 11.955 ms
[MobFMM] near-field particles updates per sec: 4,182,291.79
[MobFMM] total GPU time: 22.003 ms
[MobFMM] total particles updates per sec: 2,272,400.04


[MobFMM] far-field FMM GPU time: 9.574 ms
Building spatial grid for neighbor search...
Positions shape: (50000,)
Counting neighbors per particle...
Total near-field pairs found: 1034974
Collecting neighbor edge indexes...
Warp::HashGrid took 0.63 ms
no of NN interactions: 1034974
[Mob_Nbody] Base velocity compute time: 3.256 ms
[Mob_Nbody] Post-base path time: 7.786 ms
[MobFMM] peak GPU memory: allocated 1029.78 MB, reserved 1578.00 MB
[MobFMM] near-field construction: 0.713 ms
[MobFMM] near-field operator time: 11.142 ms
[MobFMM] overall Nearfield time: 11.979 ms
[MobFMM] near-field particles updates per sec: 4,174,091.05
[MobFMM] total GPU time: 22.048 ms
[MobFMM] total particles updates per sec: 2,267,736.59


[MobFMM] far-field FMM GPU time: 9.463 ms
Building spatial grid for neighbor search...
Positions shape: (50000,)
Counting neighbors per particle...
Total near-field pairs found: 1034974
Collecting neighbor edge indexes...
Warp::HashGrid took 0.62 ms
no of NN interactions: 1034974
[Mob_Nbody] Base velocity compute time: 3.228 ms
[Mob_Nbody] Post-base path time: 7.770 ms
[MobFMM] peak GPU memory: allocated 1029.78 MB, reserved 1578.00 MB
[MobFMM] near-field construction: 0.706 ms
[MobFMM] near-field operator time: 11.097 ms
[MobFMM] overall Nearfield time: 11.923 ms
[MobFMM] near-field particles updates per sec: 4,193,426.40
[MobFMM] total GPU time: 21.894 ms
[MobFMM] total particles updates per sec: 2,283,695.58


[MobFMM] far-field FMM GPU time: 9.439 ms
Building spatial grid for neighbor search...
Positions shape: (50000,)
Counting neighbors per particle...
Total near-field pairs found: 1034974
Collecting neighbor edge indexes...
Warp::HashGrid took 0.63 ms
no of NN interactions: 1034974
[Mob_Nbody] Base velocity compute time: 3.231 ms
[Mob_Nbody] Post-base path time: 7.778 ms
[MobFMM] peak GPU memory: allocated 1029.78 MB, reserved 1578.00 MB
[MobFMM] near-field construction: 0.714 ms
[MobFMM] near-field operator time: 11.106 ms
[MobFMM] overall Nearfield time: 11.944 ms
[MobFMM] near-field particles updates per sec: 4,186,336.90
[MobFMM] total GPU time: 21.874 ms
[MobFMM] total particles updates per sec: 2,285,820.52


[MobFMM] far-field FMM GPU time: 9.502 ms
Building spatial grid for neighbor search...
Positions shape: (50000,)
Counting neighbors per particle...
Total near-field pairs found: 1034974
Collecting neighbor edge indexes...
Warp::HashGrid took 0.62 ms
no of NN interactions: 1034974
[Mob_Nbody] Base velocity compute time: 3.234 ms
[Mob_Nbody] Post-base path time: 7.791 ms
[MobFMM] peak GPU memory: allocated 1029.78 MB, reserved 1578.00 MB
[MobFMM] near-field construction: 0.703 ms
[MobFMM] near-field operator time: 11.123 ms
[MobFMM] overall Nearfield time: 11.947 ms
[MobFMM] near-field particles updates per sec: 4,185,047.34
[MobFMM] total GPU time: 21.928 ms
[MobFMM] total particles updates per sec: 2,280,166.36


[MobFMM] far-field FMM GPU time: 9.434 ms
Building spatial grid for neighbor search...
Positions shape: (50000,)
Counting neighbors per particle...
Total near-field pairs found: 1034974
Collecting neighbor edge indexes...
Warp::HashGrid took 0.62 ms
no of NN interactions: 1034974
[Mob_Nbody] Base velocity compute time: 3.229 ms
[Mob_Nbody] Post-base path time: 7.823 ms
[MobFMM] peak GPU memory: allocated 1029.78 MB, reserved 1578.00 MB
[MobFMM] near-field construction: 0.707 ms
[MobFMM] near-field operator time: 11.149 ms
[MobFMM] overall Nearfield time: 11.978 ms
[MobFMM] near-field particles updates per sec: 4,174,392.15
[MobFMM] total GPU time: 21.900 ms
[MobFMM] total particles updates per sec: 2,283,145.03


[MobFMM] far-field FMM GPU time: 9.422 ms
Building spatial grid for neighbor search...
Positions shape: (50000,)
Counting neighbors per particle...
Total near-field pairs found: 1034974
Collecting neighbor edge indexes...
Warp::HashGrid took 0.62 ms
no of NN interactions: 1034974
[Mob_Nbody] Base velocity compute time: 3.240 ms
[Mob_Nbody] Post-base path time: 7.780 ms
[MobFMM] peak GPU memory: allocated 1029.78 MB, reserved 1578.00 MB
[MobFMM] near-field construction: 0.711 ms
[MobFMM] near-field operator time: 11.118 ms
[MobFMM] overall Nearfield time: 11.950 ms
[MobFMM] near-field particles updates per sec: 4,183,960.25
[MobFMM] total GPU time: 21.856 ms
[MobFMM] total particles updates per sec: 2,287,734.76


[MobFMM] far-field FMM GPU time: 9.384 ms
Building spatial grid for neighbor search...
Positions shape: (50000,)
Counting neighbors per particle...
Total near-field pairs found: 1034974
Collecting neighbor edge indexes...
Warp::HashGrid took 0.62 ms
no of NN interactions: 1034974
[Mob_Nbody] Base velocity compute time: 3.222 ms
[Mob_Nbody] Post-base path time: 7.788 ms
[MobFMM] peak GPU memory: allocated 1029.78 MB, reserved 1578.00 MB
[MobFMM] near-field construction: 0.708 ms
[MobFMM] near-field operator time: 11.107 ms
[MobFMM] overall Nearfield time: 11.939 ms
[MobFMM] near-field particles updates per sec: 4,188,008.92
[MobFMM] total GPU time: 21.803 ms
[MobFMM] total particles updates per sec: 2,293,278.30


[MobFMM] far-field FMM GPU time: 9.414 ms
Building spatial grid for neighbor search...
Positions shape: (50000,)
Counting neighbors per particle...
Total near-field pairs found: 1034974
Collecting neighbor edge indexes...
Warp::HashGrid took 0.62 ms
no of NN interactions: 1034974
[Mob_Nbody] Base velocity compute time: 3.224 ms
[Mob_Nbody] Post-base path time: 7.783 ms
[MobFMM] peak GPU memory: allocated 1029.78 MB, reserved 1578.00 MB
[MobFMM] near-field construction: 0.716 ms
[MobFMM] near-field operator time: 11.107 ms
[MobFMM] overall Nearfield time: 11.950 ms
[MobFMM] near-field particles updates per sec: 4,184,229.38
[MobFMM] total GPU time: 21.843 ms
[MobFMM] total particles updates per sec: 2,289,065.41


[MobFMM] far-field FMM GPU time: 9.463 ms
Building spatial grid for neighbor search...
Positions shape: (50000,)
Counting neighbors per particle...
Total near-field pairs found: 1034974
Collecting neighbor edge indexes...
Warp::HashGrid took 0.68 ms
no of NN interactions: 1034974
[Mob_Nbody] Base velocity compute time: 3.235 ms
[Mob_Nbody] Post-base path time: 7.783 ms
[MobFMM] peak GPU memory: allocated 1029.78 MB, reserved 1578.00 MB
[MobFMM] near-field construction: 0.775 ms
[MobFMM] near-field operator time: 11.117 ms
[MobFMM] overall Nearfield time: 12.017 ms
[MobFMM] near-field particles updates per sec: 4,160,686.32
[MobFMM] total GPU time: 21.962 ms
[MobFMM] total particles updates per sec: 2,276,654.75


[MobFMM] far-field FMM GPU time: 9.422 ms
Building spatial grid for neighbor search...
Positions shape: (50000,)
Counting neighbors per particle...
Total near-field pairs found: 1034974
Collecting neighbor edge indexes...
Warp::HashGrid took 0.61 ms
no of NN interactions: 1034974
[Mob_Nbody] Base velocity compute time: 3.227 ms
[Mob_Nbody] Post-base path time: 7.792 ms
[MobFMM] peak GPU memory: allocated 1029.78 MB, reserved 1578.00 MB
[MobFMM] near-field construction: 0.707 ms
[MobFMM] near-field operator time: 11.118 ms
[MobFMM] overall Nearfield time: 11.947 ms
[MobFMM] near-field particles updates per sec: 4,185,249.13
[MobFMM] total GPU time: 21.844 ms
[MobFMM] total particles updates per sec: 2,288,937.89


[MobFMM] far-field FMM GPU time: 9.470 ms
Building spatial grid for neighbor search...
Positions shape: (50000,)
Counting neighbors per particle...
Total near-field pairs found: 1034974
Collecting neighbor edge indexes...
Warp::HashGrid took 0.62 ms
no of NN interactions: 1034974
[Mob_Nbody] Base velocity compute time: 3.232 ms
[Mob_Nbody] Post-base path time: 7.776 ms
[MobFMM] peak GPU memory: allocated 1029.78 MB, reserved 1578.00 MB
[MobFMM] near-field construction: 0.718 ms
[MobFMM] near-field operator time: 11.109 ms
[MobFMM] overall Nearfield time: 11.950 ms
[MobFMM] near-field particles updates per sec: 4,184,184.30
[MobFMM] total GPU time: 21.895 ms
[MobFMM] total particles updates per sec: 2,283,612.23


[MobFMM] far-field FMM GPU time: 9.403 ms
Building spatial grid for neighbor search...
Positions shape: (50000,)
Counting neighbors per particle...
Total near-field pairs found: 1034974
Collecting neighbor edge indexes...
Warp::HashGrid took 0.61 ms
no of NN interactions: 1034974
[Mob_Nbody] Base velocity compute time: 3.229 ms
[Mob_Nbody] Post-base path time: 7.788 ms
[MobFMM] peak GPU memory: allocated 1029.78 MB, reserved 1578.00 MB
[MobFMM] near-field construction: 0.693 ms
[MobFMM] near-field operator time: 11.113 ms
[MobFMM] overall Nearfield time: 11.935 ms
[MobFMM] near-field particles updates per sec: 4,189,378.63
[MobFMM] total GPU time: 21.815 ms
[MobFMM] total particles updates per sec: 2,292,016.89


[MobFMM] far-field FMM GPU time: 9.435 ms
Building spatial grid for neighbor search...
Positions shape: (50000,)
Counting neighbors per particle...
Total near-field pairs found: 1034974
Collecting neighbor edge indexes...
Warp::HashGrid took 0.62 ms
no of NN interactions: 1034974
[Mob_Nbody] Base velocity compute time: 3.229 ms
[Mob_Nbody] Post-base path time: 7.771 ms
[MobFMM] peak GPU memory: allocated 1029.78 MB, reserved 1578.00 MB
[MobFMM] near-field construction: 0.702 ms
[MobFMM] near-field operator time: 11.102 ms
[MobFMM] overall Nearfield time: 11.927 ms
[MobFMM] near-field particles updates per sec: 4,192,042.64
[MobFMM] total GPU time: 21.840 ms
[MobFMM] total particles updates per sec: 2,289,424.26


[MobFMM] far-field FMM GPU time: 9.422 ms
Building spatial grid for neighbor search...
Positions shape: (50000,)
Counting neighbors per particle...
Total near-field pairs found: 1034974
Collecting neighbor edge indexes...
Warp::HashGrid took 0.61 ms
no of NN interactions: 1034974
[Mob_Nbody] Base velocity compute time: 3.237 ms
[Mob_Nbody] Post-base path time: 7.791 ms
[MobFMM] peak GPU memory: allocated 1029.78 MB, reserved 1578.00 MB
[MobFMM] near-field construction: 0.697 ms
[MobFMM] near-field operator time: 11.125 ms
[MobFMM] overall Nearfield time: 11.946 ms
[MobFMM] near-field particles updates per sec: 4,185,675.15
[MobFMM] total GPU time: 21.860 ms
[MobFMM] total particles updates per sec: 2,287,279.45


[MobFMM] far-field FMM GPU time: 9.450 ms
Building spatial grid for neighbor search...
Positions shape: (50000,)
Counting neighbors per particle...
Total near-field pairs found: 1034974
Collecting neighbor edge indexes...
Warp::HashGrid took 0.61 ms
no of NN interactions: 1034974
[Mob_Nbody] Base velocity compute time: 3.233 ms
[Mob_Nbody] Post-base path time: 7.782 ms
[MobFMM] peak GPU memory: allocated 1029.78 MB, reserved 1578.00 MB
[MobFMM] near-field construction: 0.702 ms
[MobFMM] near-field operator time: 11.112 ms
[MobFMM] overall Nearfield time: 11.935 ms
[MobFMM] near-field particles updates per sec: 4,189,299.96
[MobFMM] total GPU time: 23.628 ms
[MobFMM] total particles updates per sec: 2,116,127.74


[MobFMM] far-field FMM GPU time: 9.477 ms
Building spatial grid for neighbor search...
Positions shape: (50000,)
Counting neighbors per particle...
Total near-field pairs found: 1034974
Collecting neighbor edge indexes...
Warp::HashGrid took 0.64 ms
no of NN interactions: 1034974
[Mob_Nbody] Base velocity compute time: 3.260 ms
[Mob_Nbody] Post-base path time: 7.892 ms
[MobFMM] peak GPU memory: allocated 1029.78 MB, reserved 1578.00 MB
[MobFMM] near-field construction: 0.730 ms
[MobFMM] near-field operator time: 11.250 ms
[MobFMM] overall Nearfield time: 12.103 ms
[MobFMM] near-field particles updates per sec: 4,131,084.20
[MobFMM] total GPU time: 22.095 ms
[MobFMM] total particles updates per sec: 2,262,925.02


[MobFMM] far-field FMM GPU time: 9.698 ms
Building spatial grid for neighbor search...
Positions shape: (50000,)
Counting neighbors per particle...
Total near-field pairs found: 1034974
Collecting neighbor edge indexes...
Warp::HashGrid took 0.62 ms
no of NN interactions: 1034974
[Mob_Nbody] Base velocity compute time: 3.241 ms
[Mob_Nbody] Post-base path time: 7.788 ms
[MobFMM] peak GPU memory: allocated 1029.78 MB, reserved 1578.00 MB
[MobFMM] near-field construction: 0.710 ms
[MobFMM] near-field operator time: 11.133 ms
[MobFMM] overall Nearfield time: 11.967 ms
[MobFMM] near-field particles updates per sec: 4,178,310.10
[MobFMM] total GPU time: 22.167 ms
[MobFMM] total particles updates per sec: 2,255,568.52


[MobFMM] far-field FMM GPU time: 9.484 ms
Building spatial grid for neighbor search...
Positions shape: (50000,)
Counting neighbors per particle...
Total near-field pairs found: 1034974
Collecting neighbor edge indexes...
Warp::HashGrid took 0.62 ms
no of NN interactions: 1034974
[Mob_Nbody] Base velocity compute time: 3.240 ms
[Mob_Nbody] Post-base path time: 7.784 ms
[MobFMM] peak GPU memory: allocated 1029.78 MB, reserved 1578.00 MB
[MobFMM] near-field construction: 0.709 ms
[MobFMM] near-field operator time: 11.128 ms
[MobFMM] overall Nearfield time: 11.959 ms
[MobFMM] near-field particles updates per sec: 4,181,038.40
[MobFMM] total GPU time: 21.926 ms
[MobFMM] total particles updates per sec: 2,280,409.34


[MobFMM] far-field FMM GPU time: 9.448 ms
Building spatial grid for neighbor search...
Positions shape: (50000,)
Counting neighbors per particle...
Total near-field pairs found: 1034974
Collecting neighbor edge indexes...
Warp::HashGrid took 0.69 ms
no of NN interactions: 1034974
[Mob_Nbody] Base velocity compute time: 3.240 ms
[Mob_Nbody] Post-base path time: 7.786 ms
[MobFMM] peak GPU memory: allocated 1029.78 MB, reserved 1578.00 MB
[MobFMM] near-field construction: 0.777 ms
[MobFMM] near-field operator time: 11.127 ms
[MobFMM] overall Nearfield time: 12.031 ms
[MobFMM] near-field particles updates per sec: 4,156,060.27
[MobFMM] total GPU time: 21.962 ms
[MobFMM] total particles updates per sec: 2,276,691.13


[MobFMM] far-field FMM GPU time: 9.415 ms
Building spatial grid for neighbor search...
Positions shape: (50000,)
Counting neighbors per particle...
Total near-field pairs found: 1034974
Collecting neighbor edge indexes...
Warp::HashGrid took 0.62 ms
no of NN interactions: 1034974
[Mob_Nbody] Base velocity compute time: 3.237 ms
[Mob_Nbody] Post-base path time: 7.787 ms
[MobFMM] peak GPU memory: allocated 1029.78 MB, reserved 1578.00 MB
[MobFMM] near-field construction: 0.707 ms
[MobFMM] near-field operator time: 11.120 ms
[MobFMM] overall Nearfield time: 11.953 ms
[MobFMM] near-field particles updates per sec: 4,183,064.27
[MobFMM] total GPU time: 21.851 ms
[MobFMM] total particles updates per sec: 2,288,227.21


[MobFMM] far-field FMM GPU time: 9.432 ms
Building spatial grid for neighbor search...
Positions shape: (50000,)
Counting neighbors per particle...
Total near-field pairs found: 1034974
Collecting neighbor edge indexes...
Warp::HashGrid took 0.62 ms
no of NN interactions: 1034974
[Mob_Nbody] Base velocity compute time: 3.241 ms
[Mob_Nbody] Post-base path time: 7.777 ms
[MobFMM] peak GPU memory: allocated 1029.78 MB, reserved 1578.00 MB
[MobFMM] near-field construction: 0.706 ms
[MobFMM] near-field operator time: 11.115 ms
[MobFMM] overall Nearfield time: 11.943 ms
[MobFMM] near-field particles updates per sec: 4,186,617.37
[MobFMM] total GPU time: 21.849 ms
[MobFMM] total particles updates per sec: 2,288,391.60


[MobFMM] far-field FMM GPU time: 9.489 ms
Building spatial grid for neighbor search...
Positions shape: (50000,)
Counting neighbors per particle...
Total near-field pairs found: 1034974
Collecting neighbor edge indexes...
Warp::HashGrid took 0.62 ms
no of NN interactions: 1034974
[Mob_Nbody] Base velocity compute time: 3.221 ms
[Mob_Nbody] Post-base path time: 7.782 ms
[MobFMM] peak GPU memory: allocated 1029.78 MB, reserved 1578.00 MB
[MobFMM] near-field construction: 0.705 ms
[MobFMM] near-field operator time: 11.099 ms
[MobFMM] overall Nearfield time: 11.927 ms
[MobFMM] near-field particles updates per sec: 4,192,098.62
[MobFMM] total GPU time: 21.892 ms
[MobFMM] total particles updates per sec: 2,283,965.98


[MobFMM] far-field FMM GPU time: 9.391 ms
Building spatial grid for neighbor search...
Positions shape: (50000,)
Counting neighbors per particle...
Total near-field pairs found: 1034974
Collecting neighbor edge indexes...
Warp::HashGrid took 0.62 ms
no of NN interactions: 1034974
[Mob_Nbody] Base velocity compute time: 3.228 ms
[Mob_Nbody] Post-base path time: 7.790 ms
[MobFMM] peak GPU memory: allocated 1029.78 MB, reserved 1578.00 MB
[MobFMM] near-field construction: 0.718 ms
[MobFMM] near-field operator time: 11.117 ms
[MobFMM] overall Nearfield time: 11.958 ms
[MobFMM] near-field particles updates per sec: 4,181,217.46
[MobFMM] total GPU time: 21.844 ms
[MobFMM] total particles updates per sec: 2,288,988.26


[MobFMM] far-field FMM GPU time: 9.453 ms
Building spatial grid for neighbor search...
Positions shape: (50000,)
Counting neighbors per particle...
Total near-field pairs found: 1034974
Collecting neighbor edge indexes...
Warp::HashGrid took 0.62 ms
no of NN interactions: 1034974
[Mob_Nbody] Base velocity compute time: 3.225 ms
[Mob_Nbody] Post-base path time: 7.789 ms
[MobFMM] peak GPU memory: allocated 1029.78 MB, reserved 1578.00 MB
[MobFMM] near-field construction: 0.708 ms
[MobFMM] near-field operator time: 11.113 ms
[MobFMM] overall Nearfield time: 11.943 ms
[MobFMM] near-field particles updates per sec: 4,186,437.85
[MobFMM] total GPU time: 21.872 ms
[MobFMM] total particles updates per sec: 2,286,014.47


[MobFMM] far-field FMM GPU time: 9.419 ms
Building spatial grid for neighbor search...
Positions shape: (50000,)
Counting neighbors per particle...
Total near-field pairs found: 1034974
Collecting neighbor edge indexes...
Warp::HashGrid took 0.63 ms
no of NN interactions: 1034974
[Mob_Nbody] Base velocity compute time: 3.222 ms
[Mob_Nbody] Post-base path time: 7.800 ms
[MobFMM] peak GPU memory: allocated 1029.78 MB, reserved 1578.00 MB
[MobFMM] near-field construction: 0.715 ms
[MobFMM] near-field operator time: 11.117 ms
[MobFMM] overall Nearfield time: 11.957 ms
[MobFMM] near-field particles updates per sec: 4,181,642.66
[MobFMM] total GPU time: 21.860 ms
[MobFMM] total particles updates per sec: 2,287,265.88


[MobFMM] far-field FMM GPU time: 9.466 ms
Building spatial grid for neighbor search...
Positions shape: (50000,)
Counting neighbors per particle...
Total near-field pairs found: 1034974
Collecting neighbor edge indexes...
Warp::HashGrid took 0.63 ms
no of NN interactions: 1034974
[Mob_Nbody] Base velocity compute time: 3.228 ms
[Mob_Nbody] Post-base path time: 7.794 ms
[MobFMM] peak GPU memory: allocated 1029.78 MB, reserved 1578.00 MB
[MobFMM] near-field construction: 0.718 ms
[MobFMM] near-field operator time: 11.121 ms
[MobFMM] overall Nearfield time: 11.962 ms
[MobFMM] near-field particles updates per sec: 4,179,852.74
[MobFMM] total GPU time: 21.921 ms
[MobFMM] total particles updates per sec: 2,280,895.46


[MobFMM] far-field FMM GPU time: 9.400 ms
Building spatial grid for neighbor search...
Positions shape: (50000,)
Counting neighbors per particle...
Total near-field pairs found: 1034974
Collecting neighbor edge indexes...
Warp::HashGrid took 0.62 ms
no of NN interactions: 1034974
[Mob_Nbody] Base velocity compute time: 3.225 ms
[Mob_Nbody] Post-base path time: 7.775 ms
[MobFMM] peak GPU memory: allocated 1029.78 MB, reserved 1578.00 MB
[MobFMM] near-field construction: 0.715 ms
[MobFMM] near-field operator time: 11.097 ms
[MobFMM] overall Nearfield time: 11.934 ms
[MobFMM] near-field particles updates per sec: 4,189,861.74
[MobFMM] total GPU time: 21.809 ms
[MobFMM] total particles updates per sec: 2,292,649.13


[MobFMM] far-field FMM GPU time: 9.428 ms
Building spatial grid for neighbor search...
Positions shape: (50000,)
Counting neighbors per particle...
Total near-field pairs found: 1034974
Collecting neighbor edge indexes...
Warp::HashGrid took 0.61 ms
no of NN interactions: 1034974
[Mob_Nbody] Base velocity compute time: 3.220 ms
[Mob_Nbody] Post-base path time: 7.776 ms
[MobFMM] peak GPU memory: allocated 1029.78 MB, reserved 1578.00 MB
[MobFMM] near-field construction: 0.707 ms
[MobFMM] near-field operator time: 11.096 ms
[MobFMM] overall Nearfield time: 11.926 ms
[MobFMM] near-field particles updates per sec: 4,192,391.26
[MobFMM] total GPU time: 21.830 ms
[MobFMM] total particles updates per sec: 2,290,471.26


[MobFMM] far-field FMM GPU time: 9.430 ms
Building spatial grid for neighbor search...
Positions shape: (50000,)
Counting neighbors per particle...
Total near-field pairs found: 1034974
Collecting neighbor edge indexes...
Warp::HashGrid took 0.68 ms
no of NN interactions: 1034974
[Mob_Nbody] Base velocity compute time: 3.211 ms
[Mob_Nbody] Post-base path time: 7.784 ms
[MobFMM] peak GPU memory: allocated 1029.78 MB, reserved 1578.00 MB
[MobFMM] near-field construction: 0.775 ms
[MobFMM] near-field operator time: 11.093 ms
[MobFMM] overall Nearfield time: 11.992 ms
[MobFMM] near-field particles updates per sec: 4,169,324.08
[MobFMM] total GPU time: 21.905 ms
[MobFMM] total particles updates per sec: 2,282,551.42


[MobFMM] far-field FMM GPU time: 9.438 ms
Building spatial grid for neighbor search...
Positions shape: (50000,)
Counting neighbors per particle...
Total near-field pairs found: 1034974
Collecting neighbor edge indexes...
Warp::HashGrid took 0.62 ms
no of NN interactions: 1034974
[Mob_Nbody] Base velocity compute time: 3.234 ms
[Mob_Nbody] Post-base path time: 7.782 ms
[MobFMM] peak GPU memory: allocated 1029.78 MB, reserved 1578.00 MB
[MobFMM] near-field construction: 0.705 ms
[MobFMM] near-field operator time: 11.113 ms
[MobFMM] overall Nearfield time: 11.946 ms
[MobFMM] near-field particles updates per sec: 4,185,439.91
[MobFMM] total GPU time: 21.874 ms
[MobFMM] total particles updates per sec: 2,285,847.23


[MobFMM] far-field FMM GPU time: 9.421 ms
Building spatial grid for neighbor search...
Positions shape: (50000,)
Counting neighbors per particle...
Total near-field pairs found: 1034974
Collecting neighbor edge indexes...
Warp::HashGrid took 0.61 ms
no of NN interactions: 1034974
[Mob_Nbody] Base velocity compute time: 3.240 ms
[Mob_Nbody] Post-base path time: 7.783 ms
[MobFMM] peak GPU memory: allocated 1029.78 MB, reserved 1578.00 MB
[MobFMM] near-field construction: 0.694 ms
[MobFMM] near-field operator time: 11.119 ms
[MobFMM] overall Nearfield time: 11.934 ms
[MobFMM] near-field particles updates per sec: 4,189,558.40
[MobFMM] total GPU time: 21.829 ms
[MobFMM] total particles updates per sec: 2,290,488.07


[MobFMM] far-field FMM GPU time: 9.438 ms
Building spatial grid for neighbor search...
Positions shape: (50000,)
Counting neighbors per particle...
Total near-field pairs found: 1034974
Collecting neighbor edge indexes...
Warp::HashGrid took 0.61 ms
no of NN interactions: 1034974
[Mob_Nbody] Base velocity compute time: 3.238 ms
[Mob_Nbody] Post-base path time: 7.791 ms
[MobFMM] peak GPU memory: allocated 1029.78 MB, reserved 1578.00 MB
[MobFMM] near-field construction: 0.697 ms
[MobFMM] near-field operator time: 11.123 ms
[MobFMM] overall Nearfield time: 11.944 ms
[MobFMM] near-field particles updates per sec: 4,186,146.04
[MobFMM] total GPU time: 21.869 ms
[MobFMM] total particles updates per sec: 2,286,318.72


[MobFMM] far-field FMM GPU time: 9.411 ms
Building spatial grid for neighbor search...
Positions shape: (50000,)
Counting neighbors per particle...
Total near-field pairs found: 1034974
Collecting neighbor edge indexes...
Warp::HashGrid took 0.62 ms
no of NN interactions: 1034974
[Mob_Nbody] Base velocity compute time: 3.238 ms
[Mob_Nbody] Post-base path time: 7.776 ms
[MobFMM] peak GPU memory: allocated 1029.78 MB, reserved 1578.00 MB
[MobFMM] near-field construction: 0.704 ms
[MobFMM] near-field operator time: 11.110 ms
[MobFMM] overall Nearfield time: 11.933 ms
[MobFMM] near-field particles updates per sec: 4,190,041.55
[MobFMM] total GPU time: 21.832 ms
[MobFMM] total particles updates per sec: 2,290,236.33


[MobFMM] far-field FMM GPU time: 9.495 ms
Building spatial grid for neighbor search...
Positions shape: (50000,)
Counting neighbors per particle...
Total near-field pairs found: 1034974
Collecting neighbor edge indexes...
Warp::HashGrid took 0.62 ms
no of NN interactions: 1034974
[Mob_Nbody] Base velocity compute time: 3.235 ms
[Mob_Nbody] Post-base path time: 7.775 ms
[MobFMM] peak GPU memory: allocated 1029.78 MB, reserved 1578.00 MB
[MobFMM] near-field construction: 0.706 ms
[MobFMM] near-field operator time: 11.109 ms
[MobFMM] overall Nearfield time: 11.937 ms
[MobFMM] near-field particles updates per sec: 4,188,581.39
[MobFMM] total GPU time: 21.920 ms
[MobFMM] total particles updates per sec: 2,281,058.61


[MobFMM] far-field FMM GPU time: 9.424 ms
Building spatial grid for neighbor search...
Positions shape: (50000,)
Counting neighbors per particle...
Total near-field pairs found: 1034974
Collecting neighbor edge indexes...
Warp::HashGrid took 0.63 ms
no of NN interactions: 1034974
[Mob_Nbody] Base velocity compute time: 3.229 ms
[Mob_Nbody] Post-base path time: 7.790 ms
[MobFMM] peak GPU memory: allocated 1029.78 MB, reserved 1578.00 MB
[MobFMM] near-field construction: 0.717 ms
[MobFMM] near-field operator time: 11.117 ms
[MobFMM] overall Nearfield time: 11.955 ms
[MobFMM] near-field particles updates per sec: 4,182,179.69
[MobFMM] total GPU time: 21.862 ms
[MobFMM] total particles updates per sec: 2,287,088.48


[MobFMM] far-field FMM GPU time: 9.432 ms
Building spatial grid for neighbor search...
Positions shape: (50000,)
Counting neighbors per particle...
Total near-field pairs found: 1034974
Collecting neighbor edge indexes...
Warp::HashGrid took 0.62 ms
no of NN interactions: 1034974
[Mob_Nbody] Base velocity compute time: 3.236 ms
[Mob_Nbody] Post-base path time: 7.775 ms
[MobFMM] peak GPU memory: allocated 1029.78 MB, reserved 1578.00 MB
[MobFMM] near-field construction: 0.710 ms
[MobFMM] near-field operator time: 11.106 ms
[MobFMM] overall Nearfield time: 11.939 ms
[MobFMM] near-field particles updates per sec: 4,187,806.87
[MobFMM] total GPU time: 21.867 ms
[MobFMM] total particles updates per sec: 2,286,563.01


[MobFMM] far-field FMM GPU time: 9.434 ms
Building spatial grid for neighbor search...
Positions shape: (50000,)
Counting neighbors per particle...
Total near-field pairs found: 1034974
Collecting neighbor edge indexes...
Warp::HashGrid took 0.62 ms
no of NN interactions: 1034974
[Mob_Nbody] Base velocity compute time: 3.220 ms
[Mob_Nbody] Post-base path time: 7.771 ms
[MobFMM] peak GPU memory: allocated 1029.78 MB, reserved 1578.00 MB
[MobFMM] near-field construction: 0.710 ms
[MobFMM] near-field operator time: 11.090 ms
[MobFMM] overall Nearfield time: 11.922 ms
[MobFMM] near-field particles updates per sec: 4,193,854.08
[MobFMM] total GPU time: 21.832 ms
[MobFMM] total particles updates per sec: 2,290,212.92


[MobFMM] far-field FMM GPU time: 9.430 ms
Building spatial grid for neighbor search...
Positions shape: (50000,)
Counting neighbors per particle...
Total near-field pairs found: 1034974
Collecting neighbor edge indexes...
Warp::HashGrid took 0.63 ms
no of NN interactions: 1034974
[Mob_Nbody] Base velocity compute time: 3.226 ms
[Mob_Nbody] Post-base path time: 7.783 ms
[MobFMM] peak GPU memory: allocated 1029.78 MB, reserved 1578.00 MB
[MobFMM] near-field construction: 0.719 ms
[MobFMM] near-field operator time: 11.110 ms
[MobFMM] overall Nearfield time: 11.952 ms
[MobFMM] near-field particles updates per sec: 4,183,422.75
[MobFMM] total GPU time: 21.860 ms
[MobFMM] total particles updates per sec: 2,287,279.45


[MobFMM] far-field FMM GPU time: 9.458 ms
Building spatial grid for neighbor search...
Positions shape: (50000,)
Counting neighbors per particle...
Total near-field pairs found: 1034974
Collecting neighbor edge indexes...
Warp::HashGrid took 0.69 ms
no of NN interactions: 1034974
[Mob_Nbody] Base velocity compute time: 3.224 ms
[Mob_Nbody] Post-base path time: 7.790 ms
[MobFMM] peak GPU memory: allocated 1029.78 MB, reserved 1578.00 MB
[MobFMM] near-field construction: 0.781 ms
[MobFMM] near-field operator time: 11.112 ms
[MobFMM] overall Nearfield time: 12.019 ms
[MobFMM] near-field particles updates per sec: 4,159,944.19
[MobFMM] total GPU time: 21.955 ms
[MobFMM] total particles updates per sec: 2,277,341.65


[MobFMM] far-field FMM GPU time: 9.472 ms
Building spatial grid for neighbor search...
Positions shape: (50000,)
Counting neighbors per particle...
Total near-field pairs found: 1034974
Collecting neighbor edge indexes...
Warp::HashGrid took 0.62 ms
no of NN interactions: 1034974
[Mob_Nbody] Base velocity compute time: 3.229 ms
[Mob_Nbody] Post-base path time: 7.787 ms
[MobFMM] peak GPU memory: allocated 1029.78 MB, reserved 1578.00 MB
[MobFMM] near-field construction: 0.718 ms
[MobFMM] near-field operator time: 11.115 ms
[MobFMM] overall Nearfield time: 11.957 ms
[MobFMM] near-field particles updates per sec: 4,181,799.08
[MobFMM] total GPU time: 21.901 ms
[MobFMM] total particles updates per sec: 2,283,024.93


[MobFMM] far-field FMM GPU time: 9.529 ms
Building spatial grid for neighbor search...
Positions shape: (50000,)
Counting neighbors per particle...
Total near-field pairs found: 1034974
Collecting neighbor edge indexes...
Warp::HashGrid took 0.63 ms
no of NN interactions: 1034974
[Mob_Nbody] Base velocity compute time: 3.233 ms
[Mob_Nbody] Post-base path time: 7.785 ms
[MobFMM] peak GPU memory: allocated 1029.78 MB, reserved 1578.00 MB
[MobFMM] near-field construction: 0.714 ms
[MobFMM] near-field operator time: 11.116 ms
[MobFMM] overall Nearfield time: 11.954 ms
[MobFMM] near-field particles updates per sec: 4,182,795.62
[MobFMM] total GPU time: 21.958 ms
[MobFMM] total particles updates per sec: 2,277,092.59


[MobFMM] far-field FMM GPU time: 9.394 ms
Building spatial grid for neighbor search...
Positions shape: (50000,)
Counting neighbors per particle...
Total near-field pairs found: 1034974
Collecting neighbor edge indexes...
Warp::HashGrid took 0.63 ms
no of NN interactions: 1034974
[Mob_Nbody] Base velocity compute time: 3.227 ms
[Mob_Nbody] Post-base path time: 7.778 ms
[MobFMM] peak GPU memory: allocated 1029.78 MB, reserved 1578.00 MB
[MobFMM] near-field construction: 0.719 ms
[MobFMM] near-field operator time: 11.102 ms
[MobFMM] overall Nearfield time: 11.945 ms
[MobFMM] near-field particles updates per sec: 4,185,787.43
[MobFMM] total GPU time: 21.822 ms
[MobFMM] total particles updates per sec: 2,291,311.10


[MobFMM] far-field FMM GPU time: 9.511 ms
Building spatial grid for neighbor search...
Positions shape: (50000,)
Counting neighbors per particle...
Total near-field pairs found: 1034974
Collecting neighbor edge indexes...
Warp::HashGrid took 0.62 ms
no of NN interactions: 1034974
[Mob_Nbody] Base velocity compute time: 3.218 ms
[Mob_Nbody] Post-base path time: 7.789 ms
[MobFMM] peak GPU memory: allocated 1029.78 MB, reserved 1578.00 MB
[MobFMM] near-field construction: 0.707 ms
[MobFMM] near-field operator time: 11.105 ms
[MobFMM] overall Nearfield time: 11.934 ms
[MobFMM] near-field particles updates per sec: 4,189,681.94
[MobFMM] total GPU time: 21.923 ms
[MobFMM] total particles updates per sec: 2,280,702.18


[MobFMM] far-field FMM GPU time: 9.548 ms
Building spatial grid for neighbor search...
Positions shape: (50000,)
Counting neighbors per particle...
Total near-field pairs found: 1034974
Collecting neighbor edge indexes...
Warp::HashGrid took 0.63 ms
no of NN interactions: 1034974
[Mob_Nbody] Base velocity compute time: 3.225 ms
[Mob_Nbody] Post-base path time: 7.794 ms
[MobFMM] peak GPU memory: allocated 1029.78 MB, reserved 1578.00 MB
[MobFMM] near-field construction: 0.717 ms
[MobFMM] near-field operator time: 11.116 ms
[MobFMM] overall Nearfield time: 11.955 ms
[MobFMM] near-field particles updates per sec: 4,182,280.45
[MobFMM] total GPU time: 21.977 ms
[MobFMM] total particles updates per sec: 2,275,153.06


[MobFMM] far-field FMM GPU time: 9.447 ms
Building spatial grid for neighbor search...
Positions shape: (50000,)
Counting neighbors per particle...
Total near-field pairs found: 1034974
Collecting neighbor edge indexes...
Warp::HashGrid took 0.61 ms
no of NN interactions: 1034974
[Mob_Nbody] Base velocity compute time: 3.216 ms
[Mob_Nbody] Post-base path time: 7.790 ms
[MobFMM] peak GPU memory: allocated 1029.78 MB, reserved 1578.00 MB
[MobFMM] near-field construction: 0.701 ms
[MobFMM] near-field operator time: 11.103 ms
[MobFMM] overall Nearfield time: 11.927 ms
[MobFMM] near-field particles updates per sec: 4,192,267.56
[MobFMM] total GPU time: 21.846 ms
[MobFMM] total particles updates per sec: 2,288,706.68


[MobFMM] far-field FMM GPU time: 9.435 ms
Building spatial grid for neighbor search...
Positions shape: (50000,)
Counting neighbors per particle...
Total near-field pairs found: 1034974
Collecting neighbor edge indexes...
Warp::HashGrid took 0.61 ms
no of NN interactions: 1034974
[Mob_Nbody] Base velocity compute time: 3.222 ms
[Mob_Nbody] Post-base path time: 7.805 ms
[MobFMM] peak GPU memory: allocated 1029.78 MB, reserved 1578.00 MB
[MobFMM] near-field construction: 0.711 ms
[MobFMM] near-field operator time: 11.126 ms
[MobFMM] overall Nearfield time: 11.961 ms
[MobFMM] near-field particles updates per sec: 4,180,177.01
[MobFMM] total GPU time: 21.879 ms
[MobFMM] total particles updates per sec: 2,285,268.74


[MobFMM] far-field FMM GPU time: 9.558 ms
Building spatial grid for neighbor search...
Positions shape: (50000,)
Counting neighbors per particle...
Total near-field pairs found: 1034974
Collecting neighbor edge indexes...
Warp::HashGrid took 0.62 ms
no of NN interactions: 1034974
[Mob_Nbody] Base velocity compute time: 3.217 ms
[Mob_Nbody] Post-base path time: 7.779 ms
[MobFMM] peak GPU memory: allocated 1029.78 MB, reserved 1578.00 MB
[MobFMM] near-field construction: 0.712 ms
[MobFMM] near-field operator time: 11.094 ms
[MobFMM] overall Nearfield time: 11.931 ms
[MobFMM] near-field particles updates per sec: 4,190,839.35
[MobFMM] total GPU time: 21.972 ms
[MobFMM] total particles updates per sec: 2,275,610.27


[MobFMM] far-field FMM GPU time: 9.381 ms
Building spatial grid for neighbor search...
Positions shape: (50000,)
Counting neighbors per particle...
Total near-field pairs found: 1034974
Collecting neighbor edge indexes...
Warp::HashGrid took 0.61 ms
no of NN interactions: 1034974
[Mob_Nbody] Base velocity compute time: 3.224 ms
[Mob_Nbody] Post-base path time: 7.788 ms
[MobFMM] peak GPU memory: allocated 1029.78 MB, reserved 1578.00 MB
[MobFMM] near-field construction: 0.696 ms
[MobFMM] near-field operator time: 11.111 ms
[MobFMM] overall Nearfield time: 11.937 ms
[MobFMM] near-field particles updates per sec: 4,188,592.44
[MobFMM] total GPU time: 21.794 ms
[MobFMM] total particles updates per sec: 2,294,258.34


[MobFMM] far-field FMM GPU time: 9.385 ms
Building spatial grid for neighbor search...
Positions shape: (50000,)
Counting neighbors per particle...
Total near-field pairs found: 1034974
Collecting neighbor edge indexes...
Warp::HashGrid took 0.69 ms
no of NN interactions: 1034974
[Mob_Nbody] Base velocity compute time: 3.241 ms
[Mob_Nbody] Post-base path time: 7.790 ms
[MobFMM] peak GPU memory: allocated 1029.78 MB, reserved 1578.00 MB
[MobFMM] near-field construction: 0.776 ms
[MobFMM] near-field operator time: 11.130 ms
[MobFMM] overall Nearfield time: 12.031 ms
[MobFMM] near-field particles updates per sec: 4,155,927.83
[MobFMM] total GPU time: 21.903 ms
[MobFMM] total particles updates per sec: 2,282,778.21


[MobFMM] far-field FMM GPU time: 9.421 ms
Building spatial grid for neighbor search...
Positions shape: (50000,)
Counting neighbors per particle...
Total near-field pairs found: 1034974
Collecting neighbor edge indexes...
Warp::HashGrid took 0.62 ms
no of NN interactions: 1034974
[Mob_Nbody] Base velocity compute time: 3.236 ms
[Mob_Nbody] Post-base path time: 7.784 ms
[MobFMM] peak GPU memory: allocated 1029.78 MB, reserved 1578.00 MB
[MobFMM] near-field construction: 0.703 ms
[MobFMM] near-field operator time: 11.118 ms
[MobFMM] overall Nearfield time: 11.949 ms
[MobFMM] near-field particles updates per sec: 4,184,531.95
[MobFMM] total GPU time: 21.855 ms
[MobFMM] total particles updates per sec: 2,287,815.23


[MobFMM] far-field FMM GPU time: 9.461 ms
Building spatial grid for neighbor search...
Positions shape: (50000,)
Counting neighbors per particle...
Total near-field pairs found: 1034974
Collecting neighbor edge indexes...
Warp::HashGrid took 0.62 ms
no of NN interactions: 1034974
[Mob_Nbody] Base velocity compute time: 3.247 ms
[Mob_Nbody] Post-base path time: 7.783 ms
[MobFMM] peak GPU memory: allocated 1029.78 MB, reserved 1578.00 MB
[MobFMM] near-field construction: 0.709 ms
[MobFMM] near-field operator time: 11.127 ms
[MobFMM] overall Nearfield time: 11.959 ms
[MobFMM] near-field particles updates per sec: 4,180,825.69
[MobFMM] total GPU time: 21.921 ms
[MobFMM] total particles updates per sec: 2,280,875.42


[MobFMM] far-field FMM GPU time: 9.548 ms
Building spatial grid for neighbor search...
Positions shape: (50000,)
Counting neighbors per particle...
Total near-field pairs found: 1034974
Collecting neighbor edge indexes...
Warp::HashGrid took 0.72 ms
no of NN interactions: 1034974
[Mob_Nbody] Base velocity compute time: 3.589 ms
[Mob_Nbody] Post-base path time: 7.903 ms
[MobFMM] peak GPU memory: allocated 1029.78 MB, reserved 1578.00 MB
[MobFMM] near-field construction: 0.825 ms
[MobFMM] near-field operator time: 11.614 ms
[MobFMM] overall Nearfield time: 12.586 ms
[MobFMM] near-field particles updates per sec: 3,972,683.26
[MobFMM] total GPU time: 22.805 ms
[MobFMM] total particles updates per sec: 2,192,508.58


[MobFMM] far-field FMM GPU time: 9.438 ms
Building spatial grid for neighbor search...
Positions shape: (50000,)
Counting neighbors per particle...
Total near-field pairs found: 1034974
Collecting neighbor edge indexes...
Warp::HashGrid took 0.62 ms
no of NN interactions: 1034974
[Mob_Nbody] Base velocity compute time: 3.225 ms
[Mob_Nbody] Post-base path time: 7.777 ms
[MobFMM] peak GPU memory: allocated 1029.78 MB, reserved 1578.00 MB
[MobFMM] near-field construction: 0.710 ms
[MobFMM] near-field operator time: 11.100 ms
[MobFMM] overall Nearfield time: 11.933 ms
[MobFMM] near-field particles updates per sec: 4,190,019.12
[MobFMM] total GPU time: 21.892 ms
[MobFMM] total particles updates per sec: 2,283,922.60


[MobFMM] far-field FMM GPU time: 9.425 ms
Building spatial grid for neighbor search...
Positions shape: (50000,)
Counting neighbors per particle...
Total near-field pairs found: 1034974
Collecting neighbor edge indexes...
Warp::HashGrid took 0.62 ms
no of NN interactions: 1034974
[Mob_Nbody] Base velocity compute time: 3.242 ms
[Mob_Nbody] Post-base path time: 7.797 ms
[MobFMM] peak GPU memory: allocated 1029.78 MB, reserved 1578.00 MB
[MobFMM] near-field construction: 0.706 ms
[MobFMM] near-field operator time: 11.136 ms
[MobFMM] overall Nearfield time: 11.966 ms
[MobFMM] near-field particles updates per sec: 4,178,366.04
[MobFMM] total GPU time: 21.905 ms
[MobFMM] total particles updates per sec: 2,282,578.05


[MobFMM] far-field FMM GPU time: 9.454 ms
Building spatial grid for neighbor search...
Positions shape: (50000,)
Counting neighbors per particle...
Total near-field pairs found: 1034974
Collecting neighbor edge indexes...
Warp::HashGrid took 0.62 ms
no of NN interactions: 1034974
[Mob_Nbody] Base velocity compute time: 3.252 ms
[Mob_Nbody] Post-base path time: 7.800 ms
[MobFMM] peak GPU memory: allocated 1029.78 MB, reserved 1578.00 MB
[MobFMM] near-field construction: 0.705 ms
[MobFMM] near-field operator time: 11.152 ms
[MobFMM] overall Nearfield time: 11.977 ms
[MobFMM] near-field particles updates per sec: 4,174,525.76
[MobFMM] total GPU time: 21.968 ms
[MobFMM] total particles updates per sec: 2,276,001.47


[MobFMM] far-field FMM GPU time: 9.406 ms
Building spatial grid for neighbor search...
Positions shape: (50000,)
Counting neighbors per particle...
Total near-field pairs found: 1034974
Collecting neighbor edge indexes...
Warp::HashGrid took 0.63 ms
no of NN interactions: 1034974
[Mob_Nbody] Base velocity compute time: 3.237 ms
[Mob_Nbody] Post-base path time: 7.791 ms
[MobFMM] peak GPU memory: allocated 1029.78 MB, reserved 1578.00 MB
[MobFMM] near-field construction: 0.711 ms
[MobFMM] near-field operator time: 11.127 ms
[MobFMM] overall Nearfield time: 11.961 ms
[MobFMM] near-field particles updates per sec: 4,180,154.68
[MobFMM] total GPU time: 21.880 ms
[MobFMM] total particles updates per sec: 2,285,161.96


[MobFMM] far-field FMM GPU time: 9.417 ms
Building spatial grid for neighbor search...
Positions shape: (50000,)
Counting neighbors per particle...
Total near-field pairs found: 1034974
Collecting neighbor edge indexes...
Warp::HashGrid took 0.62 ms
no of NN interactions: 1034974
[Mob_Nbody] Base velocity compute time: 3.243 ms
[Mob_Nbody] Post-base path time: 7.787 ms
[MobFMM] peak GPU memory: allocated 1029.78 MB, reserved 1578.00 MB
[MobFMM] near-field construction: 0.712 ms
[MobFMM] near-field operator time: 11.127 ms
[MobFMM] overall Nearfield time: 11.961 ms
[MobFMM] near-field particles updates per sec: 4,180,098.69
[MobFMM] total GPU time: 21.857 ms
[MobFMM] total particles updates per sec: 2,287,564.08


[MobFMM] far-field FMM GPU time: 9.391 ms
Building spatial grid for neighbor search...
Positions shape: (50000,)
Counting neighbors per particle...
Total near-field pairs found: 1034974
Collecting neighbor edge indexes...
Warp::HashGrid took 0.62 ms
no of NN interactions: 1034974
[Mob_Nbody] Base velocity compute time: 3.232 ms
[Mob_Nbody] Post-base path time: 7.805 ms
[MobFMM] peak GPU memory: allocated 1029.78 MB, reserved 1578.00 MB
[MobFMM] near-field construction: 0.710 ms
[MobFMM] near-field operator time: 11.137 ms
[MobFMM] overall Nearfield time: 11.969 ms
[MobFMM] near-field particles updates per sec: 4,177,505.75
[MobFMM] total GPU time: 21.841 ms
[MobFMM] total particles updates per sec: 2,289,239.72


[MobFMM] far-field FMM GPU time: 9.396 ms
Building spatial grid for neighbor search...
Positions shape: (50000,)
Counting neighbors per particle...
Total near-field pairs found: 1034974
Collecting neighbor edge indexes...
Warp::HashGrid took 0.69 ms
no of NN interactions: 1034974
[Mob_Nbody] Base velocity compute time: 3.231 ms
[Mob_Nbody] Post-base path time: 7.804 ms
[MobFMM] peak GPU memory: allocated 1029.78 MB, reserved 1578.00 MB
[MobFMM] near-field construction: 0.772 ms
[MobFMM] near-field operator time: 11.133 ms
[MobFMM] overall Nearfield time: 12.027 ms
[MobFMM] near-field particles updates per sec: 4,157,409.49
[MobFMM] total GPU time: 21.903 ms
[MobFMM] total particles updates per sec: 2,282,751.37


[MobFMM] far-field FMM GPU time: 9.411 ms
Building spatial grid for neighbor search...
Positions shape: (50000,)
Counting neighbors per particle...
Total near-field pairs found: 1034974
Collecting neighbor edge indexes...
Warp::HashGrid took 0.61 ms
no of NN interactions: 1034974
[Mob_Nbody] Base velocity compute time: 3.249 ms
[Mob_Nbody] Post-base path time: 7.807 ms
[MobFMM] peak GPU memory: allocated 1029.78 MB, reserved 1578.00 MB
[MobFMM] near-field construction: 0.703 ms
[MobFMM] near-field operator time: 11.156 ms
[MobFMM] overall Nearfield time: 11.980 ms
[MobFMM] near-field particles updates per sec: 4,173,633.83
[MobFMM] total GPU time: 21.875 ms
[MobFMM] total particles updates per sec: 2,285,750.16


[MobFMM] far-field FMM GPU time: 9.483 ms
Building spatial grid for neighbor search...
Positions shape: (50000,)
Counting neighbors per particle...
Total near-field pairs found: 1034974
Collecting neighbor edge indexes...
Warp::HashGrid took 0.61 ms
no of NN interactions: 1034974
[Mob_Nbody] Base velocity compute time: 3.215 ms
[Mob_Nbody] Post-base path time: 7.797 ms
[MobFMM] peak GPU memory: allocated 1029.78 MB, reserved 1578.00 MB
[MobFMM] near-field construction: 0.704 ms
[MobFMM] near-field operator time: 11.109 ms
[MobFMM] overall Nearfield time: 11.938 ms
[MobFMM] near-field particles updates per sec: 4,188,356.87
[MobFMM] total GPU time: 21.914 ms
[MobFMM] total particles updates per sec: 2,281,604.78


[MobFMM] far-field FMM GPU time: 9.435 ms
Building spatial grid for neighbor search...
Positions shape: (50000,)
Counting neighbors per particle...
Total near-field pairs found: 1034974
Collecting neighbor edge indexes...
Warp::HashGrid took 0.62 ms
no of NN interactions: 1034974
[Mob_Nbody] Base velocity compute time: 3.238 ms
[Mob_Nbody] Post-base path time: 7.785 ms
[MobFMM] peak GPU memory: allocated 1029.78 MB, reserved 1578.00 MB
[MobFMM] near-field construction: 0.707 ms
[MobFMM] near-field operator time: 11.121 ms
[MobFMM] overall Nearfield time: 11.951 ms
[MobFMM] near-field particles updates per sec: 4,183,870.77
[MobFMM] total GPU time: 21.877 ms
[MobFMM] total particles updates per sec: 2,285,499.46


[MobFMM] far-field FMM GPU time: 9.438 ms
Building spatial grid for neighbor search...
Positions shape: (50000,)
Counting neighbors per particle...
Total near-field pairs found: 1034974
Collecting neighbor edge indexes...
Warp::HashGrid took 0.62 ms
no of NN interactions: 1034974
[Mob_Nbody] Base velocity compute time: 3.220 ms
[Mob_Nbody] Post-base path time: 7.784 ms
[MobFMM] peak GPU memory: allocated 1029.78 MB, reserved 1578.00 MB
[MobFMM] near-field construction: 0.712 ms
[MobFMM] near-field operator time: 11.102 ms
[MobFMM] overall Nearfield time: 11.939 ms
[MobFMM] near-field particles updates per sec: 4,187,918.93
[MobFMM] total GPU time: 21.871 ms
[MobFMM] total particles updates per sec: 2,286,164.99


[MobFMM] far-field FMM GPU time: 9.426 ms
Building spatial grid for neighbor search...
Positions shape: (50000,)
Counting neighbors per particle...
Total near-field pairs found: 1034974
Collecting neighbor edge indexes...
Warp::HashGrid took 0.61 ms
no of NN interactions: 1034974
[Mob_Nbody] Base velocity compute time: 3.234 ms
[Mob_Nbody] Post-base path time: 7.795 ms
[MobFMM] peak GPU memory: allocated 1029.78 MB, reserved 1578.00 MB
[MobFMM] near-field construction: 0.698 ms
[MobFMM] near-field operator time: 11.126 ms
[MobFMM] overall Nearfield time: 11.952 ms
[MobFMM] near-field particles updates per sec: 4,183,321.94
[MobFMM] total GPU time: 21.878 ms
[MobFMM] total particles updates per sec: 2,285,358.99


[MobFMM] far-field FMM GPU time: 9.435 ms
Building spatial grid for neighbor search...
Positions shape: (50000,)
Counting neighbors per particle...
Total near-field pairs found: 1034974
Collecting neighbor edge indexes...
Warp::HashGrid took 0.62 ms
no of NN interactions: 1034974
[Mob_Nbody] Base velocity compute time: 3.246 ms
[Mob_Nbody] Post-base path time: 7.766 ms
[MobFMM] peak GPU memory: allocated 1029.78 MB, reserved 1578.00 MB
[MobFMM] near-field construction: 0.704 ms
[MobFMM] near-field operator time: 11.108 ms
[MobFMM] overall Nearfield time: 11.938 ms
[MobFMM] near-field particles updates per sec: 4,188,188.24
[MobFMM] total GPU time: 21.869 ms
[MobFMM] total particles updates per sec: 2,286,392.50


[MobFMM] far-field FMM GPU time: 9.511 ms
Building spatial grid for neighbor search...
Positions shape: (50000,)
Counting neighbors per particle...
Total near-field pairs found: 1034974
Collecting neighbor edge indexes...
Warp::HashGrid took 0.61 ms
no of NN interactions: 1034974
[Mob_Nbody] Base velocity compute time: 3.235 ms
[Mob_Nbody] Post-base path time: 7.787 ms
[MobFMM] peak GPU memory: allocated 1029.78 MB, reserved 1578.00 MB
[MobFMM] near-field construction: 0.698 ms
[MobFMM] near-field operator time: 11.119 ms
[MobFMM] overall Nearfield time: 11.947 ms
[MobFMM] near-field particles updates per sec: 4,185,215.39
[MobFMM] total GPU time: 21.959 ms
[MobFMM] total particles updates per sec: 2,277,019.61


[MobFMM] far-field FMM GPU time: 9.411 ms
Building spatial grid for neighbor search...
Positions shape: (50000,)
Counting neighbors per particle...
Total near-field pairs found: 1034974
Collecting neighbor edge indexes...
Warp::HashGrid took 0.61 ms
no of NN interactions: 1034974
[Mob_Nbody] Base velocity compute time: 3.242 ms
[Mob_Nbody] Post-base path time: 7.790 ms
[MobFMM] peak GPU memory: allocated 1029.78 MB, reserved 1578.00 MB
[MobFMM] near-field construction: 0.695 ms
[MobFMM] near-field operator time: 11.132 ms
[MobFMM] overall Nearfield time: 11.948 ms
[MobFMM] near-field particles updates per sec: 4,184,688.59
[MobFMM] total GPU time: 21.850 ms
[MobFMM] total particles updates per sec: 2,288,307.71


[MobFMM] far-field FMM GPU time: 9.371 ms
Building spatial grid for neighbor search...
Positions shape: (50000,)
Counting neighbors per particle...
Total near-field pairs found: 1034974
Collecting neighbor edge indexes...
Warp::HashGrid took 0.61 ms
no of NN interactions: 1034974
[Mob_Nbody] Base velocity compute time: 3.241 ms
[Mob_Nbody] Post-base path time: 7.763 ms
[MobFMM] peak GPU memory: allocated 1029.78 MB, reserved 1578.00 MB
[MobFMM] near-field construction: 0.698 ms
[MobFMM] near-field operator time: 11.100 ms
[MobFMM] overall Nearfield time: 11.923 ms
[MobFMM] near-field particles updates per sec: 4,193,572.64
[MobFMM] total GPU time: 21.792 ms
[MobFMM] total particles updates per sec: 2,294,369.38


[MobFMM] far-field FMM GPU time: 9.423 ms
Building spatial grid for neighbor search...
Positions shape: (50000,)
Counting neighbors per particle...
Total near-field pairs found: 1034974
Collecting neighbor edge indexes...
Warp::HashGrid took 0.69 ms
no of NN interactions: 1034974
[Mob_Nbody] Base velocity compute time: 3.251 ms
[Mob_Nbody] Post-base path time: 7.776 ms
[MobFMM] peak GPU memory: allocated 1029.78 MB, reserved 1578.00 MB
[MobFMM] near-field construction: 0.773 ms
[MobFMM] near-field operator time: 11.125 ms
[MobFMM] overall Nearfield time: 12.020 ms
[MobFMM] near-field particles updates per sec: 4,159,756.06
[MobFMM] total GPU time: 21.939 ms
[MobFMM] total particles updates per sec: 2,279,048.91


[MobFMM] far-field FMM GPU time: 9.407 ms
Building spatial grid for neighbor search...
Positions shape: (50000,)
Counting neighbors per particle...
Total near-field pairs found: 1034974
Collecting neighbor edge indexes...
Warp::HashGrid took 0.62 ms
no of NN interactions: 1034974
[Mob_Nbody] Base velocity compute time: 3.233 ms
[Mob_Nbody] Post-base path time: 7.781 ms
[MobFMM] peak GPU memory: allocated 1029.78 MB, reserved 1578.00 MB
[MobFMM] near-field construction: 0.701 ms
[MobFMM] near-field operator time: 11.113 ms
[MobFMM] overall Nearfield time: 11.936 ms
[MobFMM] near-field particles updates per sec: 4,189,131.60
[MobFMM] total GPU time: 21.832 ms
[MobFMM] total particles updates per sec: 2,290,253.14


[MobFMM] far-field FMM GPU time: 9.395 ms
Building spatial grid for neighbor search...
Positions shape: (50000,)
Counting neighbors per particle...
Total near-field pairs found: 1034974
Collecting neighbor edge indexes...
Warp::HashGrid took 0.62 ms
no of NN interactions: 1034974
[Mob_Nbody] Base velocity compute time: 3.236 ms
[Mob_Nbody] Post-base path time: 7.809 ms
[MobFMM] peak GPU memory: allocated 1029.78 MB, reserved 1578.00 MB
[MobFMM] near-field construction: 0.702 ms
[MobFMM] near-field operator time: 11.143 ms
[MobFMM] overall Nearfield time: 11.967 ms
[MobFMM] near-field particles updates per sec: 4,177,986.12
[MobFMM] total GPU time: 21.855 ms
[MobFMM] total particles updates per sec: 2,287,805.24


[MobFMM] far-field FMM GPU time: 9.416 ms
Building spatial grid for neighbor search...
Positions shape: (50000,)
Counting neighbors per particle...
Total near-field pairs found: 1034974
Collecting neighbor edge indexes...
Warp::HashGrid took 0.61 ms
no of NN interactions: 1034974
[Mob_Nbody] Base velocity compute time: 3.234 ms
[Mob_Nbody] Post-base path time: 7.801 ms
[MobFMM] peak GPU memory: allocated 1029.78 MB, reserved 1578.00 MB
[MobFMM] near-field construction: 0.698 ms
[MobFMM] near-field operator time: 11.133 ms
[MobFMM] overall Nearfield time: 11.949 ms
[MobFMM] near-field particles updates per sec: 4,184,498.21
[MobFMM] total GPU time: 21.864 ms
[MobFMM] total particles updates per sec: 2,286,824.12


[MobFMM] far-field FMM GPU time: 9.419 ms
Building spatial grid for neighbor search...
Positions shape: (50000,)
Counting neighbors per particle...
Total near-field pairs found: 1034974
Collecting neighbor edge indexes...
Warp::HashGrid took 0.62 ms
no of NN interactions: 1034974
[Mob_Nbody] Base velocity compute time: 3.221 ms
[Mob_Nbody] Post-base path time: 7.790 ms
[MobFMM] peak GPU memory: allocated 1029.78 MB, reserved 1578.00 MB
[MobFMM] near-field construction: 0.709 ms
[MobFMM] near-field operator time: 11.109 ms
[MobFMM] overall Nearfield time: 11.938 ms
[MobFMM] near-field particles updates per sec: 4,188,188.24
[MobFMM] total GPU time: 21.862 ms
[MobFMM] total particles updates per sec: 2,287,112.02


[MobFMM] far-field FMM GPU time: 9.670 ms
Building spatial grid for neighbor search...
Positions shape: (50000,)
Counting neighbors per particle...
Total near-field pairs found: 1034974
Collecting neighbor edge indexes...
Warp::HashGrid took 0.63 ms
no of NN interactions: 1034974
[Mob_Nbody] Base velocity compute time: 3.230 ms
[Mob_Nbody] Post-base path time: 7.788 ms
[MobFMM] peak GPU memory: allocated 1029.78 MB, reserved 1578.00 MB
[MobFMM] near-field construction: 0.721 ms
[MobFMM] near-field operator time: 11.117 ms
[MobFMM] overall Nearfield time: 11.962 ms
[MobFMM] near-field particles updates per sec: 4,179,819.09
[MobFMM] total GPU time: 22.140 ms
[MobFMM] total particles updates per sec: 2,258,333.02


[MobFMM] far-field FMM GPU time: 9.460 ms
Building spatial grid for neighbor search...
Positions shape: (50000,)
Counting neighbors per particle...
Total near-field pairs found: 1034974
Collecting neighbor edge indexes...
Warp::HashGrid took 0.62 ms
no of NN interactions: 1034974
[Mob_Nbody] Base velocity compute time: 3.240 ms
[Mob_Nbody] Post-base path time: 7.796 ms
[MobFMM] peak GPU memory: allocated 1029.78 MB, reserved 1578.00 MB
[MobFMM] near-field construction: 0.707 ms
[MobFMM] near-field operator time: 11.134 ms
[MobFMM] overall Nearfield time: 11.963 ms
[MobFMM] near-field particles updates per sec: 4,179,584.51
[MobFMM] total GPU time: 21.928 ms
[MobFMM] total particles updates per sec: 2,280,186.39


[MobFMM] far-field FMM GPU time: 9.454 ms
Building spatial grid for neighbor search...
Positions shape: (50000,)
Counting neighbors per particle...
Total near-field pairs found: 1034974
Collecting neighbor edge indexes...
Warp::HashGrid took 0.62 ms
no of NN interactions: 1034974
[Mob_Nbody] Base velocity compute time: 3.230 ms
[Mob_Nbody] Post-base path time: 7.779 ms
[MobFMM] peak GPU memory: allocated 1029.78 MB, reserved 1578.00 MB
[MobFMM] near-field construction: 0.712 ms
[MobFMM] near-field operator time: 11.106 ms
[MobFMM] overall Nearfield time: 11.940 ms
[MobFMM] near-field particles updates per sec: 4,187,492.46
[MobFMM] total GPU time: 21.886 ms
[MobFMM] total particles updates per sec: 2,284,553.76


[MobFMM] far-field FMM GPU time: 9.510 ms
Building spatial grid for neighbor search...
Positions shape: (50000,)
Counting neighbors per particle...
Total near-field pairs found: 1034974
Collecting neighbor edge indexes...
Warp::HashGrid took 0.63 ms
no of NN interactions: 1034974
[Mob_Nbody] Base velocity compute time: 3.246 ms
[Mob_Nbody] Post-base path time: 7.781 ms
[MobFMM] peak GPU memory: allocated 1029.78 MB, reserved 1578.00 MB
[MobFMM] near-field construction: 0.717 ms
[MobFMM] near-field operator time: 11.122 ms
[MobFMM] overall Nearfield time: 11.961 ms
[MobFMM] near-field particles updates per sec: 4,180,333.66
[MobFMM] total GPU time: 21.970 ms
[MobFMM] total particles updates per sec: 2,275,789.26


[MobFMM] far-field FMM GPU time: 9.424 ms
Building spatial grid for neighbor search...
Positions shape: (50000,)
Counting neighbors per particle...
Total near-field pairs found: 1034974
Collecting neighbor edge indexes...
Warp::HashGrid took 0.62 ms
no of NN interactions: 1034974
[Mob_Nbody] Base velocity compute time: 3.231 ms
[Mob_Nbody] Post-base path time: 7.793 ms
[MobFMM] peak GPU memory: allocated 1029.78 MB, reserved 1578.00 MB
[MobFMM] near-field construction: 0.705 ms
[MobFMM] near-field operator time: 11.123 ms
[MobFMM] overall Nearfield time: 11.950 ms
[MobFMM] near-field particles updates per sec: 4,184,106.16
[MobFMM] total GPU time: 21.848 ms
[MobFMM] total particles updates per sec: 2,288,495.49


[MobFMM] far-field FMM GPU time: 9.394 ms
Building spatial grid for neighbor search...
Positions shape: (50000,)
Counting neighbors per particle...
Total near-field pairs found: 1034974
Collecting neighbor edge indexes...
Warp::HashGrid took 0.69 ms
no of NN interactions: 1034974
[Mob_Nbody] Base velocity compute time: 3.225 ms
[Mob_Nbody] Post-base path time: 7.774 ms
[MobFMM] peak GPU memory: allocated 1029.78 MB, reserved 1578.00 MB
[MobFMM] near-field construction: 0.772 ms
[MobFMM] near-field operator time: 11.103 ms
[MobFMM] overall Nearfield time: 11.999 ms
[MobFMM] near-field particles updates per sec: 4,167,022.34
[MobFMM] total GPU time: 21.872 ms
[MobFMM] total particles updates per sec: 2,286,034.40


[MobFMM] far-field FMM GPU time: 9.505 ms
Building spatial grid for neighbor search...
Positions shape: (50000,)
Counting neighbors per particle...
Total near-field pairs found: 1034974
Collecting neighbor edge indexes...
Warp::HashGrid took 0.62 ms
no of NN interactions: 1034974
[Mob_Nbody] Base velocity compute time: 3.231 ms
[Mob_Nbody] Post-base path time: 7.794 ms
[MobFMM] peak GPU memory: allocated 1029.78 MB, reserved 1578.00 MB
[MobFMM] near-field construction: 0.707 ms
[MobFMM] near-field operator time: 11.124 ms
[MobFMM] overall Nearfield time: 11.953 ms
[MobFMM] near-field particles updates per sec: 4,183,030.57
[MobFMM] total GPU time: 21.944 ms
[MobFMM] total particles updates per sec: 2,278,513.87


[MobFMM] far-field FMM GPU time: 10.127 ms
Building spatial grid for neighbor search...
Positions shape: (50000,)
Counting neighbors per particle...
Total near-field pairs found: 1034974
Collecting neighbor edge indexes...
Warp::HashGrid took 0.61 ms
no of NN interactions: 1034974
[Mob_Nbody] Base velocity compute time: 3.224 ms
[Mob_Nbody] Post-base path time: 7.794 ms
[MobFMM] peak GPU memory: allocated 1029.78 MB, reserved 1578.00 MB
[MobFMM] near-field construction: 0.695 ms
[MobFMM] near-field operator time: 11.116 ms
[MobFMM] overall Nearfield time: 11.937 ms
[MobFMM] near-field particles updates per sec: 4,188,693.50
[MobFMM] total GPU time: 22.547 ms
[MobFMM] total particles updates per sec: 2,217,548.19


[MobFMM] far-field FMM GPU time: 9.412 ms
Building spatial grid for neighbor search...
Positions shape: (50000,)
Counting neighbors per particle...
Total near-field pairs found: 1034974
Collecting neighbor edge indexes...
Warp::HashGrid took 0.63 ms
no of NN interactions: 1034974
[Mob_Nbody] Base velocity compute time: 3.234 ms
[Mob_Nbody] Post-base path time: 7.783 ms
[MobFMM] peak GPU memory: allocated 1029.78 MB, reserved 1578.00 MB
[MobFMM] near-field construction: 0.712 ms
[MobFMM] near-field operator time: 11.112 ms
[MobFMM] overall Nearfield time: 11.946 ms
[MobFMM] near-field particles updates per sec: 4,185,585.59
[MobFMM] total GPU time: 21.856 ms
[MobFMM] total particles updates per sec: 2,287,661.10


[MobFMM] far-field FMM GPU time: 9.427 ms
Building spatial grid for neighbor search...
Positions shape: (50000,)
Counting neighbors per particle...
Total near-field pairs found: 1034974
Collecting neighbor edge indexes...
Warp::HashGrid took 0.62 ms
no of NN interactions: 1034974
[Mob_Nbody] Base velocity compute time: 3.227 ms
[Mob_Nbody] Post-base path time: 7.774 ms
[MobFMM] peak GPU memory: allocated 1029.78 MB, reserved 1578.00 MB
[MobFMM] near-field construction: 0.705 ms
[MobFMM] near-field operator time: 11.097 ms
[MobFMM] overall Nearfield time: 11.924 ms
[MobFMM] near-field particles updates per sec: 4,193,370.05
[MobFMM] total GPU time: 21.861 ms
[MobFMM] total particles updates per sec: 2,287,158.92


[MobFMM] far-field FMM GPU time: 9.459 ms
Building spatial grid for neighbor search...
Positions shape: (50000,)
Counting neighbors per particle...
Total near-field pairs found: 1034974
Collecting neighbor edge indexes...
Warp::HashGrid took 0.61 ms
no of NN interactions: 1034974
[Mob_Nbody] Base velocity compute time: 3.238 ms
[Mob_Nbody] Post-base path time: 7.771 ms
[MobFMM] peak GPU memory: allocated 1029.78 MB, reserved 1578.00 MB
[MobFMM] near-field construction: 0.700 ms
[MobFMM] near-field operator time: 11.105 ms
[MobFMM] overall Nearfield time: 11.927 ms
[MobFMM] near-field particles updates per sec: 4,192,008.79
[MobFMM] total GPU time: 21.886 ms
[MobFMM] total particles updates per sec: 2,284,557.15


[MobFMM] far-field FMM GPU time: 9.476 ms
Building spatial grid for neighbor search...
Positions shape: (50000,)
Counting neighbors per particle...
Total near-field pairs found: 1034974
Collecting neighbor edge indexes...
Warp::HashGrid took 0.61 ms
no of NN interactions: 1034974
[Mob_Nbody] Base velocity compute time: 3.235 ms
[Mob_Nbody] Post-base path time: 7.797 ms
[MobFMM] peak GPU memory: allocated 1029.78 MB, reserved 1578.00 MB
[MobFMM] near-field construction: 0.700 ms
[MobFMM] near-field operator time: 11.130 ms
[MobFMM] overall Nearfield time: 11.956 ms
[MobFMM] near-field particles updates per sec: 4,181,911.16
[MobFMM] total GPU time: 21.932 ms
[MobFMM] total particles updates per sec: 2,279,730.51


[MobFMM] far-field FMM GPU time: 9.418 ms
Building spatial grid for neighbor search...
Positions shape: (50000,)
Counting neighbors per particle...
Total near-field pairs found: 1034974
Collecting neighbor edge indexes...
Warp::HashGrid took 0.61 ms
no of NN interactions: 1034974
[Mob_Nbody] Base velocity compute time: 3.226 ms
[Mob_Nbody] Post-base path time: 7.786 ms
[MobFMM] peak GPU memory: allocated 1029.78 MB, reserved 1578.00 MB
[MobFMM] near-field construction: 0.703 ms
[MobFMM] near-field operator time: 11.107 ms
[MobFMM] overall Nearfield time: 11.932 ms
[MobFMM] near-field particles updates per sec: 4,190,558.31
[MobFMM] total GPU time: 21.841 ms
[MobFMM] total particles updates per sec: 2,289,233.13


[MobFMM] far-field FMM GPU time: 9.645 ms
Building spatial grid for neighbor search...
Positions shape: (50000,)
Counting neighbors per particle...
Total near-field pairs found: 1034974
Collecting neighbor edge indexes...
Warp::HashGrid took 0.62 ms
no of NN interactions: 1034974
[Mob_Nbody] Base velocity compute time: 3.255 ms
[Mob_Nbody] Post-base path time: 7.785 ms
[MobFMM] peak GPU memory: allocated 1029.78 MB, reserved 1578.00 MB
[MobFMM] near-field construction: 0.705 ms
[MobFMM] near-field operator time: 11.134 ms
[MobFMM] overall Nearfield time: 11.963 ms
[MobFMM] near-field particles updates per sec: 4,179,383.27
[MobFMM] total GPU time: 22.097 ms
[MobFMM] total particles updates per sec: 2,262,758.01


[MobFMM] far-field FMM GPU time: 9.453 ms
Building spatial grid for neighbor search...
Positions shape: (50000,)
Counting neighbors per particle...
Total near-field pairs found: 1034974
Collecting neighbor edge indexes...
Warp::HashGrid took 0.62 ms
no of NN interactions: 1034974
[Mob_Nbody] Base velocity compute time: 3.246 ms
[Mob_Nbody] Post-base path time: 7.788 ms
[MobFMM] peak GPU memory: allocated 1029.78 MB, reserved 1578.00 MB
[MobFMM] near-field construction: 0.704 ms
[MobFMM] near-field operator time: 11.132 ms
[MobFMM] overall Nearfield time: 11.958 ms
[MobFMM] near-field particles updates per sec: 4,181,407.54
[MobFMM] total GPU time: 21.900 ms
[MobFMM] total particles updates per sec: 2,283,061.72


[MobFMM] far-field FMM GPU time: 9.422 ms
Building spatial grid for neighbor search...
Positions shape: (50000,)
Counting neighbors per particle...
Total near-field pairs found: 1034974
Collecting neighbor edge indexes...
Warp::HashGrid took 0.68 ms
no of NN interactions: 1034974
[Mob_Nbody] Base velocity compute time: 3.242 ms
[Mob_Nbody] Post-base path time: 7.771 ms
[MobFMM] peak GPU memory: allocated 1029.78 MB, reserved 1578.00 MB
[MobFMM] near-field construction: 0.776 ms
[MobFMM] near-field operator time: 11.110 ms
[MobFMM] overall Nearfield time: 12.012 ms
[MobFMM] near-field particles updates per sec: 4,162,659.46
[MobFMM] total GPU time: 21.923 ms
[MobFMM] total particles updates per sec: 2,280,728.97


[MobFMM] far-field FMM GPU time: 9.383 ms
Building spatial grid for neighbor search...
Positions shape: (50000,)
Counting neighbors per particle...
Total near-field pairs found: 1034974
Collecting neighbor edge indexes...
Warp::HashGrid took 0.62 ms
no of NN interactions: 1034974
[Mob_Nbody] Base velocity compute time: 3.233 ms
[Mob_Nbody] Post-base path time: 7.785 ms
[MobFMM] peak GPU memory: allocated 1029.78 MB, reserved 1578.00 MB
[MobFMM] near-field construction: 0.710 ms
[MobFMM] near-field operator time: 11.115 ms
[MobFMM] overall Nearfield time: 11.948 ms
[MobFMM] near-field particles updates per sec: 4,184,655.19
[MobFMM] total GPU time: 21.812 ms
[MobFMM] total particles updates per sec: 2,292,316.13


[MobFMM] far-field FMM GPU time: 9.472 ms
Building spatial grid for neighbor search...
Positions shape: (50000,)
Counting neighbors per particle...
Total near-field pairs found: 1034974
Collecting neighbor edge indexes...
Warp::HashGrid took 0.63 ms
no of NN interactions: 1034974
[Mob_Nbody] Base velocity compute time: 3.235 ms
[Mob_Nbody] Post-base path time: 7.785 ms
[MobFMM] peak GPU memory: allocated 1029.78 MB, reserved 1578.00 MB
[MobFMM] near-field construction: 0.716 ms
[MobFMM] near-field operator time: 11.118 ms
[MobFMM] overall Nearfield time: 11.958 ms
[MobFMM] near-field particles updates per sec: 4,181,329.17
[MobFMM] total GPU time: 21.911 ms
[MobFMM] total particles updates per sec: 2,281,987.91


[MobFMM] far-field FMM GPU time: 9.532 ms
Building spatial grid for neighbor search...
Positions shape: (50000,)
Counting neighbors per particle...
Total near-field pairs found: 1034974
Collecting neighbor edge indexes...
Warp::HashGrid took 0.62 ms
no of NN interactions: 1034974
[Mob_Nbody] Base velocity compute time: 3.229 ms
[Mob_Nbody] Post-base path time: 7.792 ms
[MobFMM] peak GPU memory: allocated 1029.78 MB, reserved 1578.00 MB
[MobFMM] near-field construction: 0.707 ms
[MobFMM] near-field operator time: 11.120 ms
[MobFMM] overall Nearfield time: 11.949 ms
[MobFMM] near-field particles updates per sec: 4,184,520.59
[MobFMM] total GPU time: 21.967 ms
[MobFMM] total particles updates per sec: 2,276,147.31


[MobFMM] far-field FMM GPU time: 9.518 ms
Building spatial grid for neighbor search...
Positions shape: (50000,)
Counting neighbors per particle...
Total near-field pairs found: 1034974
Collecting neighbor edge indexes...
Warp::HashGrid took 0.63 ms
no of NN interactions: 1034974
[Mob_Nbody] Base velocity compute time: 3.228 ms
[Mob_Nbody] Post-base path time: 7.798 ms
[MobFMM] peak GPU memory: allocated 1029.78 MB, reserved 1578.00 MB
[MobFMM] near-field construction: 0.717 ms
[MobFMM] near-field operator time: 11.123 ms
[MobFMM] overall Nearfield time: 11.963 ms
[MobFMM] near-field particles updates per sec: 4,179,573.18
[MobFMM] total GPU time: 21.963 ms
[MobFMM] total particles updates per sec: 2,276,522.09


[MobFMM] far-field FMM GPU time: 9.430 ms
Building spatial grid for neighbor search...
Positions shape: (50000,)
Counting neighbors per particle...
Total near-field pairs found: 1034974
Collecting neighbor edge indexes...
Warp::HashGrid took 0.63 ms
no of NN interactions: 1034974
[Mob_Nbody] Base velocity compute time: 3.227 ms
[Mob_Nbody] Post-base path time: 7.792 ms
[MobFMM] peak GPU memory: allocated 1029.78 MB, reserved 1578.00 MB
[MobFMM] near-field construction: 0.713 ms
[MobFMM] near-field operator time: 11.114 ms
[MobFMM] overall Nearfield time: 11.949 ms
[MobFMM] near-field particles updates per sec: 4,184,587.72
[MobFMM] total GPU time: 21.865 ms
[MobFMM] total particles updates per sec: 2,286,726.97


[MobFMM] far-field FMM GPU time: 9.421 ms
Building spatial grid for neighbor search...
Positions shape: (50000,)
Counting neighbors per particle...
Total near-field pairs found: 1034974
Collecting neighbor edge indexes...
Warp::HashGrid took 0.62 ms
no of NN interactions: 1034974
[Mob_Nbody] Base velocity compute time: 3.239 ms
[Mob_Nbody] Post-base path time: 7.793 ms
[MobFMM] peak GPU memory: allocated 1029.78 MB, reserved 1578.00 MB
[MobFMM] near-field construction: 0.710 ms
[MobFMM] near-field operator time: 11.129 ms
[MobFMM] overall Nearfield time: 11.962 ms
[MobFMM] near-field particles updates per sec: 4,179,796.76
[MobFMM] total GPU time: 21.859 ms
[MobFMM] total particles updates per sec: 2,287,379.84


[MobFMM] far-field FMM GPU time: 9.495 ms
Building spatial grid for neighbor search...
Positions shape: (50000,)
Counting neighbors per particle...
Total near-field pairs found: 1034974
Collecting neighbor edge indexes...
Warp::HashGrid took 0.63 ms
no of NN interactions: 1034974
[Mob_Nbody] Base velocity compute time: 3.235 ms
[Mob_Nbody] Post-base path time: 7.783 ms
[MobFMM] peak GPU memory: allocated 1029.78 MB, reserved 1578.00 MB
[MobFMM] near-field construction: 0.713 ms
[MobFMM] near-field operator time: 11.115 ms
[MobFMM] overall Nearfield time: 11.954 ms
[MobFMM] near-field particles updates per sec: 4,182,773.27
[MobFMM] total GPU time: 21.921 ms
[MobFMM] total particles updates per sec: 2,280,905.39


[MobFMM] far-field FMM GPU time: 9.466 ms
Building spatial grid for neighbor search...
Positions shape: (50000,)
Counting neighbors per particle...
Total near-field pairs found: 1034974
Collecting neighbor edge indexes...
Warp::HashGrid took 0.62 ms
no of NN interactions: 1034974
[Mob_Nbody] Base velocity compute time: 3.223 ms
[Mob_Nbody] Post-base path time: 7.787 ms
[MobFMM] peak GPU memory: allocated 1029.78 MB, reserved 1578.00 MB
[MobFMM] near-field construction: 0.705 ms
[MobFMM] near-field operator time: 11.106 ms
[MobFMM] overall Nearfield time: 11.934 ms
[MobFMM] near-field particles updates per sec: 4,189,681.94
[MobFMM] total GPU time: 21.875 ms
[MobFMM] total particles updates per sec: 2,285,703.32


[MobFMM] far-field FMM GPU time: 9.466 ms
Building spatial grid for neighbor search...
Positions shape: (50000,)
Counting neighbors per particle...
Total near-field pairs found: 1034974
Collecting neighbor edge indexes...
Warp::HashGrid took 0.62 ms
no of NN interactions: 1034974
[Mob_Nbody] Base velocity compute time: 3.228 ms
[Mob_Nbody] Post-base path time: 7.794 ms
[MobFMM] peak GPU memory: allocated 1029.78 MB, reserved 1578.00 MB
[MobFMM] near-field construction: 0.708 ms
[MobFMM] near-field operator time: 11.121 ms
[MobFMM] overall Nearfield time: 11.955 ms
[MobFMM] near-field particles updates per sec: 4,182,347.84
[MobFMM] total GPU time: 21.894 ms
[MobFMM] total particles updates per sec: 2,283,678.87


[MobFMM] far-field FMM GPU time: 9.485 ms
Building spatial grid for neighbor search...
Positions shape: (50000,)
Counting neighbors per particle...
Total near-field pairs found: 1034974
Collecting neighbor edge indexes...
Warp::HashGrid took 0.69 ms
no of NN interactions: 1034974
[Mob_Nbody] Base velocity compute time: 3.233 ms
[Mob_Nbody] Post-base path time: 7.786 ms
[MobFMM] peak GPU memory: allocated 1029.78 MB, reserved 1578.00 MB
[MobFMM] near-field construction: 0.779 ms
[MobFMM] near-field operator time: 11.118 ms
[MobFMM] overall Nearfield time: 12.018 ms
[MobFMM] near-field particles updates per sec: 4,160,320.84
[MobFMM] total GPU time: 21.993 ms
[MobFMM] total particles updates per sec: 2,273,418.31


[MobFMM] far-field FMM GPU time: 9.582 ms
Building spatial grid for neighbor search...
Positions shape: (50000,)
Counting neighbors per particle...
Total near-field pairs found: 1034974
Collecting neighbor edge indexes...
Warp::HashGrid took 0.63 ms
no of NN interactions: 1034974
[Mob_Nbody] Base velocity compute time: 3.233 ms
[Mob_Nbody] Post-base path time: 7.773 ms
[MobFMM] peak GPU memory: allocated 1029.78 MB, reserved 1578.00 MB
[MobFMM] near-field construction: 0.716 ms
[MobFMM] near-field operator time: 11.105 ms
[MobFMM] overall Nearfield time: 11.943 ms
[MobFMM] near-field particles updates per sec: 4,186,437.85
[MobFMM] total GPU time: 22.010 ms
[MobFMM] total particles updates per sec: 2,271,709.62


[MobFMM] far-field FMM GPU time: 9.403 ms
Building spatial grid for neighbor search...
Positions shape: (50000,)
Counting neighbors per particle...
Total near-field pairs found: 1034974
Collecting neighbor edge indexes...
Warp::HashGrid took 0.62 ms
no of NN interactions: 1034974
[Mob_Nbody] Base velocity compute time: 3.218 ms
[Mob_Nbody] Post-base path time: 7.777 ms
[MobFMM] peak GPU memory: allocated 1029.78 MB, reserved 1578.00 MB
[MobFMM] near-field construction: 0.707 ms
[MobFMM] near-field operator time: 11.091 ms
[MobFMM] overall Nearfield time: 11.919 ms
[MobFMM] near-field particles updates per sec: 4,195,137.66
[MobFMM] total GPU time: 21.802 ms
[MobFMM] total particles updates per sec: 2,293,399.48


[MobFMM] far-field FMM GPU time: 9.441 ms
Building spatial grid for neighbor search...
Positions shape: (50000,)
Counting neighbors per particle...
Total near-field pairs found: 1034974
Collecting neighbor edge indexes...
Warp::HashGrid took 0.63 ms
no of NN interactions: 1034974
[Mob_Nbody] Base velocity compute time: 3.233 ms
[Mob_Nbody] Post-base path time: 7.801 ms
[MobFMM] peak GPU memory: allocated 1029.78 MB, reserved 1578.00 MB
[MobFMM] near-field construction: 0.713 ms
[MobFMM] near-field operator time: 11.131 ms
[MobFMM] overall Nearfield time: 11.969 ms
[MobFMM] near-field particles updates per sec: 4,177,606.27
[MobFMM] total GPU time: 21.896 ms
[MobFMM] total particles updates per sec: 2,283,488.70


[MobFMM] far-field FMM GPU time: 9.433 ms
Building spatial grid for neighbor search...
Positions shape: (50000,)
Counting neighbors per particle...
Total near-field pairs found: 1034974
Collecting neighbor edge indexes...
Warp::HashGrid took 0.62 ms
no of NN interactions: 1034974
[Mob_Nbody] Base velocity compute time: 3.228 ms
[Mob_Nbody] Post-base path time: 7.777 ms
[MobFMM] peak GPU memory: allocated 1029.78 MB, reserved 1578.00 MB
[MobFMM] near-field construction: 0.707 ms
[MobFMM] near-field operator time: 11.102 ms
[MobFMM] overall Nearfield time: 11.933 ms
[MobFMM] near-field particles updates per sec: 4,189,962.86
[MobFMM] total GPU time: 21.842 ms
[MobFMM] total particles updates per sec: 2,289,199.54


[MobFMM] far-field FMM GPU time: 9.474 ms
Building spatial grid for neighbor search...
Positions shape: (50000,)
Counting neighbors per particle...
Total near-field pairs found: 1034974
Collecting neighbor edge indexes...
Warp::HashGrid took 0.61 ms
no of NN interactions: 1034974
[Mob_Nbody] Base velocity compute time: 3.217 ms
[Mob_Nbody] Post-base path time: 7.775 ms
[MobFMM] peak GPU memory: allocated 1029.78 MB, reserved 1578.00 MB
[MobFMM] near-field construction: 0.702 ms
[MobFMM] near-field operator time: 11.087 ms
[MobFMM] overall Nearfield time: 11.915 ms
[MobFMM] near-field particles updates per sec: 4,196,467.03
[MobFMM] total GPU time: 21.860 ms
[MobFMM] total particles updates per sec: 2,287,262.69


[MobFMM] far-field FMM GPU time: 9.399 ms
Building spatial grid for neighbor search...
Positions shape: (50000,)
Counting neighbors per particle...
Total near-field pairs found: 1034974
Collecting neighbor edge indexes...
Warp::HashGrid took 0.61 ms
no of NN interactions: 1034974
[Mob_Nbody] Base velocity compute time: 3.235 ms
[Mob_Nbody] Post-base path time: 7.779 ms
[MobFMM] peak GPU memory: allocated 1029.78 MB, reserved 1578.00 MB
[MobFMM] near-field construction: 0.695 ms
[MobFMM] near-field operator time: 11.109 ms
[MobFMM] overall Nearfield time: 11.930 ms
[MobFMM] near-field particles updates per sec: 4,191,064.14
[MobFMM] total GPU time: 21.812 ms
[MobFMM] total particles updates per sec: 2,292,309.51


[MobFMM] far-field FMM GPU time: 9.422 ms
Building spatial grid for neighbor search...
Positions shape: (50000,)
Counting neighbors per particle...
Total near-field pairs found: 1034974
Collecting neighbor edge indexes...
Warp::HashGrid took 0.61 ms
no of NN interactions: 1034974
[Mob_Nbody] Base velocity compute time: 3.231 ms
[Mob_Nbody] Post-base path time: 7.763 ms
[MobFMM] peak GPU memory: allocated 1029.78 MB, reserved 1578.00 MB
[MobFMM] near-field construction: 0.697 ms
[MobFMM] near-field operator time: 11.091 ms
[MobFMM] overall Nearfield time: 11.910 ms
[MobFMM] near-field particles updates per sec: 4,198,214.72
[MobFMM] total GPU time: 21.825 ms
[MobFMM] total particles updates per sec: 2,290,954.87


[MobFMM] far-field FMM GPU time: 9.435 ms
Building spatial grid for neighbor search...
Positions shape: (50000,)
Counting neighbors per particle...
Total near-field pairs found: 1034974
Collecting neighbor edge indexes...
Warp::HashGrid took 0.61 ms
no of NN interactions: 1034974
[Mob_Nbody] Base velocity compute time: 3.238 ms
[Mob_Nbody] Post-base path time: 7.786 ms
[MobFMM] peak GPU memory: allocated 1029.78 MB, reserved 1578.00 MB
[MobFMM] near-field construction: 0.697 ms
[MobFMM] near-field operator time: 11.120 ms
[MobFMM] overall Nearfield time: 11.938 ms
[MobFMM] near-field particles updates per sec: 4,188,412.75
[MobFMM] total GPU time: 21.865 ms
[MobFMM] total particles updates per sec: 2,286,794.00


[MobFMM] far-field FMM GPU time: 9.462 ms
Building spatial grid for neighbor search...
Positions shape: (50000,)
Counting neighbors per particle...
Total near-field pairs found: 1034974
Collecting neighbor edge indexes...
Warp::HashGrid took 0.62 ms
no of NN interactions: 1034974
[Mob_Nbody] Base velocity compute time: 3.250 ms
[Mob_Nbody] Post-base path time: 7.801 ms
[MobFMM] peak GPU memory: allocated 1029.78 MB, reserved 1578.00 MB
[MobFMM] near-field construction: 0.701 ms
[MobFMM] near-field operator time: 11.149 ms
[MobFMM] overall Nearfield time: 11.975 ms
[MobFMM] near-field particles updates per sec: 4,175,529.82
[MobFMM] total GPU time: 21.918 ms
[MobFMM] total particles updates per sec: 2,281,205.10


[MobFMM] far-field FMM GPU time: 9.411 ms
Building spatial grid for neighbor search...
Positions shape: (50000,)
Counting neighbors per particle...
Total near-field pairs found: 1034974
Collecting neighbor edge indexes...
Warp::HashGrid took 0.68 ms
no of NN interactions: 1034974
[Mob_Nbody] Base velocity compute time: 3.246 ms
[Mob_Nbody] Post-base path time: 7.782 ms
[MobFMM] peak GPU memory: allocated 1029.78 MB, reserved 1578.00 MB
[MobFMM] near-field construction: 0.770 ms
[MobFMM] near-field operator time: 11.124 ms
[MobFMM] overall Nearfield time: 12.019 ms
[MobFMM] near-field particles updates per sec: 4,160,043.88
[MobFMM] total GPU time: 21.926 ms
[MobFMM] total particles updates per sec: 2,280,435.93


[MobFMM] far-field FMM GPU time: 9.433 ms
Building spatial grid for neighbor search...
Positions shape: (50000,)
Counting neighbors per particle...
Total near-field pairs found: 1034974
Collecting neighbor edge indexes...
Warp::HashGrid took 0.62 ms
no of NN interactions: 1034974
[Mob_Nbody] Base velocity compute time: 3.232 ms
[Mob_Nbody] Post-base path time: 7.772 ms
[MobFMM] peak GPU memory: allocated 1029.78 MB, reserved 1578.00 MB
[MobFMM] near-field construction: 0.711 ms
[MobFMM] near-field operator time: 11.103 ms
[MobFMM] overall Nearfield time: 11.935 ms
[MobFMM] near-field particles updates per sec: 4,189,311.35
[MobFMM] total GPU time: 21.848 ms
[MobFMM] total particles updates per sec: 2,288,492.09


[MobFMM] far-field FMM GPU time: 9.445 ms
Building spatial grid for neighbor search...
Positions shape: (50000,)
Counting neighbors per particle...
Total near-field pairs found: 1034974
Collecting neighbor edge indexes...
Warp::HashGrid took 0.62 ms
no of NN interactions: 1034974
[Mob_Nbody] Base velocity compute time: 3.227 ms
[Mob_Nbody] Post-base path time: 7.774 ms
[MobFMM] peak GPU memory: allocated 1029.78 MB, reserved 1578.00 MB
[MobFMM] near-field construction: 0.704 ms
[MobFMM] near-field operator time: 11.097 ms
[MobFMM] overall Nearfield time: 11.923 ms
[MobFMM] near-field particles updates per sec: 4,193,415.00
[MobFMM] total GPU time: 21.849 ms
[MobFMM] total particles updates per sec: 2,288,391.60


[MobFMM] far-field FMM GPU time: 9.413 ms
Building spatial grid for neighbor search...
Positions shape: (50000,)
Counting neighbors per particle...
Total near-field pairs found: 1034974
Collecting neighbor edge indexes...
Warp::HashGrid took 0.62 ms
no of NN interactions: 1034974
[Mob_Nbody] Base velocity compute time: 3.223 ms
[Mob_Nbody] Post-base path time: 7.790 ms
[MobFMM] peak GPU memory: allocated 1029.78 MB, reserved 1578.00 MB
[MobFMM] near-field construction: 0.702 ms
[MobFMM] near-field operator time: 11.108 ms
[MobFMM] overall Nearfield time: 11.932 ms
[MobFMM] near-field particles updates per sec: 4,190,580.75
[MobFMM] total GPU time: 21.825 ms
[MobFMM] total particles updates per sec: 2,290,961.68


[MobFMM] far-field FMM GPU time: 9.441 ms
Building spatial grid for neighbor search...
Positions shape: (50000,)
Counting neighbors per particle...
Total near-field pairs found: 1034974
Collecting neighbor edge indexes...
Warp::HashGrid took 0.62 ms
no of NN interactions: 1034974
[Mob_Nbody] Base velocity compute time: 3.227 ms
[Mob_Nbody] Post-base path time: 7.794 ms
[MobFMM] peak GPU memory: allocated 1029.78 MB, reserved 1578.00 MB
[MobFMM] near-field construction: 0.709 ms
[MobFMM] near-field operator time: 11.117 ms
[MobFMM] overall Nearfield time: 11.947 ms
[MobFMM] near-field particles updates per sec: 4,185,170.62
[MobFMM] total GPU time: 21.873 ms
[MobFMM] total particles updates per sec: 2,285,917.39


[MobFMM] far-field FMM GPU time: 9.414 ms
Building spatial grid for neighbor search...
Positions shape: (50000,)
Counting neighbors per particle...
Total near-field pairs found: 1034974
Collecting neighbor edge indexes...
Warp::HashGrid took 0.62 ms
no of NN interactions: 1034974
[Mob_Nbody] Base velocity compute time: 3.222 ms
[Mob_Nbody] Post-base path time: 7.789 ms
[MobFMM] peak GPU memory: allocated 1029.78 MB, reserved 1578.00 MB
[MobFMM] near-field construction: 0.706 ms
[MobFMM] near-field operator time: 11.108 ms
[MobFMM] overall Nearfield time: 11.936 ms
[MobFMM] near-field particles updates per sec: 4,188,951.86
[MobFMM] total GPU time: 21.834 ms
[MobFMM] total particles updates per sec: 2,289,971.24


[MobFMM] far-field FMM GPU time: 9.479 ms
Building spatial grid for neighbor search...
Positions shape: (50000,)
Counting neighbors per particle...
Total near-field pairs found: 1034974
Collecting neighbor edge indexes...
Warp::HashGrid took 0.61 ms
no of NN interactions: 1034974
[Mob_Nbody] Base velocity compute time: 3.228 ms
[Mob_Nbody] Post-base path time: 7.786 ms
[MobFMM] peak GPU memory: allocated 1029.78 MB, reserved 1578.00 MB
[MobFMM] near-field construction: 0.703 ms
[MobFMM] near-field operator time: 11.111 ms
[MobFMM] overall Nearfield time: 11.934 ms
[MobFMM] near-field particles updates per sec: 4,189,614.65
[MobFMM] total GPU time: 21.891 ms
[MobFMM] total particles updates per sec: 2,284,039.41


[MobFMM] far-field FMM GPU time: 9.436 ms
Building spatial grid for neighbor search...
Positions shape: (50000,)
Counting neighbors per particle...
Total near-field pairs found: 1034974
Collecting neighbor edge indexes...
Warp::HashGrid took 0.61 ms
no of NN interactions: 1034974
[Mob_Nbody] Base velocity compute time: 3.216 ms
[Mob_Nbody] Post-base path time: 7.780 ms
[MobFMM] peak GPU memory: allocated 1029.78 MB, reserved 1578.00 MB
[MobFMM] near-field construction: 0.704 ms
[MobFMM] near-field operator time: 11.093 ms
[MobFMM] overall Nearfield time: 11.919 ms
[MobFMM] near-field particles updates per sec: 4,194,923.51
[MobFMM] total GPU time: 21.832 ms
[MobFMM] total particles updates per sec: 2,290,175.90


[MobFMM] far-field FMM GPU time: 9.520 ms
Building spatial grid for neighbor search...
Positions shape: (50000,)
Counting neighbors per particle...
Total near-field pairs found: 1034974
Collecting neighbor edge indexes...
Warp::HashGrid took 0.61 ms
no of NN interactions: 1034974
[Mob_Nbody] Base velocity compute time: 3.227 ms
[Mob_Nbody] Post-base path time: 7.803 ms
[MobFMM] peak GPU memory: allocated 1029.78 MB, reserved 1578.00 MB
[MobFMM] near-field construction: 0.705 ms
[MobFMM] near-field operator time: 11.126 ms
[MobFMM] overall Nearfield time: 11.953 ms
[MobFMM] near-field particles updates per sec: 4,183,109.00
[MobFMM] total GPU time: 21.952 ms
[MobFMM] total particles updates per sec: 2,277,666.94


[MobFMM] far-field FMM GPU time: 9.422 ms
Building spatial grid for neighbor search...
Positions shape: (50000,)
Counting neighbors per particle...
Total near-field pairs found: 1034974
Collecting neighbor edge indexes...
Warp::HashGrid took 0.62 ms
no of NN interactions: 1034974
[Mob_Nbody] Base velocity compute time: 3.234 ms
[Mob_Nbody] Post-base path time: 7.789 ms
[MobFMM] peak GPU memory: allocated 1029.78 MB, reserved 1578.00 MB
[MobFMM] near-field construction: 0.700 ms
[MobFMM] near-field operator time: 11.122 ms
[MobFMM] overall Nearfield time: 11.949 ms
[MobFMM] near-field particles updates per sec: 4,184,520.59
[MobFMM] total GPU time: 21.841 ms
[MobFMM] total particles updates per sec: 2,289,316.89


[MobFMM] far-field FMM GPU time: 9.441 ms
Building spatial grid for neighbor search...
Positions shape: (50000,)
Counting neighbors per particle...
Total near-field pairs found: 1034974
Collecting neighbor edge indexes...
Warp::HashGrid took 0.68 ms
no of NN interactions: 1034974
[Mob_Nbody] Base velocity compute time: 3.231 ms
[Mob_Nbody] Post-base path time: 7.795 ms
[MobFMM] peak GPU memory: allocated 1029.78 MB, reserved 1578.00 MB
[MobFMM] near-field construction: 0.762 ms
[MobFMM] near-field operator time: 11.124 ms
[MobFMM] overall Nearfield time: 12.021 ms
[MobFMM] near-field particles updates per sec: 4,159,467.96
[MobFMM] total GPU time: 21.947 ms
[MobFMM] total particles updates per sec: 2,278,184.96


[MobFMM] far-field FMM GPU time: 9.425 ms
Building spatial grid for neighbor search...
Positions shape: (50000,)
Counting neighbors per particle...
Total near-field pairs found: 1034974
Collecting neighbor edge indexes...
Warp::HashGrid took 0.61 ms
no of NN interactions: 1034974
[Mob_Nbody] Base velocity compute time: 3.244 ms
[Mob_Nbody] Post-base path time: 7.786 ms
[MobFMM] peak GPU memory: allocated 1029.78 MB, reserved 1578.00 MB
[MobFMM] near-field construction: 0.700 ms
[MobFMM] near-field operator time: 11.127 ms
[MobFMM] overall Nearfield time: 11.951 ms
[MobFMM] near-field particles updates per sec: 4,183,859.41
[MobFMM] total GPU time: 21.850 ms
[MobFMM] total particles updates per sec: 2,288,287.53


[MobFMM] far-field FMM GPU time: 9.449 ms
Building spatial grid for neighbor search...
Positions shape: (50000,)
Counting neighbors per particle...
Total near-field pairs found: 1034974
Collecting neighbor edge indexes...
Warp::HashGrid took 0.61 ms
no of NN interactions: 1034974
[Mob_Nbody] Base velocity compute time: 3.230 ms
[Mob_Nbody] Post-base path time: 7.789 ms
[MobFMM] peak GPU memory: allocated 1029.78 MB, reserved 1578.00 MB
[MobFMM] near-field construction: 0.700 ms
[MobFMM] near-field operator time: 11.120 ms
[MobFMM] overall Nearfield time: 11.940 ms
[MobFMM] near-field particles updates per sec: 4,187,728.26
[MobFMM] total GPU time: 21.869 ms
[MobFMM] total particles updates per sec: 2,286,315.53


[MobFMM] far-field FMM GPU time: 9.833 ms
Building spatial grid for neighbor search...
Positions shape: (50000,)
Counting neighbors per particle...
Total near-field pairs found: 1034974
Collecting neighbor edge indexes...
Warp::HashGrid took 0.75 ms
no of NN interactions: 1034974
[Mob_Nbody] Base velocity compute time: 3.407 ms
[Mob_Nbody] Post-base path time: 7.923 ms
[MobFMM] peak GPU memory: allocated 1029.78 MB, reserved 1578.00 MB
[MobFMM] near-field construction: 0.880 ms
[MobFMM] near-field operator time: 11.447 ms
[MobFMM] overall Nearfield time: 12.492 ms
[MobFMM] near-field particles updates per sec: 4,002,530.90
[MobFMM] total GPU time: 22.910 ms
[MobFMM] total particles updates per sec: 2,182,485.07


[MobFMM] far-field FMM GPU time: 9.451 ms
Building spatial grid for neighbor search...
Positions shape: (50000,)
Counting neighbors per particle...
Total near-field pairs found: 1034974
Collecting neighbor edge indexes...
Warp::HashGrid took 0.61 ms
no of NN interactions: 1034974
[Mob_Nbody] Base velocity compute time: 3.241 ms
[Mob_Nbody] Post-base path time: 7.793 ms
[MobFMM] peak GPU memory: allocated 1029.78 MB, reserved 1578.00 MB
[MobFMM] near-field construction: 0.702 ms
[MobFMM] near-field operator time: 11.135 ms
[MobFMM] overall Nearfield time: 11.964 ms
[MobFMM] near-field particles updates per sec: 4,179,371.94
[MobFMM] total GPU time: 21.919 ms
[MobFMM] total particles updates per sec: 2,281,131.85


[MobFMM] far-field FMM GPU time: 9.435 ms
Building spatial grid for neighbor search...
Positions shape: (50000,)
Counting neighbors per particle...
Total near-field pairs found: 1034974
Collecting neighbor edge indexes...
Warp::HashGrid took 0.62 ms
no of NN interactions: 1034974
[Mob_Nbody] Base velocity compute time: 3.239 ms
[Mob_Nbody] Post-base path time: 7.793 ms
[MobFMM] peak GPU memory: allocated 1029.78 MB, reserved 1578.00 MB
[MobFMM] near-field construction: 0.713 ms
[MobFMM] near-field operator time: 11.130 ms
[MobFMM] overall Nearfield time: 11.975 ms
[MobFMM] near-field particles updates per sec: 4,175,328.97
[MobFMM] total GPU time: 21.893 ms
[MobFMM] total particles updates per sec: 2,283,799.04


[MobFMM] far-field FMM GPU time: 9.434 ms
Building spatial grid for neighbor search...
Positions shape: (50000,)
Counting neighbors per particle...
Total near-field pairs found: 1034974
Collecting neighbor edge indexes...
Warp::HashGrid took 0.64 ms
no of NN interactions: 1034974
[Mob_Nbody] Base velocity compute time: 3.227 ms
[Mob_Nbody] Post-base path time: 7.778 ms
[MobFMM] peak GPU memory: allocated 1029.78 MB, reserved 1578.00 MB
[MobFMM] near-field construction: 0.725 ms
[MobFMM] near-field operator time: 11.103 ms
[MobFMM] overall Nearfield time: 11.951 ms
[MobFMM] near-field particles updates per sec: 4,183,904.49
[MobFMM] total GPU time: 21.870 ms
[MobFMM] total particles updates per sec: 2,286,272.06


[MobFMM] far-field FMM GPU time: 9.577 ms
Building spatial grid for neighbor search...
Positions shape: (50000,)
Counting neighbors per particle...
Total near-field pairs found: 1034974
Collecting neighbor edge indexes...
Warp::HashGrid took 0.62 ms
no of NN interactions: 1034974
[Mob_Nbody] Base velocity compute time: 3.230 ms
[Mob_Nbody] Post-base path time: 7.780 ms
[MobFMM] peak GPU memory: allocated 1029.78 MB, reserved 1578.00 MB
[MobFMM] near-field construction: 0.707 ms
[MobFMM] near-field operator time: 11.106 ms
[MobFMM] overall Nearfield time: 11.939 ms
[MobFMM] near-field particles updates per sec: 4,187,784.12
[MobFMM] total GPU time: 22.008 ms
[MobFMM] total particles updates per sec: 2,271,881.30


[MobFMM] far-field FMM GPU time: 9.405 ms
Building spatial grid for neighbor search...
Positions shape: (50000,)
Counting neighbors per particle...
Total near-field pairs found: 1034974
Collecting neighbor edge indexes...
Warp::HashGrid took 0.62 ms
no of NN interactions: 1034974
[Mob_Nbody] Base velocity compute time: 3.232 ms
[Mob_Nbody] Post-base path time: 7.782 ms
[MobFMM] peak GPU memory: allocated 1029.78 MB, reserved 1578.00 MB
[MobFMM] near-field construction: 0.708 ms
[MobFMM] near-field operator time: 11.112 ms
[MobFMM] overall Nearfield time: 11.944 ms
[MobFMM] near-field particles updates per sec: 4,186,325.53
[MobFMM] total GPU time: 21.826 ms
[MobFMM] total particles updates per sec: 2,290,800.51


[MobFMM] far-field FMM GPU time: 9.434 ms
Building spatial grid for neighbor search...
Positions shape: (50000,)
Counting neighbors per particle...
Total near-field pairs found: 1034974
Collecting neighbor edge indexes...
Warp::HashGrid took 0.63 ms
no of NN interactions: 1034974
[Mob_Nbody] Base velocity compute time: 3.232 ms
[Mob_Nbody] Post-base path time: 7.801 ms
[MobFMM] peak GPU memory: allocated 1029.78 MB, reserved 1578.00 MB
[MobFMM] near-field construction: 0.720 ms
[MobFMM] near-field operator time: 11.133 ms
[MobFMM] overall Nearfield time: 11.975 ms
[MobFMM] near-field particles updates per sec: 4,175,317.99
[MobFMM] total GPU time: 21.896 ms
[MobFMM] total particles updates per sec: 2,283,572.24


[MobFMM] far-field FMM GPU time: 9.450 ms
Building spatial grid for neighbor search...
Positions shape: (50000,)
Counting neighbors per particle...
Total near-field pairs found: 1034974
Collecting neighbor edge indexes...
Warp::HashGrid took 0.70 ms
no of NN interactions: 1034974
[Mob_Nbody] Base velocity compute time: 3.238 ms
[Mob_Nbody] Post-base path time: 7.787 ms
[MobFMM] peak GPU memory: allocated 1029.78 MB, reserved 1578.00 MB
[MobFMM] near-field construction: 0.794 ms
[MobFMM] near-field operator time: 11.125 ms
[MobFMM] overall Nearfield time: 12.045 ms
[MobFMM] near-field particles updates per sec: 4,151,135.84
[MobFMM] total GPU time: 21.988 ms
[MobFMM] total particles updates per sec: 2,273,977.59


[MobFMM] far-field FMM GPU time: 9.476 ms
Building spatial grid for neighbor search...
Positions shape: (50000,)
Counting neighbors per particle...
Total near-field pairs found: 1034974
Collecting neighbor edge indexes...
Warp::HashGrid took 0.64 ms
no of NN interactions: 1034974
[Mob_Nbody] Base velocity compute time: 3.229 ms
[Mob_Nbody] Post-base path time: 7.789 ms
[MobFMM] peak GPU memory: allocated 1029.78 MB, reserved 1578.00 MB
[MobFMM] near-field construction: 0.727 ms
[MobFMM] near-field operator time: 11.118 ms
[MobFMM] overall Nearfield time: 11.968 ms
[MobFMM] near-field particles updates per sec: 4,177,863.27
[MobFMM] total GPU time: 21.926 ms
[MobFMM] total particles updates per sec: 2,280,422.63


[MobFMM] far-field FMM GPU time: 9.414 ms
Building spatial grid for neighbor search...
Positions shape: (50000,)
Counting neighbors per particle...
Total near-field pairs found: 1034974
Collecting neighbor edge indexes...
Warp::HashGrid took 0.62 ms
no of NN interactions: 1034974
[Mob_Nbody] Base velocity compute time: 3.226 ms
[Mob_Nbody] Post-base path time: 7.788 ms
[MobFMM] peak GPU memory: allocated 1029.78 MB, reserved 1578.00 MB
[MobFMM] near-field construction: 0.711 ms
[MobFMM] near-field operator time: 11.113 ms
[MobFMM] overall Nearfield time: 11.946 ms
[MobFMM] near-field particles updates per sec: 4,185,641.73
[MobFMM] total GPU time: 21.834 ms
[MobFMM] total particles updates per sec: 2,290,048.46


[MobFMM] far-field FMM GPU time: 9.516 ms
Building spatial grid for neighbor search...
Positions shape: (50000,)
Counting neighbors per particle...
Total near-field pairs found: 1034974
Collecting neighbor edge indexes...
Warp::HashGrid took 0.63 ms
no of NN interactions: 1034974
[Mob_Nbody] Base velocity compute time: 3.225 ms
[Mob_Nbody] Post-base path time: 7.774 ms
[MobFMM] peak GPU memory: allocated 1029.78 MB, reserved 1578.00 MB
[MobFMM] near-field construction: 0.711 ms
[MobFMM] near-field operator time: 11.094 ms
[MobFMM] overall Nearfield time: 11.927 ms
[MobFMM] near-field particles updates per sec: 4,192,222.31
[MobFMM] total GPU time: 21.918 ms
[MobFMM] total particles updates per sec: 2,281,248.38


[MobFMM] far-field FMM GPU time: 9.441 ms
Building spatial grid for neighbor search...
Positions shape: (50000,)
Counting neighbors per particle...
Total near-field pairs found: 1034974
Collecting neighbor edge indexes...
Warp::HashGrid took 0.62 ms
no of NN interactions: 1034974
[Mob_Nbody] Base velocity compute time: 3.219 ms
[Mob_Nbody] Post-base path time: 7.809 ms
[MobFMM] peak GPU memory: allocated 1029.78 MB, reserved 1578.00 MB
[MobFMM] near-field construction: 0.708 ms
[MobFMM] near-field operator time: 11.126 ms
[MobFMM] overall Nearfield time: 11.959 ms
[MobFMM] near-field particles updates per sec: 4,181,049.40
[MobFMM] total GPU time: 21.879 ms
[MobFMM] total particles updates per sec: 2,285,275.51


[MobFMM] far-field FMM GPU time: 9.618 ms
Building spatial grid for neighbor search...
Positions shape: (50000,)
Counting neighbors per particle...
Total near-field pairs found: 1034974
Collecting neighbor edge indexes...
Warp::HashGrid took 0.63 ms
no of NN interactions: 1034974
[Mob_Nbody] Base velocity compute time: 3.234 ms
[Mob_Nbody] Post-base path time: 7.800 ms
[MobFMM] peak GPU memory: allocated 1029.78 MB, reserved 1578.00 MB
[MobFMM] near-field construction: 0.713 ms
[MobFMM] near-field operator time: 11.134 ms
[MobFMM] overall Nearfield time: 11.969 ms
[MobFMM] near-field particles updates per sec: 4,177,617.59
[MobFMM] total GPU time: 22.075 ms
[MobFMM] total particles updates per sec: 2,265,021.24


[MobFMM] far-field FMM GPU time: 9.555 ms
Building spatial grid for neighbor search...
Positions shape: (50000,)
Counting neighbors per particle...
Total near-field pairs found: 1034974
Collecting neighbor edge indexes...
Warp::HashGrid took 0.63 ms
no of NN interactions: 1034974
[Mob_Nbody] Base velocity compute time: 3.230 ms
[Mob_Nbody] Post-base path time: 7.787 ms
[MobFMM] peak GPU memory: allocated 1029.78 MB, reserved 1578.00 MB
[MobFMM] near-field construction: 0.712 ms
[MobFMM] near-field operator time: 11.112 ms
[MobFMM] overall Nearfield time: 11.950 ms
[MobFMM] near-field particles updates per sec: 4,184,195.65
[MobFMM] total GPU time: 21.984 ms
[MobFMM] total particles updates per sec: 2,274,364.87


[MobFMM] far-field FMM GPU time: 9.512 ms
Building spatial grid for neighbor search...
Positions shape: (50000,)
Counting neighbors per particle...
Total near-field pairs found: 1034974
Collecting neighbor edge indexes...
Warp::HashGrid took 0.62 ms
no of NN interactions: 1034974
[Mob_Nbody] Base velocity compute time: 3.230 ms
[Mob_Nbody] Post-base path time: 7.770 ms
[MobFMM] peak GPU memory: allocated 1029.78 MB, reserved 1578.00 MB
[MobFMM] near-field construction: 0.707 ms
[MobFMM] near-field operator time: 11.097 ms
[MobFMM] overall Nearfield time: 11.928 ms
[MobFMM] near-field particles updates per sec: 4,191,806.35
[MobFMM] total GPU time: 21.927 ms
[MobFMM] total particles updates per sec: 2,280,312.74


[MobFMM] far-field FMM GPU time: 9.428 ms
Building spatial grid for neighbor search...
Positions shape: (50000,)
Counting neighbors per particle...
Total near-field pairs found: 1034974
Collecting neighbor edge indexes...
Warp::HashGrid took 0.63 ms
no of NN interactions: 1034974
[Mob_Nbody] Base velocity compute time: 3.231 ms
[Mob_Nbody] Post-base path time: 7.773 ms
[MobFMM] peak GPU memory: allocated 1029.78 MB, reserved 1578.00 MB
[MobFMM] near-field construction: 0.716 ms
[MobFMM] near-field operator time: 11.105 ms
[MobFMM] overall Nearfield time: 11.945 ms
[MobFMM] near-field particles updates per sec: 4,186,000.31
[MobFMM] total GPU time: 21.846 ms
[MobFMM] total particles updates per sec: 2,288,770.22


[MobFMM] far-field FMM GPU time: 9.459 ms
Building spatial grid for neighbor search...
Positions shape: (50000,)
Counting neighbors per particle...
Total near-field pairs found: 1034974
Collecting neighbor edge indexes...
Warp::HashGrid took 0.61 ms
no of NN interactions: 1034974
[Mob_Nbody] Base velocity compute time: 3.229 ms
[Mob_Nbody] Post-base path time: 7.779 ms
[MobFMM] peak GPU memory: allocated 1029.78 MB, reserved 1578.00 MB
[MobFMM] near-field construction: 0.699 ms
[MobFMM] near-field operator time: 11.108 ms
[MobFMM] overall Nearfield time: 11.935 ms
[MobFMM] near-field particles updates per sec: 4,189,311.35
[MobFMM] total GPU time: 21.860 ms
[MobFMM] total particles updates per sec: 2,287,279.45


[MobFMM] far-field FMM GPU time: 9.508 ms
Building spatial grid for neighbor search...
Positions shape: (50000,)
Counting neighbors per particle...
Total near-field pairs found: 1034974
Collecting neighbor edge indexes...
Warp::HashGrid took 0.68 ms
no of NN interactions: 1034974
[Mob_Nbody] Base velocity compute time: 3.237 ms
[Mob_Nbody] Post-base path time: 7.774 ms
[MobFMM] peak GPU memory: allocated 1029.78 MB, reserved 1578.00 MB
[MobFMM] near-field construction: 0.773 ms
[MobFMM] near-field operator time: 11.111 ms
[MobFMM] overall Nearfield time: 12.006 ms
[MobFMM] near-field particles updates per sec: 4,164,578.90
[MobFMM] total GPU time: 21.995 ms
[MobFMM] total particles updates per sec: 2,273,206.77


[MobFMM] far-field FMM GPU time: 9.464 ms
Building spatial grid for neighbor search...
Positions shape: (50000,)
Counting neighbors per particle...
Total near-field pairs found: 1034974
Collecting neighbor edge indexes...
Warp::HashGrid took 0.63 ms
no of NN interactions: 1034974
[Mob_Nbody] Base velocity compute time: 3.214 ms
[Mob_Nbody] Post-base path time: 7.791 ms
[MobFMM] peak GPU memory: allocated 1029.78 MB, reserved 1578.00 MB
[MobFMM] near-field construction: 0.714 ms
[MobFMM] near-field operator time: 11.101 ms
[MobFMM] overall Nearfield time: 11.938 ms
[MobFMM] near-field particles updates per sec: 4,188,143.41
[MobFMM] total GPU time: 21.873 ms
[MobFMM] total particles updates per sec: 2,285,927.55


[MobFMM] far-field FMM GPU time: 9.400 ms
Building spatial grid for neighbor search...
Positions shape: (50000,)
Counting neighbors per particle...
Total near-field pairs found: 1034974
Collecting neighbor edge indexes...
Warp::HashGrid took 0.62 ms
no of NN interactions: 1034974
[Mob_Nbody] Base velocity compute time: 3.224 ms
[Mob_Nbody] Post-base path time: 7.785 ms
[MobFMM] peak GPU memory: allocated 1029.78 MB, reserved 1578.00 MB
[MobFMM] near-field construction: 0.705 ms
[MobFMM] near-field operator time: 11.106 ms
[MobFMM] overall Nearfield time: 11.931 ms
[MobFMM] near-field particles updates per sec: 4,190,603.53
[MobFMM] total GPU time: 21.810 ms
[MobFMM] total particles updates per sec: 2,292,571.73


[MobFMM] far-field FMM GPU time: 9.628 ms
Building spatial grid for neighbor search...
Positions shape: (50000,)
Counting neighbors per particle...
Total near-field pairs found: 1034974
Collecting neighbor edge indexes...
Warp::HashGrid took 0.63 ms
no of NN interactions: 1034974
[Mob_Nbody] Base velocity compute time: 3.221 ms
[Mob_Nbody] Post-base path time: 7.791 ms
[MobFMM] peak GPU memory: allocated 1029.78 MB, reserved 1578.00 MB
[MobFMM] near-field construction: 0.714 ms
[MobFMM] near-field operator time: 11.109 ms
[MobFMM] overall Nearfield time: 11.945 ms
[MobFMM] near-field particles updates per sec: 4,185,865.96
[MobFMM] total GPU time: 22.048 ms
[MobFMM] total particles updates per sec: 2,267,762.88


[MobFMM] far-field FMM GPU time: 9.446 ms
Building spatial grid for neighbor search...
Positions shape: (50000,)
Counting neighbors per particle...
Total near-field pairs found: 1034974
Collecting neighbor edge indexes...
Warp::HashGrid took 0.63 ms
no of NN interactions: 1034974
[Mob_Nbody] Base velocity compute time: 3.221 ms
[Mob_Nbody] Post-base path time: 7.801 ms
[MobFMM] peak GPU memory: allocated 1029.78 MB, reserved 1578.00 MB
[MobFMM] near-field construction: 0.709 ms
[MobFMM] near-field operator time: 11.118 ms
[MobFMM] overall Nearfield time: 11.949 ms
[MobFMM] near-field particles updates per sec: 4,184,296.50
[MobFMM] total GPU time: 21.868 ms
[MobFMM] total particles updates per sec: 2,286,422.61


[MobFMM] far-field FMM GPU time: 9.439 ms
Building spatial grid for neighbor search...
Positions shape: (50000,)
Counting neighbors per particle...
Total near-field pairs found: 1034974
Collecting neighbor edge indexes...
Warp::HashGrid took 0.62 ms
no of NN interactions: 1034974
[Mob_Nbody] Base velocity compute time: 3.220 ms
[Mob_Nbody] Post-base path time: 7.784 ms
[MobFMM] peak GPU memory: allocated 1029.78 MB, reserved 1578.00 MB
[MobFMM] near-field construction: 0.709 ms
[MobFMM] near-field operator time: 11.100 ms
[MobFMM] overall Nearfield time: 11.932 ms
[MobFMM] near-field particles updates per sec: 4,190,333.58
[MobFMM] total GPU time: 21.842 ms
[MobFMM] total particles updates per sec: 2,289,125.78


[MobFMM] far-field FMM GPU time: 9.421 ms
Building spatial grid for neighbor search...
Positions shape: (50000,)
Counting neighbors per particle...
Total near-field pairs found: 1034974
Collecting neighbor edge indexes...
Warp::HashGrid took 0.61 ms
no of NN interactions: 1034974
[Mob_Nbody] Base velocity compute time: 3.227 ms
[Mob_Nbody] Post-base path time: 7.780 ms
[MobFMM] peak GPU memory: allocated 1029.78 MB, reserved 1578.00 MB
[MobFMM] near-field construction: 0.707 ms
[MobFMM] near-field operator time: 11.105 ms
[MobFMM] overall Nearfield time: 11.936 ms
[MobFMM] near-field particles updates per sec: 4,188,940.82
[MobFMM] total GPU time: 21.834 ms
[MobFMM] total particles updates per sec: 2,290,041.66


[MobFMM] far-field FMM GPU time: 10.518 ms
Building spatial grid for neighbor search...
Positions shape: (50000,)
Counting neighbors per particle...
Total near-field pairs found: 1034974
Collecting neighbor edge indexes...
Warp::HashGrid took 0.61 ms
no of NN interactions: 1034974
[Mob_Nbody] Base velocity compute time: 3.222 ms
[Mob_Nbody] Post-base path time: 7.788 ms
[MobFMM] peak GPU memory: allocated 1029.78 MB, reserved 1578.00 MB
[MobFMM] near-field construction: 0.703 ms
[MobFMM] near-field operator time: 11.108 ms
[MobFMM] overall Nearfield time: 11.933 ms
[MobFMM] near-field particles updates per sec: 4,190,097.81
[MobFMM] total GPU time: 22.935 ms
[MobFMM] total particles updates per sec: 2,180,052.05


[MobFMM] far-field FMM GPU time: 9.397 ms
Building spatial grid for neighbor search...
Positions shape: (50000,)
Counting neighbors per particle...
Total near-field pairs found: 1034974
Collecting neighbor edge indexes...
Warp::HashGrid took 0.60 ms
no of NN interactions: 1034974
[Mob_Nbody] Base velocity compute time: 3.230 ms
[Mob_Nbody] Post-base path time: 7.771 ms
[MobFMM] peak GPU memory: allocated 1029.78 MB, reserved 1578.00 MB
[MobFMM] near-field construction: 0.686 ms
[MobFMM] near-field operator time: 11.096 ms
[MobFMM] overall Nearfield time: 11.908 ms
[MobFMM] near-field particles updates per sec: 4,198,948.04
[MobFMM] total GPU time: 21.778 ms
[MobFMM] total particles updates per sec: 2,295,862.98


[MobFMM] far-field FMM GPU time: 9.423 ms
Building spatial grid for neighbor search...
Positions shape: (50000,)
Counting neighbors per particle...
Total near-field pairs found: 1034974
Collecting neighbor edge indexes...
Warp::HashGrid took 0.61 ms
no of NN interactions: 1034974
[Mob_Nbody] Base velocity compute time: 3.236 ms
[Mob_Nbody] Post-base path time: 7.782 ms
[MobFMM] peak GPU memory: allocated 1029.78 MB, reserved 1578.00 MB
[MobFMM] near-field construction: 0.698 ms
[MobFMM] near-field operator time: 11.117 ms
[MobFMM] overall Nearfield time: 11.936 ms
[MobFMM] near-field particles updates per sec: 4,189,052.94
[MobFMM] total GPU time: 22.302 ms
[MobFMM] total particles updates per sec: 2,241,949.86


[MobFMM] far-field FMM GPU time: 9.414 ms
Building spatial grid for neighbor search...
Positions shape: (50000,)
Counting neighbors per particle...
Total near-field pairs found: 1034974
Collecting neighbor edge indexes...
Warp::HashGrid took 0.68 ms
no of NN interactions: 1034974
[Mob_Nbody] Base velocity compute time: 3.220 ms
[Mob_Nbody] Post-base path time: 7.780 ms
[MobFMM] peak GPU memory: allocated 1029.78 MB, reserved 1578.00 MB
[MobFMM] near-field construction: 0.775 ms
[MobFMM] near-field operator time: 11.098 ms
[MobFMM] overall Nearfield time: 12.000 ms
[MobFMM] near-field particles updates per sec: 4,166,822.31
[MobFMM] total GPU time: 21.897 ms
[MobFMM] total particles updates per sec: 2,283,432.01


[MobFMM] far-field FMM GPU time: 9.415 ms
Building spatial grid for neighbor search...
Positions shape: (50000,)
Counting neighbors per particle...
Total near-field pairs found: 1034974
Collecting neighbor edge indexes...
Warp::HashGrid took 0.61 ms
no of NN interactions: 1034974
[Mob_Nbody] Base velocity compute time: 3.221 ms
[Mob_Nbody] Post-base path time: 7.790 ms
[MobFMM] peak GPU memory: allocated 1029.78 MB, reserved 1578.00 MB
[MobFMM] near-field construction: 0.704 ms
[MobFMM] near-field operator time: 11.110 ms
[MobFMM] overall Nearfield time: 11.938 ms
[MobFMM] near-field particles updates per sec: 4,188,143.41
[MobFMM] total GPU time: 21.828 ms
[MobFMM] total particles updates per sec: 2,290,619.16


[MobFMM] far-field FMM GPU time: 9.425 ms
Building spatial grid for neighbor search...
Positions shape: (50000,)
Counting neighbors per particle...
Total near-field pairs found: 1034974
Collecting neighbor edge indexes...
Warp::HashGrid took 0.61 ms
no of NN interactions: 1034974
[Mob_Nbody] Base velocity compute time: 3.227 ms
[Mob_Nbody] Post-base path time: 7.783 ms
[MobFMM] peak GPU memory: allocated 1029.78 MB, reserved 1578.00 MB
[MobFMM] near-field construction: 0.705 ms
[MobFMM] near-field operator time: 11.106 ms
[MobFMM] overall Nearfield time: 11.934 ms
[MobFMM] near-field particles updates per sec: 4,189,738.19
[MobFMM] total GPU time: 21.829 ms
[MobFMM] total particles updates per sec: 2,290,548.51


[MobFMM] far-field FMM GPU time: 9.434 ms
Building spatial grid for neighbor search...
Positions shape: (50000,)
Counting neighbors per particle...
Total near-field pairs found: 1034974
Collecting neighbor edge indexes...
Warp::HashGrid took 0.61 ms
no of NN interactions: 1034974
[Mob_Nbody] Base velocity compute time: 3.239 ms
[Mob_Nbody] Post-base path time: 7.782 ms
[MobFMM] peak GPU memory: allocated 1029.78 MB, reserved 1578.00 MB
[MobFMM] near-field construction: 0.697 ms
[MobFMM] near-field operator time: 11.127 ms
[MobFMM] overall Nearfield time: 11.943 ms
[MobFMM] near-field particles updates per sec: 4,186,650.80
[MobFMM] total GPU time: 21.852 ms
[MobFMM] total particles updates per sec: 2,288,126.75


[MobFMM] far-field FMM GPU time: 9.451 ms
Building spatial grid for neighbor search...
Positions shape: (50000,)
Counting neighbors per particle...
Total near-field pairs found: 1034974
Collecting neighbor edge indexes...
Warp::HashGrid took 0.61 ms
no of NN interactions: 1034974
[Mob_Nbody] Base velocity compute time: 3.233 ms
[Mob_Nbody] Post-base path time: 7.795 ms
[MobFMM] peak GPU memory: allocated 1029.78 MB, reserved 1578.00 MB
[MobFMM] near-field construction: 0.689 ms
[MobFMM] near-field operator time: 11.125 ms
[MobFMM] overall Nearfield time: 11.932 ms
[MobFMM] near-field particles updates per sec: 4,190,300.08
[MobFMM] total GPU time: 21.864 ms
[MobFMM] total particles updates per sec: 2,286,904.32


[MobFMM] far-field FMM GPU time: 9.465 ms
Building spatial grid for neighbor search...
Positions shape: (50000,)
Counting neighbors per particle...
Total near-field pairs found: 1034974
Collecting neighbor edge indexes...
Warp::HashGrid took 0.61 ms
no of NN interactions: 1034974
[Mob_Nbody] Base velocity compute time: 3.227 ms
[Mob_Nbody] Post-base path time: 7.787 ms
[MobFMM] peak GPU memory: allocated 1029.78 MB, reserved 1578.00 MB
[MobFMM] near-field construction: 0.692 ms
[MobFMM] near-field operator time: 11.110 ms
[MobFMM] overall Nearfield time: 11.921 ms
[MobFMM] near-field particles updates per sec: 4,194,236.89
[MobFMM] total GPU time: 21.872 ms
[MobFMM] total particles updates per sec: 2,286,071.29


[MobFMM] far-field FMM GPU time: 9.396 ms
Building spatial grid for neighbor search...
Positions shape: (50000,)
Counting neighbors per particle...
Total near-field pairs found: 1034974
Collecting neighbor edge indexes...
Warp::HashGrid took 0.62 ms
no of NN interactions: 1034974
[Mob_Nbody] Base velocity compute time: 3.230 ms
[Mob_Nbody] Post-base path time: 7.792 ms
[MobFMM] peak GPU memory: allocated 1029.78 MB, reserved 1578.00 MB
[MobFMM] near-field construction: 0.701 ms
[MobFMM] near-field operator time: 11.122 ms
[MobFMM] overall Nearfield time: 11.951 ms
[MobFMM] near-field particles updates per sec: 4,183,680.46
[MobFMM] total GPU time: 21.825 ms
[MobFMM] total particles updates per sec: 2,290,985.10


[MobFMM] far-field FMM GPU time: 9.481 ms
Building spatial grid for neighbor search...
Positions shape: (50000,)
Counting neighbors per particle...
Total near-field pairs found: 1034974
Collecting neighbor edge indexes...
Warp::HashGrid took 0.62 ms
no of NN interactions: 1034974
[Mob_Nbody] Base velocity compute time: 3.227 ms
[Mob_Nbody] Post-base path time: 7.792 ms
[MobFMM] peak GPU memory: allocated 1029.78 MB, reserved 1578.00 MB
[MobFMM] near-field construction: 0.703 ms
[MobFMM] near-field operator time: 11.116 ms
[MobFMM] overall Nearfield time: 11.941 ms
[MobFMM] near-field particles updates per sec: 4,187,346.64
[MobFMM] total GPU time: 21.903 ms
[MobFMM] total particles updates per sec: 2,282,824.93


[MobFMM] far-field FMM GPU time: 9.549 ms
Building spatial grid for neighbor search...
Positions shape: (50000,)
Counting neighbors per particle...
Total near-field pairs found: 1034974
Collecting neighbor edge indexes...
Warp::HashGrid took 0.62 ms
no of NN interactions: 1034974
[Mob_Nbody] Base velocity compute time: 3.239 ms
[Mob_Nbody] Post-base path time: 7.789 ms
[MobFMM] peak GPU memory: allocated 1029.78 MB, reserved 1578.00 MB
[MobFMM] near-field construction: 0.711 ms
[MobFMM] near-field operator time: 11.128 ms
[MobFMM] overall Nearfield time: 11.959 ms
[MobFMM] near-field particles updates per sec: 4,180,915.37
[MobFMM] total GPU time: 22.000 ms
[MobFMM] total particles updates per sec: 2,272,740.47


[MobFMM] far-field FMM GPU time: 9.495 ms
Building spatial grid for neighbor search...
Positions shape: (50000,)
Counting neighbors per particle...
Total near-field pairs found: 1034974
Collecting neighbor edge indexes...
Warp::HashGrid took 0.62 ms
no of NN interactions: 1034974
[Mob_Nbody] Base velocity compute time: 3.226 ms
[Mob_Nbody] Post-base path time: 7.781 ms
[MobFMM] peak GPU memory: allocated 1029.78 MB, reserved 1578.00 MB
[MobFMM] near-field construction: 0.710 ms
[MobFMM] near-field operator time: 11.103 ms
[MobFMM] overall Nearfield time: 11.936 ms
[MobFMM] near-field particles updates per sec: 4,189,030.51
[MobFMM] total GPU time: 22.397 ms
[MobFMM] total particles updates per sec: 2,232,487.35


[MobFMM] far-field FMM GPU time: 9.438 ms
Building spatial grid for neighbor search...
Positions shape: (50000,)
Counting neighbors per particle...
Total near-field pairs found: 1034974
Collecting neighbor edge indexes...
Warp::HashGrid took 0.68 ms
no of NN interactions: 1034974
[Mob_Nbody] Base velocity compute time: 3.227 ms
[Mob_Nbody] Post-base path time: 7.782 ms
[MobFMM] peak GPU memory: allocated 1029.78 MB, reserved 1578.00 MB
[MobFMM] near-field construction: 0.777 ms
[MobFMM] near-field operator time: 11.107 ms
[MobFMM] overall Nearfield time: 12.010 ms
[MobFMM] near-field particles updates per sec: 4,163,369.17
[MobFMM] total GPU time: 21.926 ms
[MobFMM] total particles updates per sec: 2,280,446.04


[MobFMM] far-field FMM GPU time: 9.441 ms
Building spatial grid for neighbor search...
Positions shape: (50000,)
Counting neighbors per particle...
Total near-field pairs found: 1034974
Collecting neighbor edge indexes...
Warp::HashGrid took 0.61 ms
no of NN interactions: 1034974
[Mob_Nbody] Base velocity compute time: 3.228 ms
[Mob_Nbody] Post-base path time: 7.792 ms
[MobFMM] peak GPU memory: allocated 1029.78 MB, reserved 1578.00 MB
[MobFMM] near-field construction: 0.707 ms
[MobFMM] near-field operator time: 11.116 ms
[MobFMM] overall Nearfield time: 11.946 ms
[MobFMM] near-field particles updates per sec: 4,185,641.73
[MobFMM] total GPU time: 21.863 ms
[MobFMM] total particles updates per sec: 2,286,951.20


[MobFMM] far-field FMM GPU time: 9.432 ms
Building spatial grid for neighbor search...
Positions shape: (50000,)
Counting neighbors per particle...
Total near-field pairs found: 1034974
Collecting neighbor edge indexes...
Warp::HashGrid took 0.61 ms
no of NN interactions: 1034974
[Mob_Nbody] Base velocity compute time: 3.226 ms
[Mob_Nbody] Post-base path time: 7.768 ms
[MobFMM] peak GPU memory: allocated 1029.78 MB, reserved 1578.00 MB
[MobFMM] near-field construction: 0.697 ms
[MobFMM] near-field operator time: 11.089 ms
[MobFMM] overall Nearfield time: 11.913 ms
[MobFMM] near-field particles updates per sec: 4,197,109.68
[MobFMM] total GPU time: 21.820 ms
[MobFMM] total particles updates per sec: 2,291,465.73


[MobFMM] far-field FMM GPU time: 9.455 ms
Building spatial grid for neighbor search...
Positions shape: (50000,)
Counting neighbors per particle...
Total near-field pairs found: 1034974
Collecting neighbor edge indexes...
Warp::HashGrid took 0.62 ms
no of NN interactions: 1034974
[Mob_Nbody] Base velocity compute time: 3.238 ms
[Mob_Nbody] Post-base path time: 7.771 ms
[MobFMM] peak GPU memory: allocated 1029.78 MB, reserved 1578.00 MB
[MobFMM] near-field construction: 0.702 ms
[MobFMM] near-field operator time: 11.109 ms
[MobFMM] overall Nearfield time: 11.933 ms
[MobFMM] near-field particles updates per sec: 4,189,917.99
[MobFMM] total GPU time: 21.876 ms
[MobFMM] total particles updates per sec: 2,285,593.12


[MobFMM] far-field FMM GPU time: 9.403 ms
Building spatial grid for neighbor search...
Positions shape: (50000,)
Counting neighbors per particle...
Total near-field pairs found: 1034974
Collecting neighbor edge indexes...
Warp::HashGrid took 0.61 ms
no of NN interactions: 1034974
[Mob_Nbody] Base velocity compute time: 3.238 ms
[Mob_Nbody] Post-base path time: 7.790 ms
[MobFMM] peak GPU memory: allocated 1029.78 MB, reserved 1578.00 MB
[MobFMM] near-field construction: 0.698 ms
[MobFMM] near-field operator time: 11.124 ms
[MobFMM] overall Nearfield time: 11.948 ms
[MobFMM] near-field particles updates per sec: 4,184,812.18
[MobFMM] total GPU time: 21.830 ms
[MobFMM] total particles updates per sec: 2,290,387.40


[MobFMM] far-field FMM GPU time: 9.769 ms
Building spatial grid for neighbor search...
Positions shape: (50000,)
Counting neighbors per particle...
Total near-field pairs found: 1034974
Collecting neighbor edge indexes...
Warp::HashGrid took 0.65 ms
no of NN interactions: 1034974
[Mob_Nbody] Base velocity compute time: 3.371 ms
[Mob_Nbody] Post-base path time: 7.863 ms
[MobFMM] peak GPU memory: allocated 1029.78 MB, reserved 1578.00 MB
[MobFMM] near-field construction: 0.741 ms
[MobFMM] near-field operator time: 11.331 ms
[MobFMM] overall Nearfield time: 12.206 ms
[MobFMM] near-field particles updates per sec: 4,096,190.41
[MobFMM] total GPU time: 22.463 ms
[MobFMM] total particles updates per sec: 2,225,907.20


[MobFMM] far-field FMM GPU time: 9.480 ms
Building spatial grid for neighbor search...
Positions shape: (50000,)
Counting neighbors per particle...
Total near-field pairs found: 1034974
Collecting neighbor edge indexes...
Warp::HashGrid took 0.62 ms
no of NN interactions: 1034974
[Mob_Nbody] Base velocity compute time: 3.231 ms
[Mob_Nbody] Post-base path time: 7.777 ms
[MobFMM] peak GPU memory: allocated 1029.78 MB, reserved 1578.00 MB
[MobFMM] near-field construction: 0.708 ms
[MobFMM] near-field operator time: 11.107 ms
[MobFMM] overall Nearfield time: 11.939 ms
[MobFMM] near-field particles updates per sec: 4,187,975.13
[MobFMM] total GPU time: 21.895 ms
[MobFMM] total particles updates per sec: 2,283,652.21


[MobFMM] far-field FMM GPU time: 9.517 ms
Building spatial grid for neighbor search...
Positions shape: (50000,)
Counting neighbors per particle...
Total near-field pairs found: 1034974
Collecting neighbor edge indexes...
Warp::HashGrid took 0.61 ms
no of NN interactions: 1034974
[Mob_Nbody] Base velocity compute time: 3.227 ms
[Mob_Nbody] Post-base path time: 7.788 ms
[MobFMM] peak GPU memory: allocated 1029.78 MB, reserved 1578.00 MB
[MobFMM] near-field construction: 0.700 ms
[MobFMM] near-field operator time: 11.108 ms
[MobFMM] overall Nearfield time: 11.931 ms
[MobFMM] near-field particles updates per sec: 4,190,929.46
[MobFMM] total GPU time: 21.918 ms
[MobFMM] total particles updates per sec: 2,281,224.95


[MobFMM] far-field FMM GPU time: 9.369 ms
Building spatial grid for neighbor search...
Positions shape: (50000,)
Counting neighbors per particle...
Total near-field pairs found: 1034974
Collecting neighbor edge indexes...
Warp::HashGrid took 0.60 ms
no of NN interactions: 1034974
[Mob_Nbody] Base velocity compute time: 3.231 ms
[Mob_Nbody] Post-base path time: 7.776 ms
[MobFMM] peak GPU memory: allocated 1029.78 MB, reserved 1578.00 MB
[MobFMM] near-field construction: 0.696 ms
[MobFMM] near-field operator time: 11.104 ms
[MobFMM] overall Nearfield time: 11.921 ms
[MobFMM] near-field particles updates per sec: 4,194,180.52
[MobFMM] total GPU time: 21.768 ms
[MobFMM] total particles updates per sec: 2,296,922.72


[MobFMM] far-field FMM GPU time: 9.553 ms
Building spatial grid for neighbor search...
Positions shape: (50000,)
Counting neighbors per particle...
Total near-field pairs found: 1034974
Collecting neighbor edge indexes...
Warp::HashGrid took 0.61 ms
no of NN interactions: 1034974
[Mob_Nbody] Base velocity compute time: 3.226 ms
[Mob_Nbody] Post-base path time: 7.801 ms
[MobFMM] peak GPU memory: allocated 1029.78 MB, reserved 1578.00 MB
[MobFMM] near-field construction: 0.703 ms
[MobFMM] near-field operator time: 11.124 ms
[MobFMM] overall Nearfield time: 11.948 ms
[MobFMM] near-field particles updates per sec: 4,184,778.44
[MobFMM] total GPU time: 21.977 ms
[MobFMM] total particles updates per sec: 2,275,146.35


[MobFMM] far-field FMM GPU time: 9.425 ms
Building spatial grid for neighbor search...
Positions shape: (50000,)
Counting neighbors per particle...
Total near-field pairs found: 1034974
Collecting neighbor edge indexes...
Warp::HashGrid took 0.61 ms
no of NN interactions: 1034974
[Mob_Nbody] Base velocity compute time: 3.230 ms
[Mob_Nbody] Post-base path time: 7.783 ms
[MobFMM] peak GPU memory: allocated 1029.78 MB, reserved 1578.00 MB
[MobFMM] near-field construction: 0.700 ms
[MobFMM] near-field operator time: 11.110 ms
[MobFMM] overall Nearfield time: 11.940 ms
[MobFMM] near-field particles updates per sec: 4,187,593.47
[MobFMM] total GPU time: 22.302 ms
[MobFMM] total particles updates per sec: 2,241,908.06


[MobFMM] far-field FMM GPU time: 9.438 ms
Building spatial grid for neighbor search...
Positions shape: (50000,)
Counting neighbors per particle...
Total near-field pairs found: 1034974
Collecting neighbor edge indexes...
Warp::HashGrid took 0.69 ms
no of NN interactions: 1034974
[Mob_Nbody] Base velocity compute time: 3.231 ms
[Mob_Nbody] Post-base path time: 7.796 ms
[MobFMM] peak GPU memory: allocated 1029.78 MB, reserved 1578.00 MB
[MobFMM] near-field construction: 0.778 ms
[MobFMM] near-field operator time: 11.126 ms
[MobFMM] overall Nearfield time: 12.029 ms
[MobFMM] near-field particles updates per sec: 4,156,734.77
[MobFMM] total GPU time: 21.956 ms
[MobFMM] total particles updates per sec: 2,277,295.16


[MobFMM] far-field FMM GPU time: 9.469 ms
Building spatial grid for neighbor search...
Positions shape: (50000,)
Counting neighbors per particle...
Total near-field pairs found: 1034974
Collecting neighbor edge indexes...
Warp::HashGrid took 0.62 ms
no of NN interactions: 1034974
[Mob_Nbody] Base velocity compute time: 3.223 ms
[Mob_Nbody] Post-base path time: 7.786 ms
[MobFMM] peak GPU memory: allocated 1029.78 MB, reserved 1578.00 MB
[MobFMM] near-field construction: 0.709 ms
[MobFMM] near-field operator time: 11.106 ms
[MobFMM] overall Nearfield time: 11.937 ms
[MobFMM] near-field particles updates per sec: 4,188,491.38
[MobFMM] total GPU time: 21.891 ms
[MobFMM] total particles updates per sec: 2,284,072.85


[MobFMM] far-field FMM GPU time: 9.517 ms
Building spatial grid for neighbor search...
Positions shape: (50000,)
Counting neighbors per particle...
Total near-field pairs found: 1034974
Collecting neighbor edge indexes...
Warp::HashGrid took 0.63 ms
no of NN interactions: 1034974
[Mob_Nbody] Base velocity compute time: 3.220 ms
[Mob_Nbody] Post-base path time: 7.770 ms
[MobFMM] peak GPU memory: allocated 1029.78 MB, reserved 1578.00 MB
[MobFMM] near-field construction: 0.713 ms
[MobFMM] near-field operator time: 11.085 ms
[MobFMM] overall Nearfield time: 11.922 ms
[MobFMM] near-field particles updates per sec: 4,194,034.24
[MobFMM] total GPU time: 21.915 ms
[MobFMM] total particles updates per sec: 2,281,538.26


[MobFMM] far-field FMM GPU time: 9.427 ms
Building spatial grid for neighbor search...
Positions shape: (50000,)
Counting neighbors per particle...
Total near-field pairs found: 1034974
Collecting neighbor edge indexes...
Warp::HashGrid took 0.62 ms
no of NN interactions: 1034974
[Mob_Nbody] Base velocity compute time: 3.222 ms
[Mob_Nbody] Post-base path time: 7.779 ms
[MobFMM] peak GPU memory: allocated 1029.78 MB, reserved 1578.00 MB
[MobFMM] near-field construction: 0.712 ms
[MobFMM] near-field operator time: 11.096 ms
[MobFMM] overall Nearfield time: 11.930 ms
[MobFMM] near-field particles updates per sec: 4,190,940.52
[MobFMM] total GPU time: 21.829 ms
[MobFMM] total particles updates per sec: 2,290,568.72


[MobFMM] far-field FMM GPU time: 9.441 ms
Building spatial grid for neighbor search...
Positions shape: (50000,)
Counting neighbors per particle...
Total near-field pairs found: 1034974
Collecting neighbor edge indexes...
Warp::HashGrid took 0.61 ms
no of NN interactions: 1034974
[Mob_Nbody] Base velocity compute time: 3.228 ms
[Mob_Nbody] Post-base path time: 7.785 ms
[MobFMM] peak GPU memory: allocated 1029.78 MB, reserved 1578.00 MB
[MobFMM] near-field construction: 0.698 ms
[MobFMM] near-field operator time: 11.109 ms
[MobFMM] overall Nearfield time: 11.931 ms
[MobFMM] near-field particles updates per sec: 4,190,749.57
[MobFMM] total GPU time: 21.839 ms
[MobFMM] total particles updates per sec: 2,289,501.44


[MobFMM] far-field FMM GPU time: 9.399 ms
Building spatial grid for neighbor search...
Positions shape: (50000,)
Counting neighbors per particle...
Total near-field pairs found: 1034974
Collecting neighbor edge indexes...
Warp::HashGrid took 0.61 ms
no of NN interactions: 1034974
[Mob_Nbody] Base velocity compute time: 3.225 ms
[Mob_Nbody] Post-base path time: 7.781 ms
[MobFMM] peak GPU memory: allocated 1029.78 MB, reserved 1578.00 MB
[MobFMM] near-field construction: 0.692 ms
[MobFMM] near-field operator time: 11.100 ms
[MobFMM] overall Nearfield time: 11.917 ms
[MobFMM] near-field particles updates per sec: 4,195,678.50
[MobFMM] total GPU time: 21.790 ms
[MobFMM] total particles updates per sec: 2,294,666.02


[MobFMM] far-field FMM GPU time: 9.437 ms
Building spatial grid for neighbor search...
Positions shape: (50000,)
Counting neighbors per particle...
Total near-field pairs found: 1034974
Collecting neighbor edge indexes...
Warp::HashGrid took 0.62 ms
no of NN interactions: 1034974
[Mob_Nbody] Base velocity compute time: 3.232 ms
[Mob_Nbody] Post-base path time: 7.778 ms
[MobFMM] peak GPU memory: allocated 1029.78 MB, reserved 1578.00 MB
[MobFMM] near-field construction: 0.705 ms
[MobFMM] near-field operator time: 11.108 ms
[MobFMM] overall Nearfield time: 11.935 ms
[MobFMM] near-field particles updates per sec: 4,189,311.35
[MobFMM] total GPU time: 21.842 ms
[MobFMM] total particles updates per sec: 2,289,212.94


[MobFMM] far-field FMM GPU time: 9.474 ms
Building spatial grid for neighbor search...
Positions shape: (50000,)
Counting neighbors per particle...
Total near-field pairs found: 1034974
Collecting neighbor edge indexes...
Warp::HashGrid took 0.62 ms
no of NN interactions: 1034974
[Mob_Nbody] Base velocity compute time: 3.244 ms
[Mob_Nbody] Post-base path time: 7.776 ms
[MobFMM] peak GPU memory: allocated 1029.78 MB, reserved 1578.00 MB
[MobFMM] near-field construction: 0.703 ms
[MobFMM] near-field operator time: 11.114 ms
[MobFMM] overall Nearfield time: 11.944 ms
[MobFMM] near-field particles updates per sec: 4,186,359.29
[MobFMM] total GPU time: 21.905 ms
[MobFMM] total particles updates per sec: 2,282,584.81


[MobFMM] far-field FMM GPU time: 9.430 ms
Building spatial grid for neighbor search...
Positions shape: (50000,)
Counting neighbors per particle...
Total near-field pairs found: 1034974
Collecting neighbor edge indexes...
Warp::HashGrid took 0.61 ms
no of NN interactions: 1034974
[Mob_Nbody] Base velocity compute time: 3.232 ms
[Mob_Nbody] Post-base path time: 7.771 ms
[MobFMM] peak GPU memory: allocated 1029.78 MB, reserved 1578.00 MB
[MobFMM] near-field construction: 0.696 ms
[MobFMM] near-field operator time: 11.098 ms
[MobFMM] overall Nearfield time: 11.927 ms
[MobFMM] near-field particles updates per sec: 4,192,042.64
[MobFMM] total GPU time: 21.838 ms
[MobFMM] total particles updates per sec: 2,289,585.23


[MobFMM] far-field FMM GPU time: 9.415 ms
Building spatial grid for neighbor search...
Positions shape: (50000,)
Counting neighbors per particle...
Total near-field pairs found: 1034974
Collecting neighbor edge indexes...
Warp::HashGrid took 0.62 ms
no of NN interactions: 1034974
[Mob_Nbody] Base velocity compute time: 3.222 ms
[Mob_Nbody] Post-base path time: 7.782 ms
[MobFMM] peak GPU memory: allocated 1029.78 MB, reserved 1578.00 MB
[MobFMM] near-field construction: 0.704 ms
[MobFMM] near-field operator time: 11.101 ms
[MobFMM] overall Nearfield time: 11.926 ms
[MobFMM] near-field particles updates per sec: 4,192,514.97
[MobFMM] total GPU time: 22.296 ms
[MobFMM] total particles updates per sec: 2,242,558.03


[MobFMM] far-field FMM GPU time: 9.462 ms
Building spatial grid for neighbor search...
Positions shape: (50000,)
Counting neighbors per particle...
Total near-field pairs found: 1034974
Collecting neighbor edge indexes...
Warp::HashGrid took 0.69 ms
no of NN interactions: 1034974
[Mob_Nbody] Base velocity compute time: 3.232 ms
[Mob_Nbody] Post-base path time: 7.778 ms
[MobFMM] peak GPU memory: allocated 1029.78 MB, reserved 1578.00 MB
[MobFMM] near-field construction: 0.780 ms
[MobFMM] near-field operator time: 11.109 ms
[MobFMM] overall Nearfield time: 12.014 ms
[MobFMM] near-field particles updates per sec: 4,161,650.36
[MobFMM] total GPU time: 21.956 ms
[MobFMM] total particles updates per sec: 2,277,275.18


[MobFMM] far-field FMM GPU time: 9.423 ms
Building spatial grid for neighbor search...
Positions shape: (50000,)
Counting neighbors per particle...
Total near-field pairs found: 1034974
Collecting neighbor edge indexes...
Warp::HashGrid took 0.61 ms
no of NN interactions: 1034974
[Mob_Nbody] Base velocity compute time: 3.229 ms
[Mob_Nbody] Post-base path time: 7.772 ms
[MobFMM] peak GPU memory: allocated 1029.78 MB, reserved 1578.00 MB
[MobFMM] near-field construction: 0.701 ms
[MobFMM] near-field operator time: 11.098 ms
[MobFMM] overall Nearfield time: 11.929 ms
[MobFMM] near-field particles updates per sec: 4,191,626.39
[MobFMM] total GPU time: 21.827 ms
[MobFMM] total particles updates per sec: 2,290,753.47


[MobFMM] far-field FMM GPU time: 9.483 ms
Building spatial grid for neighbor search...
Positions shape: (50000,)
Counting neighbors per particle...
Total near-field pairs found: 1034974
Collecting neighbor edge indexes...
Warp::HashGrid took 0.61 ms
no of NN interactions: 1034974
[Mob_Nbody] Base velocity compute time: 3.234 ms
[Mob_Nbody] Post-base path time: 7.769 ms
[MobFMM] peak GPU memory: allocated 1029.78 MB, reserved 1578.00 MB
[MobFMM] near-field construction: 0.696 ms
[MobFMM] near-field operator time: 11.106 ms
[MobFMM] overall Nearfield time: 11.924 ms
[MobFMM] near-field particles updates per sec: 4,193,054.81
[MobFMM] total GPU time: 21.879 ms
[MobFMM] total particles updates per sec: 2,285,335.68


[MobFMM] far-field FMM GPU time: 9.529 ms
Building spatial grid for neighbor search...
Positions shape: (50000,)
Counting neighbors per particle...
Total near-field pairs found: 1034974
Collecting neighbor edge indexes...
Warp::HashGrid took 0.61 ms
no of NN interactions: 1034974
[Mob_Nbody] Base velocity compute time: 3.232 ms
[Mob_Nbody] Post-base path time: 7.771 ms
[MobFMM] peak GPU memory: allocated 1029.78 MB, reserved 1578.00 MB
[MobFMM] near-field construction: 0.695 ms
[MobFMM] near-field operator time: 11.098 ms
[MobFMM] overall Nearfield time: 11.915 ms
[MobFMM] near-field particles updates per sec: 4,196,478.45
[MobFMM] total GPU time: 21.921 ms
[MobFMM] total particles updates per sec: 2,280,872.05


[MobFMM] far-field FMM GPU time: 9.486 ms
Building spatial grid for neighbor search...
Positions shape: (50000,)
Counting neighbors per particle...
Total near-field pairs found: 1034974
Collecting neighbor edge indexes...
Warp::HashGrid took 0.61 ms
no of NN interactions: 1034974
[Mob_Nbody] Base velocity compute time: 3.245 ms
[Mob_Nbody] Post-base path time: 7.775 ms
[MobFMM] peak GPU memory: allocated 1029.78 MB, reserved 1578.00 MB
[MobFMM] near-field construction: 0.691 ms
[MobFMM] near-field operator time: 11.117 ms
[MobFMM] overall Nearfield time: 11.931 ms
[MobFMM] near-field particles updates per sec: 4,190,693.30
[MobFMM] total GPU time: 21.901 ms
[MobFMM] total particles updates per sec: 2,283,031.69


[MobFMM] far-field FMM GPU time: 9.440 ms
Building spatial grid for neighbor search...
Positions shape: (50000,)
Counting neighbors per particle...
Total near-field pairs found: 1034974
Collecting neighbor edge indexes...
Warp::HashGrid took 0.61 ms
no of NN interactions: 1034974
[Mob_Nbody] Base velocity compute time: 3.243 ms
[Mob_Nbody] Post-base path time: 7.775 ms
[MobFMM] peak GPU memory: allocated 1029.78 MB, reserved 1578.00 MB
[MobFMM] near-field construction: 0.694 ms
[MobFMM] near-field operator time: 11.113 ms
[MobFMM] overall Nearfield time: 11.929 ms
[MobFMM] near-field particles updates per sec: 4,191,480.28
[MobFMM] total GPU time: 21.853 ms
[MobFMM] total particles updates per sec: 2,288,056.45


[MobFMM] far-field FMM GPU time: 9.445 ms
Building spatial grid for neighbor search...
Positions shape: (50000,)
Counting neighbors per particle...
Total near-field pairs found: 1034974
Collecting neighbor edge indexes...
Warp::HashGrid took 0.61 ms
no of NN interactions: 1034974
[Mob_Nbody] Base velocity compute time: 3.226 ms
[Mob_Nbody] Post-base path time: 7.770 ms
[MobFMM] peak GPU memory: allocated 1029.78 MB, reserved 1578.00 MB
[MobFMM] near-field construction: 0.702 ms
[MobFMM] near-field operator time: 11.097 ms
[MobFMM] overall Nearfield time: 11.922 ms
[MobFMM] near-field particles updates per sec: 4,193,775.25
[MobFMM] total GPU time: 21.852 ms
[MobFMM] total particles updates per sec: 2,288,079.81


[MobFMM] far-field FMM GPU time: 9.394 ms
Building spatial grid for neighbor search...
Positions shape: (50000,)
Counting neighbors per particle...
Total near-field pairs found: 1034974
Collecting neighbor edge indexes...
Warp::HashGrid took 0.62 ms
no of NN interactions: 1034974
[Mob_Nbody] Base velocity compute time: 3.230 ms
[Mob_Nbody] Post-base path time: 7.800 ms
[MobFMM] peak GPU memory: allocated 1029.78 MB, reserved 1578.00 MB
[MobFMM] near-field construction: 0.704 ms
[MobFMM] near-field operator time: 11.131 ms
[MobFMM] overall Nearfield time: 11.954 ms
[MobFMM] near-field particles updates per sec: 4,182,750.57
[MobFMM] total GPU time: 21.833 ms
[MobFMM] total particles updates per sec: 2,290,149.09


[MobFMM] far-field FMM GPU time: 9.415 ms
Building spatial grid for neighbor search...
Positions shape: (50000,)
Counting neighbors per particle...
Total near-field pairs found: 1034974
Collecting neighbor edge indexes...
Warp::HashGrid took 0.62 ms
no of NN interactions: 1034974
[Mob_Nbody] Base velocity compute time: 3.225 ms
[Mob_Nbody] Post-base path time: 7.774 ms
[MobFMM] peak GPU memory: allocated 1029.78 MB, reserved 1578.00 MB
[MobFMM] near-field construction: 0.704 ms
[MobFMM] near-field operator time: 11.097 ms
[MobFMM] overall Nearfield time: 11.922 ms
[MobFMM] near-field particles updates per sec: 4,193,752.77
[MobFMM] total GPU time: 21.815 ms
[MobFMM] total particles updates per sec: 2,291,983.23


[MobFMM] far-field FMM GPU time: 9.422 ms
Building spatial grid for neighbor search...
Positions shape: (50000,)
Counting neighbors per particle...
Total near-field pairs found: 1034974
Collecting neighbor edge indexes...
Warp::HashGrid took 0.62 ms
no of NN interactions: 1034974
[Mob_Nbody] Base velocity compute time: 3.222 ms
[Mob_Nbody] Post-base path time: 7.806 ms
[MobFMM] peak GPU memory: allocated 1029.78 MB, reserved 1578.00 MB
[MobFMM] near-field construction: 0.701 ms
[MobFMM] near-field operator time: 11.128 ms
[MobFMM] overall Nearfield time: 11.951 ms
[MobFMM] near-field particles updates per sec: 4,183,747.57
[MobFMM] total GPU time: 21.852 ms
[MobFMM] total particles updates per sec: 2,288,093.19


[MobFMM] far-field FMM GPU time: 9.422 ms
Building spatial grid for neighbor search...
Positions shape: (50000,)
Counting neighbors per particle...
Total near-field pairs found: 1034974
Collecting neighbor edge indexes...
Warp::HashGrid took 0.61 ms
no of NN interactions: 1034974
[Mob_Nbody] Base velocity compute time: 3.219 ms
[Mob_Nbody] Post-base path time: 7.791 ms
[MobFMM] peak GPU memory: allocated 1029.78 MB, reserved 1578.00 MB
[MobFMM] near-field construction: 0.702 ms
[MobFMM] near-field operator time: 11.107 ms
[MobFMM] overall Nearfield time: 11.931 ms
[MobFMM] near-field particles updates per sec: 4,190,592.14
[MobFMM] total GPU time: 22.309 ms
[MobFMM] total particles updates per sec: 2,241,271.30


[MobFMM] far-field FMM GPU time: 11.180 ms
Building spatial grid for neighbor search...
Positions shape: (50000,)
Counting neighbors per particle...
Total near-field pairs found: 1034974
Collecting neighbor edge indexes...
Warp::HashGrid took 0.68 ms
no of NN interactions: 1034974
[Mob_Nbody] Base velocity compute time: 3.240 ms
[Mob_Nbody] Post-base path time: 7.785 ms
[MobFMM] peak GPU memory: allocated 1029.78 MB, reserved 1578.00 MB
[MobFMM] near-field construction: 0.769 ms
[MobFMM] near-field operator time: 11.124 ms
[MobFMM] overall Nearfield time: 12.016 ms
[MobFMM] near-field particles updates per sec: 4,161,029.74
[MobFMM] total GPU time: 23.684 ms
[MobFMM] total particles updates per sec: 2,111,112.70


[MobFMM] far-field FMM GPU time: 9.461 ms
Building spatial grid for neighbor search...
Positions shape: (50000,)
Counting neighbors per particle...
Total near-field pairs found: 1034974
Collecting neighbor edge indexes...
Warp::HashGrid took 0.62 ms
no of NN interactions: 1034974
[Mob_Nbody] Base velocity compute time: 3.237 ms
[Mob_Nbody] Post-base path time: 7.795 ms
[MobFMM] peak GPU memory: allocated 1029.78 MB, reserved 1578.00 MB
[MobFMM] near-field construction: 0.709 ms
[MobFMM] near-field operator time: 11.129 ms
[MobFMM] overall Nearfield time: 11.961 ms
[MobFMM] near-field particles updates per sec: 4,180,322.33
[MobFMM] total GPU time: 21.913 ms
[MobFMM] total particles updates per sec: 2,281,754.72


[MobFMM] far-field FMM GPU time: 9.503 ms
Building spatial grid for neighbor search...
Positions shape: (50000,)
Counting neighbors per particle...
Total near-field pairs found: 1034974
Collecting neighbor edge indexes...
Warp::HashGrid took 0.63 ms
no of NN interactions: 1034974
[Mob_Nbody] Base velocity compute time: 3.224 ms
[Mob_Nbody] Post-base path time: 7.779 ms
[MobFMM] peak GPU memory: allocated 1029.78 MB, reserved 1578.00 MB
[MobFMM] near-field construction: 0.714 ms
[MobFMM] near-field operator time: 11.103 ms
[MobFMM] overall Nearfield time: 11.940 ms
[MobFMM] near-field particles updates per sec: 4,187,526.24
[MobFMM] total GPU time: 21.925 ms
[MobFMM] total particles updates per sec: 2,280,535.91


[MobFMM] far-field FMM GPU time: 9.484 ms
Building spatial grid for neighbor search...
Positions shape: (50000,)
Counting neighbors per particle...
Total near-field pairs found: 1034974
Collecting neighbor edge indexes...
Warp::HashGrid took 0.62 ms
no of NN interactions: 1034974
[Mob_Nbody] Base velocity compute time: 3.222 ms
[Mob_Nbody] Post-base path time: 7.775 ms
[MobFMM] peak GPU memory: allocated 1029.78 MB, reserved 1578.00 MB
[MobFMM] near-field construction: 0.706 ms
[MobFMM] near-field operator time: 11.096 ms
[MobFMM] overall Nearfield time: 11.923 ms
[MobFMM] near-field particles updates per sec: 4,193,538.76
[MobFMM] total GPU time: 21.874 ms
[MobFMM] total particles updates per sec: 2,285,847.23


[MobFMM] far-field FMM GPU time: 9.436 ms
Building spatial grid for neighbor search...
Positions shape: (50000,)
Counting neighbors per particle...
Total near-field pairs found: 1034974
Collecting neighbor edge indexes...
Warp::HashGrid took 0.62 ms
no of NN interactions: 1034974
[Mob_Nbody] Base velocity compute time: 3.218 ms
[Mob_Nbody] Post-base path time: 7.778 ms
[MobFMM] peak GPU memory: allocated 1029.78 MB, reserved 1578.00 MB
[MobFMM] near-field construction: 0.708 ms
[MobFMM] near-field operator time: 11.097 ms
[MobFMM] overall Nearfield time: 11.927 ms
[MobFMM] near-field particles updates per sec: 4,192,065.10
[MobFMM] total GPU time: 21.835 ms
[MobFMM] total particles updates per sec: 2,289,897.43


[MobFMM] far-field FMM GPU time: 9.589 ms
Building spatial grid for neighbor search...
Positions shape: (50000,)
Counting neighbors per particle...
Total near-field pairs found: 1034974
Collecting neighbor edge indexes...
Warp::HashGrid took 0.62 ms
no of NN interactions: 1034974
[Mob_Nbody] Base velocity compute time: 3.224 ms
[Mob_Nbody] Post-base path time: 7.792 ms
[MobFMM] peak GPU memory: allocated 1029.78 MB, reserved 1578.00 MB
[MobFMM] near-field construction: 0.711 ms
[MobFMM] near-field operator time: 11.114 ms
[MobFMM] overall Nearfield time: 11.950 ms
[MobFMM] near-field particles updates per sec: 4,184,262.77
[MobFMM] total GPU time: 22.007 ms
[MobFMM] total particles updates per sec: 2,272,039.81


[MobFMM] far-field FMM GPU time: 9.477 ms
Building spatial grid for neighbor search...
Positions shape: (50000,)
Counting neighbors per particle...
Total near-field pairs found: 1034974
Collecting neighbor edge indexes...
Warp::HashGrid took 0.63 ms
no of NN interactions: 1034974
[Mob_Nbody] Base velocity compute time: 3.226 ms
[Mob_Nbody] Post-base path time: 7.778 ms
[MobFMM] peak GPU memory: allocated 1029.78 MB, reserved 1578.00 MB
[MobFMM] near-field construction: 0.713 ms
[MobFMM] near-field operator time: 11.101 ms
[MobFMM] overall Nearfield time: 11.937 ms
[MobFMM] near-field particles updates per sec: 4,188,794.56
[MobFMM] total GPU time: 21.878 ms
[MobFMM] total particles updates per sec: 2,285,446.06


[MobFMM] far-field FMM GPU time: 9.491 ms
Building spatial grid for neighbor search...
Positions shape: (50000,)
Counting neighbors per particle...
Total near-field pairs found: 1034974
Collecting neighbor edge indexes...
Warp::HashGrid took 0.62 ms
no of NN interactions: 1034974
[Mob_Nbody] Base velocity compute time: 3.222 ms
[Mob_Nbody] Post-base path time: 7.765 ms
[MobFMM] peak GPU memory: allocated 1029.78 MB, reserved 1578.00 MB
[MobFMM] near-field construction: 0.706 ms
[MobFMM] near-field operator time: 11.082 ms
[MobFMM] overall Nearfield time: 11.910 ms
[MobFMM] near-field particles updates per sec: 4,198,226.15
[MobFMM] total GPU time: 21.883 ms
[MobFMM] total particles updates per sec: 2,284,907.81


[MobFMM] far-field FMM GPU time: 9.587 ms
Building spatial grid for neighbor search...
Positions shape: (50000,)
Counting neighbors per particle...
Total near-field pairs found: 1034974
Collecting neighbor edge indexes...
Warp::HashGrid took 0.63 ms
no of NN interactions: 1034974
[Mob_Nbody] Base velocity compute time: 3.223 ms
[Mob_Nbody] Post-base path time: 7.838 ms
[MobFMM] peak GPU memory: allocated 1029.78 MB, reserved 1578.00 MB
[MobFMM] near-field construction: 0.713 ms
[MobFMM] near-field operator time: 11.160 ms
[MobFMM] overall Nearfield time: 11.996 ms
[MobFMM] near-field particles updates per sec: 4,167,978.05
[MobFMM] total GPU time: 22.062 ms
[MobFMM] total particles updates per sec: 2,266,387.90


[MobFMM] far-field FMM GPU time: 9.420 ms
Building spatial grid for neighbor search...
Positions shape: (50000,)
Counting neighbors per particle...
Total near-field pairs found: 1034974
Collecting neighbor edge indexes...
Warp::HashGrid took 0.62 ms
no of NN interactions: 1034974
[Mob_Nbody] Base velocity compute time: 3.220 ms
[Mob_Nbody] Post-base path time: 7.779 ms
[MobFMM] peak GPU memory: allocated 1029.78 MB, reserved 1578.00 MB
[MobFMM] near-field construction: 0.709 ms
[MobFMM] near-field operator time: 11.096 ms
[MobFMM] overall Nearfield time: 11.929 ms
[MobFMM] near-field particles updates per sec: 4,191,356.64
[MobFMM] total GPU time: 22.323 ms
[MobFMM] total particles updates per sec: 2,239,889.59


[MobFMM] far-field FMM GPU time: 9.445 ms
Building spatial grid for neighbor search...
Positions shape: (50000,)
Counting neighbors per particle...
Total near-field pairs found: 1034974
Collecting neighbor edge indexes...
Warp::HashGrid took 0.69 ms
no of NN interactions: 1034974
[Mob_Nbody] Base velocity compute time: 3.239 ms
[Mob_Nbody] Post-base path time: 7.783 ms
[MobFMM] peak GPU memory: allocated 1029.78 MB, reserved 1578.00 MB
[MobFMM] near-field construction: 0.774 ms
[MobFMM] near-field operator time: 11.118 ms
[MobFMM] overall Nearfield time: 12.015 ms
[MobFMM] near-field particles updates per sec: 4,161,373.55
[MobFMM] total GPU time: 21.951 ms
[MobFMM] total particles updates per sec: 2,277,836.16


[MobFMM] far-field FMM GPU time: 9.572 ms
Building spatial grid for neighbor search...
Positions shape: (50000,)
Counting neighbors per particle...
Total near-field pairs found: 1034974
Collecting neighbor edge indexes...
Warp::HashGrid took 0.62 ms
no of NN interactions: 1034974
[Mob_Nbody] Base velocity compute time: 3.234 ms
[Mob_Nbody] Post-base path time: 7.781 ms
[MobFMM] peak GPU memory: allocated 1029.78 MB, reserved 1578.00 MB
[MobFMM] near-field construction: 0.707 ms
[MobFMM] near-field operator time: 11.111 ms
[MobFMM] overall Nearfield time: 11.941 ms
[MobFMM] near-field particles updates per sec: 4,187,380.08
[MobFMM] total GPU time: 22.001 ms
[MobFMM] total particles updates per sec: 2,272,664.42


[MobFMM] far-field FMM GPU time: 9.440 ms
Building spatial grid for neighbor search...
Positions shape: (50000,)
Counting neighbors per particle...
Total near-field pairs found: 1034974
Collecting neighbor edge indexes...
Warp::HashGrid took 0.62 ms
no of NN interactions: 1034974
[Mob_Nbody] Base velocity compute time: 3.234 ms
[Mob_Nbody] Post-base path time: 7.778 ms
[MobFMM] peak GPU memory: allocated 1029.78 MB, reserved 1578.00 MB
[MobFMM] near-field construction: 0.707 ms
[MobFMM] near-field operator time: 11.110 ms
[MobFMM] overall Nearfield time: 11.938 ms
[MobFMM] near-field particles updates per sec: 4,188,446.54
[MobFMM] total GPU time: 21.859 ms
[MobFMM] total particles updates per sec: 2,287,409.98


[MobFMM] far-field FMM GPU time: 9.439 ms
Building spatial grid for neighbor search...
Positions shape: (50000,)
Counting neighbors per particle...
Total near-field pairs found: 1034974
Collecting neighbor edge indexes...
Warp::HashGrid took 0.62 ms
no of NN interactions: 1034974
[Mob_Nbody] Base velocity compute time: 3.233 ms
[Mob_Nbody] Post-base path time: 7.769 ms
[MobFMM] peak GPU memory: allocated 1029.78 MB, reserved 1578.00 MB
[MobFMM] near-field construction: 0.708 ms
[MobFMM] near-field operator time: 11.099 ms
[MobFMM] overall Nearfield time: 11.929 ms
[MobFMM] near-field particles updates per sec: 4,191,626.39
[MobFMM] total GPU time: 21.851 ms
[MobFMM] total particles updates per sec: 2,288,200.45


[MobFMM] far-field FMM GPU time: 9.417 ms
Building spatial grid for neighbor search...
Positions shape: (50000,)
Counting neighbors per particle...
Total near-field pairs found: 1034974
Collecting neighbor edge indexes...
Warp::HashGrid took 0.62 ms
no of NN interactions: 1034974
[Mob_Nbody] Base velocity compute time: 3.231 ms
[Mob_Nbody] Post-base path time: 7.807 ms
[MobFMM] peak GPU memory: allocated 1029.78 MB, reserved 1578.00 MB
[MobFMM] near-field construction: 0.709 ms
[MobFMM] near-field operator time: 11.147 ms
[MobFMM] overall Nearfield time: 11.978 ms
[MobFMM] near-field particles updates per sec: 4,174,458.96
[MobFMM] total GPU time: 21.889 ms
[MobFMM] total particles updates per sec: 2,284,226.50


[MobFMM] far-field FMM GPU time: 9.483 ms
Building spatial grid for neighbor search...
Positions shape: (50000,)
Counting neighbors per particle...
Total near-field pairs found: 1034974
Collecting neighbor edge indexes...
Warp::HashGrid took 0.62 ms
no of NN interactions: 1034974
[Mob_Nbody] Base velocity compute time: 3.271 ms
[Mob_Nbody] Post-base path time: 7.897 ms
[MobFMM] peak GPU memory: allocated 1029.78 MB, reserved 1578.00 MB
[MobFMM] near-field construction: 0.707 ms
[MobFMM] near-field operator time: 11.265 ms
[MobFMM] overall Nearfield time: 12.093 ms
[MobFMM] near-field particles updates per sec: 4,134,615.04
[MobFMM] total GPU time: 22.052 ms
[MobFMM] total particles updates per sec: 2,267,410.79


[MobFMM] far-field FMM GPU time: 9.445 ms
Building spatial grid for neighbor search...
Positions shape: (50000,)
Counting neighbors per particle...
Total near-field pairs found: 1034974
Collecting neighbor edge indexes...
Warp::HashGrid took 0.63 ms
no of NN interactions: 1034974
[Mob_Nbody] Base velocity compute time: 3.225 ms
[Mob_Nbody] Post-base path time: 7.781 ms
[MobFMM] peak GPU memory: allocated 1029.78 MB, reserved 1578.00 MB
[MobFMM] near-field construction: 0.714 ms
[MobFMM] near-field operator time: 11.103 ms
[MobFMM] overall Nearfield time: 11.939 ms
[MobFMM] near-field particles updates per sec: 4,187,986.17
[MobFMM] total GPU time: 21.863 ms
[MobFMM] total particles updates per sec: 2,286,921.08


[MobFMM] far-field FMM GPU time: 9.408 ms
Building spatial grid for neighbor search...
Positions shape: (50000,)
Counting neighbors per particle...
Total near-field pairs found: 1034974
Collecting neighbor edge indexes...
Warp::HashGrid took 0.63 ms
no of NN interactions: 1034974
[Mob_Nbody] Base velocity compute time: 3.237 ms
[Mob_Nbody] Post-base path time: 7.790 ms
[MobFMM] peak GPU memory: allocated 1029.78 MB, reserved 1578.00 MB
[MobFMM] near-field construction: 0.715 ms
[MobFMM] near-field operator time: 11.125 ms
[MobFMM] overall Nearfield time: 11.963 ms
[MobFMM] near-field particles updates per sec: 4,179,595.50
[MobFMM] total GPU time: 21.843 ms
[MobFMM] total particles updates per sec: 2,289,011.65


[MobFMM] far-field FMM GPU time: 9.415 ms
Building spatial grid for neighbor search...
Positions shape: (50000,)
Counting neighbors per particle...
Total near-field pairs found: 1034974
Collecting neighbor edge indexes...
Warp::HashGrid took 0.62 ms
no of NN interactions: 1034974
[Mob_Nbody] Base velocity compute time: 3.218 ms
[Mob_Nbody] Post-base path time: 7.779 ms
[MobFMM] peak GPU memory: allocated 1029.78 MB, reserved 1578.00 MB
[MobFMM] near-field construction: 0.710 ms
[MobFMM] near-field operator time: 11.093 ms
[MobFMM] overall Nearfield time: 11.925 ms
[MobFMM] near-field particles updates per sec: 4,192,931.07
[MobFMM] total GPU time: 21.814 ms
[MobFMM] total particles updates per sec: 2,292,070.60


[MobFMM] far-field FMM GPU time: 9.682 ms
Building spatial grid for neighbor search...
Positions shape: (50000,)
Counting neighbors per particle...
Total near-field pairs found: 1034974
Collecting neighbor edge indexes...
Warp::HashGrid took 0.63 ms
no of NN interactions: 1034974
[Mob_Nbody] Base velocity compute time: 3.233 ms
[Mob_Nbody] Post-base path time: 7.791 ms
[MobFMM] peak GPU memory: allocated 1029.78 MB, reserved 1578.00 MB
[MobFMM] near-field construction: 0.711 ms
[MobFMM] near-field operator time: 11.123 ms
[MobFMM] overall Nearfield time: 11.957 ms
[MobFMM] near-field particles updates per sec: 4,181,821.43
[MobFMM] total GPU time: 22.123 ms
[MobFMM] total particles updates per sec: 2,260,044.82


[MobFMM] far-field FMM GPU time: 9.435 ms
Building spatial grid for neighbor search...
Positions shape: (50000,)
Counting neighbors per particle...
Total near-field pairs found: 1034974
Collecting neighbor edge indexes...
Warp::HashGrid took 0.62 ms
no of NN interactions: 1034974
[Mob_Nbody] Base velocity compute time: 3.217 ms
[Mob_Nbody] Post-base path time: 7.797 ms
[MobFMM] peak GPU memory: allocated 1029.78 MB, reserved 1578.00 MB
[MobFMM] near-field construction: 0.698 ms
[MobFMM] near-field operator time: 11.111 ms
[MobFMM] overall Nearfield time: 11.929 ms
[MobFMM] near-field particles updates per sec: 4,191,570.09
[MobFMM] total GPU time: 22.298 ms
[MobFMM] total particles updates per sec: 2,242,387.30


[MobFMM] far-field FMM GPU time: 9.742 ms
Building spatial grid for neighbor search...
Positions shape: (50000,)
Counting neighbors per particle...
Total near-field pairs found: 1034974
Collecting neighbor edge indexes...
Warp::HashGrid took 0.67 ms
no of NN interactions: 1034974
[Mob_Nbody] Base velocity compute time: 3.227 ms
[Mob_Nbody] Post-base path time: 7.780 ms
[MobFMM] peak GPU memory: allocated 1029.78 MB, reserved 1578.00 MB
[MobFMM] near-field construction: 0.767 ms
[MobFMM] near-field operator time: 11.106 ms
[MobFMM] overall Nearfield time: 11.998 ms
[MobFMM] near-field particles updates per sec: 4,167,333.35
[MobFMM] total GPU time: 22.220 ms
[MobFMM] total particles updates per sec: 2,250,231.47


[MobFMM] far-field FMM GPU time: 9.472 ms
Building spatial grid for neighbor search...
Positions shape: (50000,)
Counting neighbors per particle...
Total near-field pairs found: 1034974
Collecting neighbor edge indexes...
Warp::HashGrid took 0.61 ms
no of NN interactions: 1034974
[Mob_Nbody] Base velocity compute time: 3.229 ms
[Mob_Nbody] Post-base path time: 7.777 ms
[MobFMM] peak GPU memory: allocated 1029.78 MB, reserved 1578.00 MB
[MobFMM] near-field construction: 0.703 ms
[MobFMM] near-field operator time: 11.103 ms
[MobFMM] overall Nearfield time: 11.930 ms
[MobFMM] near-field particles updates per sec: 4,191,030.64
[MobFMM] total GPU time: 21.879 ms
[MobFMM] total particles updates per sec: 2,285,285.48


[MobFMM] far-field FMM GPU time: 9.518 ms
Building spatial grid for neighbor search...
Positions shape: (50000,)
Counting neighbors per particle...
Total near-field pairs found: 1034974
Collecting neighbor edge indexes...
Warp::HashGrid took 0.62 ms
no of NN interactions: 1034974
[Mob_Nbody] Base velocity compute time: 3.226 ms
[Mob_Nbody] Post-base path time: 7.778 ms
[MobFMM] peak GPU memory: allocated 1029.78 MB, reserved 1578.00 MB
[MobFMM] near-field construction: 0.706 ms
[MobFMM] near-field operator time: 11.101 ms
[MobFMM] overall Nearfield time: 11.928 ms
[MobFMM] near-field particles updates per sec: 4,191,806.35
[MobFMM] total GPU time: 21.921 ms
[MobFMM] total particles updates per sec: 2,280,872.05


[MobFMM] far-field FMM GPU time: 9.450 ms
Building spatial grid for neighbor search...
Positions shape: (50000,)
Counting neighbors per particle...
Total near-field pairs found: 1034974
Collecting neighbor edge indexes...
Warp::HashGrid took 0.61 ms
no of NN interactions: 1034974
[Mob_Nbody] Base velocity compute time: 3.227 ms
[Mob_Nbody] Post-base path time: 7.781 ms
[MobFMM] peak GPU memory: allocated 1029.78 MB, reserved 1578.00 MB
[MobFMM] near-field construction: 0.690 ms
[MobFMM] near-field operator time: 11.101 ms
[MobFMM] overall Nearfield time: 11.922 ms
[MobFMM] near-field particles updates per sec: 4,193,809.13
[MobFMM] total GPU time: 21.843 ms
[MobFMM] total particles updates per sec: 2,289,041.83


[MobFMM] far-field FMM GPU time: 9.504 ms
Building spatial grid for neighbor search...
Positions shape: (50000,)
Counting neighbors per particle...
Total near-field pairs found: 1034974
Collecting neighbor edge indexes...
Warp::HashGrid took 0.61 ms
no of NN interactions: 1034974
[Mob_Nbody] Base velocity compute time: 3.228 ms
[Mob_Nbody] Post-base path time: 7.798 ms
[MobFMM] peak GPU memory: allocated 1029.78 MB, reserved 1578.00 MB
[MobFMM] near-field construction: 0.692 ms
[MobFMM] near-field operator time: 11.122 ms
[MobFMM] overall Nearfield time: 11.942 ms
[MobFMM] near-field particles updates per sec: 4,186,965.09
[MobFMM] total GPU time: 21.919 ms
[MobFMM] total particles updates per sec: 2,281,101.88


[MobFMM] far-field FMM GPU time: 9.403 ms
Building spatial grid for neighbor search...
Positions shape: (50000,)
Counting neighbors per particle...
Total near-field pairs found: 1034974
Collecting neighbor edge indexes...
Warp::HashGrid took 0.61 ms
no of NN interactions: 1034974
[Mob_Nbody] Base velocity compute time: 3.235 ms
[Mob_Nbody] Post-base path time: 7.782 ms
[MobFMM] peak GPU memory: allocated 1029.78 MB, reserved 1578.00 MB
[MobFMM] near-field construction: 0.695 ms
[MobFMM] near-field operator time: 11.118 ms
[MobFMM] overall Nearfield time: 11.934 ms
[MobFMM] near-field particles updates per sec: 4,189,794.44
[MobFMM] total GPU time: 21.815 ms
[MobFMM] total particles updates per sec: 2,291,969.80


[MobFMM] far-field FMM GPU time: 10.108 ms
Building spatial grid for neighbor search...
Positions shape: (50000,)
Counting neighbors per particle...
Total near-field pairs found: 1034974
Collecting neighbor edge indexes...
Warp::HashGrid took 0.62 ms
no of NN interactions: 1034974
[Mob_Nbody] Base velocity compute time: 3.221 ms
[Mob_Nbody] Post-base path time: 7.785 ms
[MobFMM] peak GPU memory: allocated 1029.78 MB, reserved 1578.00 MB
[MobFMM] near-field construction: 0.712 ms
[MobFMM] near-field operator time: 11.104 ms
[MobFMM] overall Nearfield time: 11.940 ms
[MobFMM] near-field particles updates per sec: 4,187,481.09
[MobFMM] total GPU time: 22.518 ms
[MobFMM] total particles updates per sec: 2,220,403.21


[MobFMM] far-field FMM GPU time: 9.852 ms
Building spatial grid for neighbor search...
Positions shape: (50000,)
Counting neighbors per particle...
Total near-field pairs found: 1034974
Collecting neighbor edge indexes...
Warp::HashGrid took 0.62 ms
no of NN interactions: 1034974
[Mob_Nbody] Base velocity compute time: 3.233 ms
[Mob_Nbody] Post-base path time: 7.764 ms
[MobFMM] peak GPU memory: allocated 1029.78 MB, reserved 1578.00 MB
[MobFMM] near-field construction: 0.704 ms
[MobFMM] near-field operator time: 11.094 ms
[MobFMM] overall Nearfield time: 11.919 ms
[MobFMM] near-field particles updates per sec: 4,194,901.02
[MobFMM] total GPU time: 22.261 ms
[MobFMM] total particles updates per sec: 2,246,103.91


[MobFMM] far-field FMM GPU time: 9.749 ms
Building spatial grid for neighbor search...
Positions shape: (50000,)
Counting neighbors per particle...
Total near-field pairs found: 1034974
Collecting neighbor edge indexes...
Warp::HashGrid took 0.62 ms
no of NN interactions: 1034974
[Mob_Nbody] Base velocity compute time: 3.236 ms
[Mob_Nbody] Post-base path time: 7.803 ms
[MobFMM] peak GPU memory: allocated 1029.78 MB, reserved 1578.00 MB
[MobFMM] near-field construction: 0.705 ms
[MobFMM] near-field operator time: 11.138 ms
[MobFMM] overall Nearfield time: 11.976 ms
[MobFMM] near-field particles updates per sec: 4,175,027.73
[MobFMM] total GPU time: 22.207 ms
[MobFMM] total particles updates per sec: 2,251,518.83


[MobFMM] far-field FMM GPU time: 9.417 ms
Building spatial grid for neighbor search...
Positions shape: (50000,)
Counting neighbors per particle...
Total near-field pairs found: 1034974
Collecting neighbor edge indexes...
Warp::HashGrid took 0.61 ms
no of NN interactions: 1034974
[Mob_Nbody] Base velocity compute time: 3.236 ms
[Mob_Nbody] Post-base path time: 7.783 ms
[MobFMM] peak GPU memory: allocated 1029.78 MB, reserved 1578.00 MB
[MobFMM] near-field construction: 0.698 ms
[MobFMM] near-field operator time: 11.116 ms
[MobFMM] overall Nearfield time: 11.935 ms
[MobFMM] near-field particles updates per sec: 4,189,378.63
[MobFMM] total GPU time: 22.309 ms
[MobFMM] total particles updates per sec: 2,241,251.95


[MobFMM] far-field FMM GPU time: 9.555 ms
Building spatial grid for neighbor search...
Positions shape: (50000,)
Counting neighbors per particle...
Total near-field pairs found: 1034974
Collecting neighbor edge indexes...
Warp::HashGrid took 0.68 ms
no of NN interactions: 1034974
[Mob_Nbody] Base velocity compute time: 3.230 ms
[Mob_Nbody] Post-base path time: 7.786 ms
[MobFMM] peak GPU memory: allocated 1029.78 MB, reserved 1578.00 MB
[MobFMM] near-field construction: 0.768 ms
[MobFMM] near-field operator time: 11.112 ms
[MobFMM] overall Nearfield time: 12.001 ms
[MobFMM] near-field particles updates per sec: 4,166,400.12
[MobFMM] total GPU time: 22.046 ms
[MobFMM] total particles updates per sec: 2,267,950.64


[MobFMM] far-field FMM GPU time: 9.492 ms
Building spatial grid for neighbor search...
Positions shape: (50000,)
Counting neighbors per particle...
Total near-field pairs found: 1034974
Collecting neighbor edge indexes...
Warp::HashGrid took 0.66 ms
no of NN interactions: 1034974
[Mob_Nbody] Base velocity compute time: 3.268 ms
[Mob_Nbody] Post-base path time: 7.825 ms
[MobFMM] peak GPU memory: allocated 1029.78 MB, reserved 1578.00 MB
[MobFMM] near-field construction: 0.766 ms
[MobFMM] near-field operator time: 11.198 ms
[MobFMM] overall Nearfield time: 12.109 ms
[MobFMM] near-field particles updates per sec: 4,129,239.08
[MobFMM] total GPU time: 22.088 ms
[MobFMM] total particles updates per sec: 2,263,626.71


[MobFMM] far-field FMM GPU time: 9.736 ms
Building spatial grid for neighbor search...
Positions shape: (50000,)
Counting neighbors per particle...
Total near-field pairs found: 1034974
Collecting neighbor edge indexes...
Warp::HashGrid took 0.62 ms
no of NN interactions: 1034974
[Mob_Nbody] Base velocity compute time: 3.237 ms
[Mob_Nbody] Post-base path time: 7.775 ms
[MobFMM] peak GPU memory: allocated 1029.78 MB, reserved 1578.00 MB
[MobFMM] near-field construction: 0.704 ms
[MobFMM] near-field operator time: 11.114 ms
[MobFMM] overall Nearfield time: 11.939 ms
[MobFMM] near-field particles updates per sec: 4,187,784.12
[MobFMM] total GPU time: 22.166 ms
[MobFMM] total particles updates per sec: 2,255,750.96


[MobFMM] far-field FMM GPU time: 10.316 ms
Building spatial grid for neighbor search...
Positions shape: (50000,)
Counting neighbors per particle...
Total near-field pairs found: 1034974
Collecting neighbor edge indexes...
Warp::HashGrid took 0.62 ms
no of NN interactions: 1034974
[Mob_Nbody] Base velocity compute time: 3.242 ms
[Mob_Nbody] Post-base path time: 7.766 ms
[MobFMM] peak GPU memory: allocated 1029.78 MB, reserved 1578.00 MB
[MobFMM] near-field construction: 0.708 ms
[MobFMM] near-field operator time: 11.107 ms
[MobFMM] overall Nearfield time: 11.935 ms
[MobFMM] near-field particles updates per sec: 4,189,221.30
[MobFMM] total GPU time: 22.738 ms
[MobFMM] total particles updates per sec: 2,198,960.53


[MobFMM] far-field FMM GPU time: 9.621 ms
Building spatial grid for neighbor search...
Positions shape: (50000,)
Counting neighbors per particle...
Total near-field pairs found: 1034974
Collecting neighbor edge indexes...
Warp::HashGrid took 0.62 ms
no of NN interactions: 1034974
[Mob_Nbody] Base velocity compute time: 3.248 ms
[Mob_Nbody] Post-base path time: 7.782 ms
[MobFMM] peak GPU memory: allocated 1029.78 MB, reserved 1578.00 MB
[MobFMM] near-field construction: 0.700 ms
[MobFMM] near-field operator time: 11.126 ms
[MobFMM] overall Nearfield time: 11.950 ms
[MobFMM] near-field particles updates per sec: 4,184,251.75
[MobFMM] total GPU time: 22.063 ms
[MobFMM] total particles updates per sec: 2,266,246.63


[MobFMM] far-field FMM GPU time: 9.955 ms
Building spatial grid for neighbor search...
Positions shape: (50000,)
Counting neighbors per particle...
Total near-field pairs found: 1034974
Collecting neighbor edge indexes...
Warp::HashGrid took 0.64 ms
no of NN interactions: 1034974
[Mob_Nbody] Base velocity compute time: 3.229 ms
[Mob_Nbody] Post-base path time: 7.797 ms
[MobFMM] peak GPU memory: allocated 1029.78 MB, reserved 1578.00 MB
[MobFMM] near-field construction: 0.734 ms
[MobFMM] near-field operator time: 11.126 ms
[MobFMM] overall Nearfield time: 11.986 ms
[MobFMM] near-field particles updates per sec: 4,171,594.84
[MobFMM] total GPU time: 22.425 ms
[MobFMM] total particles updates per sec: 2,229,683.87


[MobFMM] far-field FMM GPU time: 9.536 ms
Building spatial grid for neighbor search...
Positions shape: (50000,)
Counting neighbors per particle...
Total near-field pairs found: 1034974
Collecting neighbor edge indexes...
Warp::HashGrid took 0.63 ms
no of NN interactions: 1034974
[Mob_Nbody] Base velocity compute time: 3.230 ms
[Mob_Nbody] Post-base path time: 7.792 ms
[MobFMM] peak GPU memory: allocated 1029.78 MB, reserved 1578.00 MB
[MobFMM] near-field construction: 0.721 ms
[MobFMM] near-field operator time: 11.124 ms
[MobFMM] overall Nearfield time: 11.970 ms
[MobFMM] near-field particles updates per sec: 4,177,181.90
[MobFMM] total GPU time: 22.006 ms
[MobFMM] total particles updates per sec: 2,272,135.72


[MobFMM] far-field FMM GPU time: 9.539 ms
Building spatial grid for neighbor search...
Positions shape: (50000,)
Counting neighbors per particle...
Total near-field pairs found: 1034974
Collecting neighbor edge indexes...
Warp::HashGrid took 0.63 ms
no of NN interactions: 1034974
[Mob_Nbody] Base velocity compute time: 3.258 ms
[Mob_Nbody] Post-base path time: 7.807 ms
[MobFMM] peak GPU memory: allocated 1029.78 MB, reserved 1578.00 MB
[MobFMM] near-field construction: 0.721 ms
[MobFMM] near-field operator time: 11.167 ms
[MobFMM] overall Nearfield time: 12.009 ms
[MobFMM] near-field particles updates per sec: 4,163,424.71
[MobFMM] total GPU time: 22.038 ms
[MobFMM] total particles updates per sec: 2,268,836.49


[MobFMM] far-field FMM GPU time: 9.414 ms
Building spatial grid for neighbor search...
Positions shape: (50000,)
Counting neighbors per particle...
Total near-field pairs found: 1034974
Collecting neighbor edge indexes...
Warp::HashGrid took 0.62 ms
no of NN interactions: 1034974
[Mob_Nbody] Base velocity compute time: 3.222 ms
[Mob_Nbody] Post-base path time: 7.788 ms
[MobFMM] peak GPU memory: allocated 1029.78 MB, reserved 1578.00 MB
[MobFMM] near-field construction: 0.710 ms
[MobFMM] near-field operator time: 11.107 ms
[MobFMM] overall Nearfield time: 11.939 ms
[MobFMM] near-field particles updates per sec: 4,188,019.96
[MobFMM] total GPU time: 21.834 ms
[MobFMM] total particles updates per sec: 2,289,961.04


[MobFMM] far-field FMM GPU time: 9.431 ms
Building spatial grid for neighbor search...
Positions shape: (50000,)
Counting neighbors per particle...
Total near-field pairs found: 1034974
Collecting neighbor edge indexes...
Warp::HashGrid took 0.62 ms
no of NN interactions: 1034974
[Mob_Nbody] Base velocity compute time: 3.224 ms
[Mob_Nbody] Post-base path time: 7.794 ms
[MobFMM] peak GPU memory: allocated 1029.78 MB, reserved 1578.00 MB
[MobFMM] near-field construction: 0.711 ms
[MobFMM] near-field operator time: 11.115 ms
[MobFMM] overall Nearfield time: 11.948 ms
[MobFMM] near-field particles updates per sec: 4,184,823.20
[MobFMM] total GPU time: 21.857 ms
[MobFMM] total particles updates per sec: 2,287,577.45


[MobFMM] far-field FMM GPU time: 9.409 ms
Building spatial grid for neighbor search...
Positions shape: (50000,)
Counting neighbors per particle...
Total near-field pairs found: 1034974
Collecting neighbor edge indexes...
Warp::HashGrid took 0.61 ms
no of NN interactions: 1034974
[Mob_Nbody] Base velocity compute time: 3.220 ms
[Mob_Nbody] Post-base path time: 7.798 ms
[MobFMM] peak GPU memory: allocated 1029.78 MB, reserved 1578.00 MB
[MobFMM] near-field construction: 0.700 ms
[MobFMM] near-field operator time: 11.117 ms
[MobFMM] overall Nearfield time: 11.937 ms
[MobFMM] near-field particles updates per sec: 4,188,682.45
[MobFMM] total GPU time: 22.368 ms
[MobFMM] total particles updates per sec: 2,235,352.20


[MobFMM] far-field FMM GPU time: 9.700 ms
Building spatial grid for neighbor search...
Positions shape: (50000,)
Counting neighbors per particle...
Total near-field pairs found: 1034974
Collecting neighbor edge indexes...
Warp::HashGrid took 0.68 ms
no of NN interactions: 1034974
[Mob_Nbody] Base velocity compute time: 3.237 ms
[Mob_Nbody] Post-base path time: 7.800 ms
[MobFMM] peak GPU memory: allocated 1029.78 MB, reserved 1578.00 MB
[MobFMM] near-field construction: 0.772 ms
[MobFMM] near-field operator time: 11.143 ms
[MobFMM] overall Nearfield time: 12.042 ms
[MobFMM] near-field particles updates per sec: 4,152,150.70
[MobFMM] total GPU time: 22.249 ms
[MobFMM] total particles updates per sec: 2,247,308.91


[MobFMM] far-field FMM GPU time: 9.503 ms
Building spatial grid for neighbor search...
Positions shape: (50000,)
Counting neighbors per particle...
Total near-field pairs found: 1034974
Collecting neighbor edge indexes...
Warp::HashGrid took 0.62 ms
no of NN interactions: 1034974
[Mob_Nbody] Base velocity compute time: 3.232 ms
[Mob_Nbody] Post-base path time: 7.797 ms
[MobFMM] peak GPU memory: allocated 1029.78 MB, reserved 1578.00 MB
[MobFMM] near-field construction: 0.708 ms
[MobFMM] near-field operator time: 11.125 ms
[MobFMM] overall Nearfield time: 11.965 ms
[MobFMM] near-field particles updates per sec: 4,178,880.25
[MobFMM] total GPU time: 21.948 ms
[MobFMM] total particles updates per sec: 2,278,108.54


[MobFMM] far-field FMM GPU time: 9.415 ms
Building spatial grid for neighbor search...
Positions shape: (50000,)
Counting neighbors per particle...
Total near-field pairs found: 1034974
Collecting neighbor edge indexes...
Warp::HashGrid took 0.62 ms
no of NN interactions: 1034974
[Mob_Nbody] Base velocity compute time: 3.238 ms
[Mob_Nbody] Post-base path time: 7.805 ms
[MobFMM] peak GPU memory: allocated 1029.78 MB, reserved 1578.00 MB
[MobFMM] near-field construction: 0.705 ms
[MobFMM] near-field operator time: 11.141 ms
[MobFMM] overall Nearfield time: 11.970 ms
[MobFMM] near-field particles updates per sec: 4,177,137.30
[MobFMM] total GPU time: 21.876 ms
[MobFMM] total particles updates per sec: 2,285,599.69


[MobFMM] far-field FMM GPU time: 9.467 ms
Building spatial grid for neighbor search...
Positions shape: (50000,)
Counting neighbors per particle...
Total near-field pairs found: 1034974
Collecting neighbor edge indexes...
Warp::HashGrid took 0.61 ms
no of NN interactions: 1034974
[Mob_Nbody] Base velocity compute time: 3.244 ms
[Mob_Nbody] Post-base path time: 7.774 ms
[MobFMM] peak GPU memory: allocated 1029.78 MB, reserved 1578.00 MB
[MobFMM] near-field construction: 0.698 ms
[MobFMM] near-field operator time: 11.123 ms
[MobFMM] overall Nearfield time: 11.942 ms
[MobFMM] near-field particles updates per sec: 4,186,830.34
[MobFMM] total GPU time: 21.906 ms
[MobFMM] total particles updates per sec: 2,282,448.07


[MobFMM] far-field FMM GPU time: 9.476 ms
Building spatial grid for neighbor search...
Positions shape: (50000,)
Counting neighbors per particle...
Total near-field pairs found: 1034974
Collecting neighbor edge indexes...
Warp::HashGrid took 0.62 ms
no of NN interactions: 1034974
[Mob_Nbody] Base velocity compute time: 3.241 ms
[Mob_Nbody] Post-base path time: 7.798 ms
[MobFMM] peak GPU memory: allocated 1029.78 MB, reserved 1578.00 MB
[MobFMM] near-field construction: 0.704 ms
[MobFMM] near-field operator time: 11.140 ms
[MobFMM] overall Nearfield time: 11.965 ms
[MobFMM] near-field particles updates per sec: 4,178,690.07
[MobFMM] total GPU time: 21.948 ms
[MobFMM] total particles updates per sec: 2,278,065.38


[MobFMM] far-field FMM GPU time: 9.421 ms
Building spatial grid for neighbor search...
Positions shape: (50000,)
Counting neighbors per particle...
Total near-field pairs found: 1034974
Collecting neighbor edge indexes...
Warp::HashGrid took 0.62 ms
no of NN interactions: 1034974
[Mob_Nbody] Base velocity compute time: 3.228 ms
[Mob_Nbody] Post-base path time: 7.788 ms
[MobFMM] peak GPU memory: allocated 1029.78 MB, reserved 1578.00 MB
[MobFMM] near-field construction: 0.707 ms
[MobFMM] near-field operator time: 11.111 ms
[MobFMM] overall Nearfield time: 11.941 ms
[MobFMM] near-field particles updates per sec: 4,187,357.68
[MobFMM] total GPU time: 21.874 ms
[MobFMM] total particles updates per sec: 2,285,790.42


[MobFMM] far-field FMM GPU time: 9.432 ms
Building spatial grid for neighbor search...
Positions shape: (50000,)
Counting neighbors per particle...
Total near-field pairs found: 1034974
Collecting neighbor edge indexes...
Warp::HashGrid took 0.63 ms
no of NN interactions: 1034974
[Mob_Nbody] Base velocity compute time: 3.255 ms
[Mob_Nbody] Post-base path time: 7.822 ms
[MobFMM] peak GPU memory: allocated 1029.78 MB, reserved 1578.00 MB
[MobFMM] near-field construction: 0.717 ms
[MobFMM] near-field operator time: 11.178 ms
[MobFMM] overall Nearfield time: 12.023 ms
[MobFMM] near-field particles updates per sec: 4,158,748.36
[MobFMM] total GPU time: 21.969 ms
[MobFMM] total particles updates per sec: 2,275,895.36


[MobFMM] far-field FMM GPU time: 9.466 ms
Building spatial grid for neighbor search...
Positions shape: (50000,)
Counting neighbors per particle...
Total near-field pairs found: 1034974
Collecting neighbor edge indexes...
Warp::HashGrid took 0.62 ms
no of NN interactions: 1034974
[Mob_Nbody] Base velocity compute time: 3.248 ms
[Mob_Nbody] Post-base path time: 7.809 ms
[MobFMM] peak GPU memory: allocated 1029.78 MB, reserved 1578.00 MB
[MobFMM] near-field construction: 0.712 ms
[MobFMM] near-field operator time: 11.162 ms
[MobFMM] overall Nearfield time: 11.998 ms
[MobFMM] near-field particles updates per sec: 4,167,211.13
[MobFMM] total GPU time: 21.997 ms
[MobFMM] total particles updates per sec: 2,273,021.49


[MobFMM] far-field FMM GPU time: 9.431 ms
Building spatial grid for neighbor search...
Positions shape: (50000,)
Counting neighbors per particle...
Total near-field pairs found: 1034974
Collecting neighbor edge indexes...
Warp::HashGrid took 0.62 ms
no of NN interactions: 1034974
[Mob_Nbody] Base velocity compute time: 3.238 ms
[Mob_Nbody] Post-base path time: 7.783 ms
[MobFMM] peak GPU memory: allocated 1029.78 MB, reserved 1578.00 MB
[MobFMM] near-field construction: 0.709 ms
[MobFMM] near-field operator time: 11.118 ms
[MobFMM] overall Nearfield time: 11.952 ms
[MobFMM] near-field particles updates per sec: 4,183,489.85
[MobFMM] total GPU time: 21.917 ms
[MobFMM] total particles updates per sec: 2,281,361.54


[MobFMM] far-field FMM GPU time: 9.391 ms
Building spatial grid for neighbor search...
Positions shape: (50000,)
Counting neighbors per particle...
Total near-field pairs found: 1034974
Collecting neighbor edge indexes...
Warp::HashGrid took 0.62 ms
no of NN interactions: 1034974
[Mob_Nbody] Base velocity compute time: 3.242 ms
[Mob_Nbody] Post-base path time: 7.783 ms
[MobFMM] peak GPU memory: allocated 1029.78 MB, reserved 1578.00 MB
[MobFMM] near-field construction: 0.704 ms
[MobFMM] near-field operator time: 11.122 ms
[MobFMM] overall Nearfield time: 11.956 ms
[MobFMM] near-field particles updates per sec: 4,182,146.33
[MobFMM] total GPU time: 22.458 ms
[MobFMM] total particles updates per sec: 2,226,338.40


[MobFMM] far-field FMM GPU time: 9.488 ms
Building spatial grid for neighbor search...
Positions shape: (50000,)
Counting neighbors per particle...
Total near-field pairs found: 1034974
Collecting neighbor edge indexes...
Warp::HashGrid took 0.70 ms
no of NN interactions: 1034974
[Mob_Nbody] Base velocity compute time: 3.225 ms
[Mob_Nbody] Post-base path time: 7.802 ms
[MobFMM] peak GPU memory: allocated 1029.78 MB, reserved 1578.00 MB
[MobFMM] near-field construction: 0.784 ms
[MobFMM] near-field operator time: 11.125 ms
[MobFMM] overall Nearfield time: 12.032 ms
[MobFMM] near-field particles updates per sec: 4,155,585.25
[MobFMM] total GPU time: 22.018 ms
[MobFMM] total particles updates per sec: 2,270,913.78


[MobFMM] far-field FMM GPU time: 9.441 ms
Building spatial grid for neighbor search...
Positions shape: (50000,)
Counting neighbors per particle...
Total near-field pairs found: 1034974
Collecting neighbor edge indexes...
Warp::HashGrid took 0.64 ms
no of NN interactions: 1034974
[Mob_Nbody] Base velocity compute time: 3.226 ms
[Mob_Nbody] Post-base path time: 7.853 ms
[MobFMM] peak GPU memory: allocated 1029.78 MB, reserved 1578.00 MB
[MobFMM] near-field construction: 0.729 ms
[MobFMM] near-field operator time: 11.180 ms
[MobFMM] overall Nearfield time: 12.033 ms
[MobFMM] near-field particles updates per sec: 4,155,363.92
[MobFMM] total GPU time: 21.975 ms
[MobFMM] total particles updates per sec: 2,275,358.44


[MobFMM] far-field FMM GPU time: 9.488 ms
Building spatial grid for neighbor search...
Positions shape: (50000,)
Counting neighbors per particle...
Total near-field pairs found: 1034974
Collecting neighbor edge indexes...
Warp::HashGrid took 0.63 ms
no of NN interactions: 1034974
[Mob_Nbody] Base velocity compute time: 3.235 ms
[Mob_Nbody] Post-base path time: 7.798 ms
[MobFMM] peak GPU memory: allocated 1029.78 MB, reserved 1578.00 MB
[MobFMM] near-field construction: 0.717 ms
[MobFMM] near-field operator time: 11.132 ms
[MobFMM] overall Nearfield time: 11.974 ms
[MobFMM] near-field particles updates per sec: 4,175,697.43
[MobFMM] total GPU time: 21.983 ms
[MobFMM] total particles updates per sec: 2,274,437.69


[MobFMM] far-field FMM GPU time: 9.563 ms
Building spatial grid for neighbor search...
Positions shape: (50000,)
Counting neighbors per particle...
Total near-field pairs found: 1034974
Collecting neighbor edge indexes...
Warp::HashGrid took 0.66 ms
no of NN interactions: 1034974
[Mob_Nbody] Base velocity compute time: 3.256 ms
[Mob_Nbody] Post-base path time: 7.832 ms
[MobFMM] peak GPU memory: allocated 1029.78 MB, reserved 1578.00 MB
[MobFMM] near-field construction: 0.755 ms
[MobFMM] near-field operator time: 11.195 ms
[MobFMM] overall Nearfield time: 12.079 ms
[MobFMM] near-field particles updates per sec: 4,139,379.73
[MobFMM] total GPU time: 22.182 ms
[MobFMM] total particles updates per sec: 2,254,035.97


[MobFMM] far-field FMM GPU time: 9.401 ms
Building spatial grid for neighbor search...
Positions shape: (50000,)
Counting neighbors per particle...
Total near-field pairs found: 1034974
Collecting neighbor edge indexes...
Warp::HashGrid took 0.64 ms
no of NN interactions: 1034974
[Mob_Nbody] Base velocity compute time: 3.252 ms
[Mob_Nbody] Post-base path time: 7.853 ms
[MobFMM] peak GPU memory: allocated 1029.78 MB, reserved 1578.00 MB
[MobFMM] near-field construction: 0.729 ms
[MobFMM] near-field operator time: 11.233 ms
[MobFMM] overall Nearfield time: 12.089 ms
[MobFMM] near-field particles updates per sec: 4,135,895.56
[MobFMM] total GPU time: 22.199 ms
[MobFMM] total particles updates per sec: 2,252,398.28


[MobFMM] far-field FMM GPU time: 9.471 ms
Building spatial grid for neighbor search...
Positions shape: (50000,)
Counting neighbors per particle...
Total near-field pairs found: 1034974
Collecting neighbor edge indexes...
Warp::HashGrid took 0.64 ms
no of NN interactions: 1034974
[Mob_Nbody] Base velocity compute time: 3.269 ms
[Mob_Nbody] Post-base path time: 7.883 ms
[MobFMM] peak GPU memory: allocated 1029.78 MB, reserved 1578.00 MB
[MobFMM] near-field construction: 0.731 ms
[MobFMM] near-field operator time: 11.254 ms
[MobFMM] overall Nearfield time: 12.109 ms
[MobFMM] near-field particles updates per sec: 4,129,031.93
[MobFMM] total GPU time: 22.138 ms
[MobFMM] total particles updates per sec: 2,258,581.10


[MobFMM] far-field FMM GPU time: 9.448 ms
Building spatial grid for neighbor search...
Positions shape: (50000,)
Counting neighbors per particle...
Total near-field pairs found: 1034974
Collecting neighbor edge indexes...
Warp::HashGrid took 0.63 ms
no of NN interactions: 1034974
[Mob_Nbody] Base velocity compute time: 3.266 ms
[Mob_Nbody] Post-base path time: 7.849 ms
[MobFMM] peak GPU memory: allocated 1029.78 MB, reserved 1578.00 MB
[MobFMM] near-field construction: 0.739 ms
[MobFMM] near-field operator time: 11.220 ms
[MobFMM] overall Nearfield time: 12.109 ms
[MobFMM] near-field particles updates per sec: 4,129,151.93
[MobFMM] total GPU time: 22.107 ms
[MobFMM] total particles updates per sec: 2,261,709.85


[MobFMM] far-field FMM GPU time: 9.466 ms
Building spatial grid for neighbor search...
Positions shape: (50000,)
Counting neighbors per particle...
Total near-field pairs found: 1034974
Collecting neighbor edge indexes...
Warp::HashGrid took 0.62 ms
no of NN interactions: 1034974
[Mob_Nbody] Base velocity compute time: 3.235 ms
[Mob_Nbody] Post-base path time: 7.795 ms
[MobFMM] peak GPU memory: allocated 1029.78 MB, reserved 1578.00 MB
[MobFMM] near-field construction: 0.714 ms
[MobFMM] near-field operator time: 11.128 ms
[MobFMM] overall Nearfield time: 11.966 ms
[MobFMM] near-field particles updates per sec: 4,178,578.50
[MobFMM] total GPU time: 21.983 ms
[MobFMM] total particles updates per sec: 2,274,490.57


[MobFMM] far-field FMM GPU time: 9.404 ms
Building spatial grid for neighbor search...
Positions shape: (50000,)
Counting neighbors per particle...
Total near-field pairs found: 1034974
Collecting neighbor edge indexes...
Warp::HashGrid took 0.63 ms
no of NN interactions: 1034974
[Mob_Nbody] Base velocity compute time: 3.225 ms
[Mob_Nbody] Post-base path time: 7.805 ms
[MobFMM] peak GPU memory: allocated 1029.78 MB, reserved 1578.00 MB
[MobFMM] near-field construction: 0.721 ms
[MobFMM] near-field operator time: 11.127 ms
[MobFMM] overall Nearfield time: 11.969 ms
[MobFMM] near-field particles updates per sec: 4,177,416.54
[MobFMM] total GPU time: 21.947 ms
[MobFMM] total particles updates per sec: 2,278,241.39


[MobFMM] far-field FMM GPU time: 9.399 ms
Building spatial grid for neighbor search...
Positions shape: (50000,)
Counting neighbors per particle...
Total near-field pairs found: 1034974
Collecting neighbor edge indexes...
Warp::HashGrid took 0.63 ms
no of NN interactions: 1034974
[Mob_Nbody] Base velocity compute time: 3.254 ms
[Mob_Nbody] Post-base path time: 7.851 ms
[MobFMM] peak GPU memory: allocated 1029.78 MB, reserved 1578.00 MB
[MobFMM] near-field construction: 0.714 ms
[MobFMM] near-field operator time: 11.209 ms
[MobFMM] overall Nearfield time: 12.045 ms
[MobFMM] near-field particles updates per sec: 4,151,213.08
[MobFMM] total GPU time: 21.986 ms
[MobFMM] total particles updates per sec: 2,274,166.18


[MobFMM] far-field FMM GPU time: 9.453 ms
Building spatial grid for neighbor search...
Positions shape: (50000,)
Counting neighbors per particle...
Total near-field pairs found: 1034974
Collecting neighbor edge indexes...
Warp::HashGrid took 0.62 ms
no of NN interactions: 1034974
[Mob_Nbody] Base velocity compute time: 3.229 ms
[Mob_Nbody] Post-base path time: 7.795 ms
[MobFMM] peak GPU memory: allocated 1029.78 MB, reserved 1578.00 MB
[MobFMM] near-field construction: 0.705 ms
[MobFMM] near-field operator time: 11.121 ms
[MobFMM] overall Nearfield time: 11.945 ms
[MobFMM] near-field particles updates per sec: 4,185,731.29
[MobFMM] total GPU time: 22.557 ms
[MobFMM] total particles updates per sec: 2,216,598.09


[MobFMM] far-field FMM GPU time: 9.434 ms
Building spatial grid for neighbor search...
Positions shape: (50000,)
Counting neighbors per particle...
Total near-field pairs found: 1034974
Collecting neighbor edge indexes...
Warp::HashGrid took 0.74 ms
no of NN interactions: 1034974
[Mob_Nbody] Base velocity compute time: 3.248 ms
[Mob_Nbody] Post-base path time: 7.817 ms
[MobFMM] peak GPU memory: allocated 1029.78 MB, reserved 1578.00 MB
[MobFMM] near-field construction: 0.838 ms
[MobFMM] near-field operator time: 11.167 ms
[MobFMM] overall Nearfield time: 12.138 ms
[MobFMM] near-field particles updates per sec: 4,119,278.43
[MobFMM] total GPU time: 22.092 ms
[MobFMM] total particles updates per sec: 2,263,213.58


[MobFMM] far-field FMM GPU time: 9.399 ms
Building spatial grid for neighbor search...
Positions shape: (50000,)
Counting neighbors per particle...
Total near-field pairs found: 1034974
Collecting neighbor edge indexes...
Warp::HashGrid took 0.61 ms
no of NN interactions: 1034974
[Mob_Nbody] Base velocity compute time: 3.232 ms
[Mob_Nbody] Post-base path time: 7.809 ms
[MobFMM] peak GPU memory: allocated 1029.78 MB, reserved 1578.00 MB
[MobFMM] near-field construction: 0.705 ms
[MobFMM] near-field operator time: 11.142 ms
[MobFMM] overall Nearfield time: 11.969 ms
[MobFMM] near-field particles updates per sec: 4,177,338.33
[MobFMM] total GPU time: 21.887 ms
[MobFMM] total particles updates per sec: 2,284,510.36


[MobFMM] far-field FMM GPU time: 9.423 ms
Building spatial grid for neighbor search...
Positions shape: (50000,)
Counting neighbors per particle...
Total near-field pairs found: 1034974
Collecting neighbor edge indexes...
Warp::HashGrid took 0.61 ms
no of NN interactions: 1034974
[Mob_Nbody] Base velocity compute time: 3.239 ms
[Mob_Nbody] Post-base path time: 7.836 ms
[MobFMM] peak GPU memory: allocated 1029.78 MB, reserved 1578.00 MB
[MobFMM] near-field construction: 0.706 ms
[MobFMM] near-field operator time: 11.180 ms
[MobFMM] overall Nearfield time: 12.011 ms
[MobFMM] near-field particles updates per sec: 4,162,981.06
[MobFMM] total GPU time: 21.976 ms
[MobFMM] total particles updates per sec: 2,275,229.28


[MobFMM] far-field FMM GPU time: 9.474 ms
Building spatial grid for neighbor search...
Positions shape: (50000,)
Counting neighbors per particle...
Total near-field pairs found: 1034974
Collecting neighbor edge indexes...
Warp::HashGrid took 0.63 ms
no of NN interactions: 1034974
[Mob_Nbody] Base velocity compute time: 3.233 ms
[Mob_Nbody] Post-base path time: 7.815 ms
[MobFMM] peak GPU memory: allocated 1029.78 MB, reserved 1578.00 MB
[MobFMM] near-field construction: 0.728 ms
[MobFMM] near-field operator time: 11.153 ms
[MobFMM] overall Nearfield time: 12.019 ms
[MobFMM] near-field particles updates per sec: 4,159,977.53
[MobFMM] total GPU time: 22.509 ms
[MobFMM] total particles updates per sec: 2,221,334.55


[MobFMM] far-field FMM GPU time: 9.762 ms
Building spatial grid for neighbor search...
Positions shape: (50000,)
Counting neighbors per particle...
Total near-field pairs found: 1034974
Collecting neighbor edge indexes...
Warp::HashGrid took 0.71 ms
no of NN interactions: 1034974
[Mob_Nbody] Base velocity compute time: 3.309 ms
[Mob_Nbody] Post-base path time: 7.918 ms
[MobFMM] peak GPU memory: allocated 1029.78 MB, reserved 1578.00 MB
[MobFMM] near-field construction: 0.810 ms
[MobFMM] near-field operator time: 11.337 ms
[MobFMM] overall Nearfield time: 12.291 ms
[MobFMM] near-field particles updates per sec: 4,068,141.81
[MobFMM] total GPU time: 22.712 ms
[MobFMM] total particles updates per sec: 2,201,526.00


[MobFMM] far-field FMM GPU time: 10.490 ms
Building spatial grid for neighbor search...
Positions shape: (50000,)
Counting neighbors per particle...
Total near-field pairs found: 1034974
Collecting neighbor edge indexes...
Warp::HashGrid took 0.64 ms
no of NN interactions: 1034974
[Mob_Nbody] Base velocity compute time: 3.245 ms
[Mob_Nbody] Post-base path time: 7.776 ms
[MobFMM] peak GPU memory: allocated 1029.78 MB, reserved 1578.00 MB
[MobFMM] near-field construction: 0.724 ms
[MobFMM] near-field operator time: 11.120 ms
[MobFMM] overall Nearfield time: 11.965 ms
[MobFMM] near-field particles updates per sec: 4,178,690.07
[MobFMM] total GPU time: 22.981 ms
[MobFMM] total particles updates per sec: 2,175,753.62


[MobFMM] far-field FMM GPU time: 9.418 ms
Building spatial grid for neighbor search...
Positions shape: (50000,)
Counting neighbors per particle...
Total near-field pairs found: 1034974
Collecting neighbor edge indexes...
Warp::HashGrid took 0.62 ms
no of NN interactions: 1034974
[Mob_Nbody] Base velocity compute time: 3.224 ms
[Mob_Nbody] Post-base path time: 7.791 ms
[MobFMM] peak GPU memory: allocated 1029.78 MB, reserved 1578.00 MB
[MobFMM] near-field construction: 0.705 ms
[MobFMM] near-field operator time: 11.114 ms
[MobFMM] overall Nearfield time: 11.939 ms
[MobFMM] near-field particles updates per sec: 4,188,076.16
[MobFMM] total GPU time: 21.875 ms
[MobFMM] total particles updates per sec: 2,285,663.27


[MobFMM] far-field FMM GPU time: 9.381 ms
Building spatial grid for neighbor search...
Positions shape: (50000,)
Counting neighbors per particle...
Total near-field pairs found: 1034974
Collecting neighbor edge indexes...
Warp::HashGrid took 0.62 ms
no of NN interactions: 1034974
[Mob_Nbody] Base velocity compute time: 3.220 ms
[Mob_Nbody] Post-base path time: 7.775 ms
[MobFMM] peak GPU memory: allocated 1029.78 MB, reserved 1578.00 MB
[MobFMM] near-field construction: 0.708 ms
[MobFMM] near-field operator time: 11.097 ms
[MobFMM] overall Nearfield time: 11.929 ms
[MobFMM] near-field particles updates per sec: 4,191,491.34
[MobFMM] total GPU time: 21.951 ms
[MobFMM] total particles updates per sec: 2,277,826.26


[MobFMM] far-field FMM GPU time: 9.787 ms
Building spatial grid for neighbor search...
Positions shape: (50000,)
Counting neighbors per particle...
Total near-field pairs found: 1034974
Collecting neighbor edge indexes...
Warp::HashGrid took 0.69 ms
no of NN interactions: 1034974
[Mob_Nbody] Base velocity compute time: 3.312 ms
[Mob_Nbody] Post-base path time: 7.928 ms
[MobFMM] peak GPU memory: allocated 1029.78 MB, reserved 1578.00 MB
[MobFMM] near-field construction: 0.784 ms
[MobFMM] near-field operator time: 11.349 ms
[MobFMM] overall Nearfield time: 12.284 ms
[MobFMM] near-field particles updates per sec: 4,070,271.75
[MobFMM] total GPU time: 22.753 ms
[MobFMM] total particles updates per sec: 2,197,469.84


[MobFMM] far-field FMM GPU time: 9.468 ms
Building spatial grid for neighbor search...
Positions shape: (50000,)
Counting neighbors per particle...
Total near-field pairs found: 1034974
Collecting neighbor edge indexes...
Warp::HashGrid took 0.62 ms
no of NN interactions: 1034974
[Mob_Nbody] Base velocity compute time: 3.224 ms
[Mob_Nbody] Post-base path time: 7.772 ms
[MobFMM] peak GPU memory: allocated 1029.78 MB, reserved 1578.00 MB
[MobFMM] near-field construction: 0.710 ms
[MobFMM] near-field operator time: 11.094 ms
[MobFMM] overall Nearfield time: 11.927 ms
[MobFMM] near-field particles updates per sec: 4,192,188.79
[MobFMM] total GPU time: 22.530 ms
[MobFMM] total particles updates per sec: 2,219,226.88


[MobFMM] far-field FMM GPU time: 9.437 ms
Building spatial grid for neighbor search...
Positions shape: (50000,)
Counting neighbors per particle...
Total near-field pairs found: 1034974
Collecting neighbor edge indexes...
Warp::HashGrid took 0.68 ms
no of NN interactions: 1034974
[Mob_Nbody] Base velocity compute time: 3.234 ms
[Mob_Nbody] Post-base path time: 7.803 ms
[MobFMM] peak GPU memory: allocated 1029.78 MB, reserved 1578.00 MB
[MobFMM] near-field construction: 0.775 ms
[MobFMM] near-field operator time: 11.133 ms
[MobFMM] overall Nearfield time: 12.031 ms
[MobFMM] near-field particles updates per sec: 4,155,894.56
[MobFMM] total GPU time: 21.975 ms
[MobFMM] total particles updates per sec: 2,275,351.72


[MobFMM] far-field FMM GPU time: 9.440 ms
Building spatial grid for neighbor search...
Positions shape: (50000,)
Counting neighbors per particle...
Total near-field pairs found: 1034974
Collecting neighbor edge indexes...
Warp::HashGrid took 0.62 ms
no of NN interactions: 1034974
[Mob_Nbody] Base velocity compute time: 3.233 ms
[Mob_Nbody] Post-base path time: 7.780 ms
[MobFMM] peak GPU memory: allocated 1029.78 MB, reserved 1578.00 MB
[MobFMM] near-field construction: 0.705 ms
[MobFMM] near-field operator time: 11.112 ms
[MobFMM] overall Nearfield time: 11.946 ms
[MobFMM] near-field particles updates per sec: 4,185,495.71
[MobFMM] total GPU time: 21.886 ms
[MobFMM] total particles updates per sec: 2,284,540.42


[MobFMM] far-field FMM GPU time: 9.408 ms
Building spatial grid for neighbor search...
Positions shape: (50000,)
Counting neighbors per particle...
Total near-field pairs found: 1034974
Collecting neighbor edge indexes...
Warp::HashGrid took 0.61 ms
no of NN interactions: 1034974
[Mob_Nbody] Base velocity compute time: 3.251 ms
[Mob_Nbody] Post-base path time: 7.787 ms
[MobFMM] peak GPU memory: allocated 1029.78 MB, reserved 1578.00 MB
[MobFMM] near-field construction: 0.701 ms
[MobFMM] near-field operator time: 11.136 ms
[MobFMM] overall Nearfield time: 11.962 ms
[MobFMM] near-field particles updates per sec: 4,179,863.74
[MobFMM] total GPU time: 21.879 ms
[MobFMM] total particles updates per sec: 2,285,248.82


[MobFMM] far-field FMM GPU time: 9.510 ms
Building spatial grid for neighbor search...
Positions shape: (50000,)
Counting neighbors per particle...
Total near-field pairs found: 1034974
Collecting neighbor edge indexes...
Warp::HashGrid took 0.63 ms
no of NN interactions: 1034974
[Mob_Nbody] Base velocity compute time: 3.237 ms
[Mob_Nbody] Post-base path time: 7.798 ms
[MobFMM] peak GPU memory: allocated 1029.78 MB, reserved 1578.00 MB
[MobFMM] near-field construction: 0.724 ms
[MobFMM] near-field operator time: 11.134 ms
[MobFMM] overall Nearfield time: 11.992 ms
[MobFMM] near-field particles updates per sec: 4,169,557.51
[MobFMM] total GPU time: 22.023 ms
[MobFMM] total particles updates per sec: 2,270,372.72


[MobFMM] far-field FMM GPU time: 10.420 ms
Building spatial grid for neighbor search...
Positions shape: (50000,)
Counting neighbors per particle...
Total near-field pairs found: 1034974
Collecting neighbor edge indexes...
Warp::HashGrid took 0.63 ms
no of NN interactions: 1034974
[Mob_Nbody] Base velocity compute time: 3.234 ms
[Mob_Nbody] Post-base path time: 7.791 ms
[MobFMM] peak GPU memory: allocated 1029.78 MB, reserved 1578.00 MB
[MobFMM] near-field construction: 0.729 ms
[MobFMM] near-field operator time: 11.122 ms
[MobFMM] overall Nearfield time: 11.977 ms
[MobFMM] near-field particles updates per sec: 4,174,838.23
[MobFMM] total GPU time: 23.025 ms
[MobFMM] total particles updates per sec: 2,171,523.19


[MobFMM] far-field FMM GPU time: 10.578 ms
Building spatial grid for neighbor search...
Positions shape: (50000,)
Counting neighbors per particle...
Total near-field pairs found: 1034974
Collecting neighbor edge indexes...
Warp::HashGrid took 0.72 ms
no of NN interactions: 1034974
[Mob_Nbody] Base velocity compute time: 3.345 ms
[Mob_Nbody] Post-base path time: 7.887 ms
[MobFMM] peak GPU memory: allocated 1029.78 MB, reserved 1578.00 MB
[MobFMM] near-field construction: 0.831 ms
[MobFMM] near-field operator time: 11.339 ms
[MobFMM] overall Nearfield time: 12.315 ms
[MobFMM] near-field particles updates per sec: 4,060,149.83
[MobFMM] total GPU time: 23.598 ms
[MobFMM] total particles updates per sec: 2,118,825.04


[MobFMM] far-field FMM GPU time: 10.330 ms
Building spatial grid for neighbor search...
Positions shape: (50000,)
Counting neighbors per particle...
Total near-field pairs found: 1034974
Collecting neighbor edge indexes...
Warp::HashGrid took 0.69 ms
no of NN interactions: 1034974
[Mob_Nbody] Base velocity compute time: 3.312 ms
[Mob_Nbody] Post-base path time: 7.873 ms
[MobFMM] peak GPU memory: allocated 1029.78 MB, reserved 1578.00 MB
[MobFMM] near-field construction: 0.804 ms
[MobFMM] near-field operator time: 11.284 ms
[MobFMM] overall Nearfield time: 12.223 ms
[MobFMM] near-field particles updates per sec: 4,090,635.52
[MobFMM] total GPU time: 23.241 ms
[MobFMM] total particles updates per sec: 2,151,329.71


[MobFMM] far-field FMM GPU time: 10.792 ms
Building spatial grid for neighbor search...
Positions shape: (50000,)
Counting neighbors per particle...
Total near-field pairs found: 1034974
Collecting neighbor edge indexes...
Warp::HashGrid took 0.74 ms
no of NN interactions: 1034974
[Mob_Nbody] Base velocity compute time: 3.371 ms
[Mob_Nbody] Post-base path time: 7.931 ms
[MobFMM] peak GPU memory: allocated 1029.78 MB, reserved 1578.00 MB
[MobFMM] near-field construction: 0.860 ms
[MobFMM] near-field operator time: 11.403 ms
[MobFMM] overall Nearfield time: 12.408 ms
[MobFMM] near-field particles updates per sec: 4,029,689.57
[MobFMM] total GPU time: 23.901 ms
[MobFMM] total particles updates per sec: 2,091,960.59


[MobFMM] far-field FMM GPU time: 10.995 ms
Building spatial grid for neighbor search...
Positions shape: (50000,)
Counting neighbors per particle...
Total near-field pairs found: 1034974
Collecting neighbor edge indexes...
Warp::HashGrid took 0.74 ms
no of NN interactions: 1034974
[Mob_Nbody] Base velocity compute time: 3.385 ms
[Mob_Nbody] Post-base path time: 7.937 ms
[MobFMM] peak GPU memory: allocated 1029.78 MB, reserved 1578.00 MB
[MobFMM] near-field construction: 0.871 ms
[MobFMM] near-field operator time: 11.424 ms
[MobFMM] overall Nearfield time: 12.441 ms
[MobFMM] near-field particles updates per sec: 4,018,910.08
[MobFMM] total GPU time: 24.128 ms
[MobFMM] total particles updates per sec: 2,072,322.43


@@ N=50,000  total=23.42 ms (+-0.33)  far=10.99 ms  2.135 M updates/s  VRAM 1.01 GB

wrote 1 rows -> results/fig12_5090_50000_rerun2.csv

 N          total ms    far ms   M updates/s   VRAM GB
    50,000     23.42     10.99        2.135      1.01
