cfg,family,param,P,stage,err2_lin,true2_lin,err2_ang,true2_ang
469,chain,0,12,2b,1.1587078e-06,0.12225201,9.8151408e-09,0.044576874
469,chain,0,12,b1,1.1647947e-06,0.12225201,1.9334831e-08,0.044576874
469,chain,0,12,moments,5.4577705e-07,0.12225201,9.3270536e-09,0.044576874
469,chain,0,12,diag,7.2201852e-07,0.12225201,1.0529954e-08,0.044576874
1832,chain,0,12,2b,4.5219195e-06,0.089691434,4.5272531e-08,0.086234701
1832,chain,0,12,b1,3.6036995e-06,0.089691434,6.7401988e-08,0.086234701
1832,chain,0,12,moments,2.8296695e-06,0.089691434,3.1259875e-08,0.086234701
1832,chain,0,12,diag,3.4901902e-06,0.089691434,2.9913601e-08,0.086234701
2280,chain,0,16,2b,3.4404686e-05,0.20318052,5.7328536e-07,0.081371613
2280,chain,0,16,b1,2.7179216e-05,0.20318052,5.3956399e-07,0.081371613
2280,chain,0,16,moments,1.0980807e-05,0.20318052,5.611549e-08,0.081371613
2280,chain,0,16,diag,1.1863504e-05,0.20318052,5.484721e-08,0.081371613
2390,chain,0,16,2b,0.00019593104,0.17617964,1.809592e-05,0.098332558
2390,chain,0,16,b1,4.384958e-05,0.17617964,4.623714e-06,0.098332558
2390,chain,0,16,moments,4.9686355e-05,0.17617964,1.2682904e-06,0.098332558
2390,chain,0,16,diag,4.7389421e-05,0.17617964,6.7460888e-07,0.098332558
2205,chain,0,16,2b,0.0001102967,0.10563061,1.3913732e-07,0.10400344
2205,chain,0,16,b1,1.2120919e-05,0.10563061,1.024027e-07,0.10400344
2205,chain,0,16,moments,8.8535682e-06,0.10563061,4.47542e-08,0.10400344
2205,chain,0,16,diag,7.7888643e-06,0.10563061,5.5405562e-08,0.10400344
2072,chain,0,16,2b,1.8384877e-05,0.078821548,8.9460287e-06,0.07833617
2072,chain,0,16,b1,7.2681229e-06,0.078821548,8.717597e-07,0.07833617
2072,chain,0,16,moments,9.542152e-06,0.078821548,2.2174882e-07,0.07833617
2072,chain,0,16,diag,9.3271979e-06,0.078821548,2.179345e-07,0.07833617
3291,chain,0,12,2b,1.8944712e-05,0.11330262,6.8027088e-08,0.071030824
3291,chain,0,12,b1,4.7188245e-06,0.11330262,7.0234586e-08,0.071030824
3291,chain,0,12,moments,7.9214062e-06,0.11330262,2.3364901e-08,0.071030824
3291,chain,0,12,diag,7.3658308e-06,0.11330262,2.4653848e-08,0.071030824
4273,chain,0,12,2b,8.1940673e-05,0.11728562,4.3570085e-06,0.049715589
4273,chain,0,12,b1,6.0452813e-05,0.11728562,2.2667339e-06,0.049715589
4273,chain,0,12,moments,6.7606639e-05,0.11728562,6.7548764e-07,0.049715589
4273,chain,0,12,diag,6.677923e-05,0.11728562,5.6846907e-07,0.049715589
4262,chain,0,12,2b,4.6315272e-05,0.087450953,4.4288749e-07,0.057049007
4262,chain,0,12,b1,2.7546144e-05,0.087450953,5.4542168e-07,0.057049007
4262,chain,0,12,moments,1.4103796e-05,0.087450953,1.7437121e-07,0.057049007
4262,chain,0,12,diag,1.277239e-05,0.087450953,1.7146082e-07,0.057049007
5596,chain,0,12,2b,4.3155041e-05,0.14446188,2.2133711e-07,0.050071212
5596,chain,0,12,b1,2.3872508e-05,0.14446188,9.4782888e-08,0.050071212
5596,chain,0,12,moments,9.9777525e-06,0.14446188,9.8211868e-09,0.050071212
5596,chain,0,12,diag,9.0984535e-06,0.14446188,1.572818e-08,0.050071212
5959,chain,0,16,2b,0.00031338784,0.16035397,2.0189244e-06,0.071192924
5959,chain,0,16,b1,8.013113e-05,0.16035397,8.4745927e-07,0.071192924
5959,chain,0,16,moments,5.1852866e-05,0.16035397,1.6654831e-07,0.071192924
5959,chain,0,16,diag,5.095829e-05,0.16035397,1.4034205e-07,0.071192924
6062,chain,0,16,2b,6.5620839e-05,0.1963562,4.287386e-06,0.088636903
6062,chain,0,16,b1,2.1571817e-05,0.1963562,8.6785932e-07,0.088636903
6062,chain,0,16,moments,8.3102978e-06,0.1963562,1.2978146e-07,0.088636903
6062,chain,0,16,diag,7.9737847e-06,0.1963562,1.0823632e-07,0.088636903
6483,grown,0.050000001,12,2b,0.0030830831,0.18100048,0.0014090644,0.031694398
6483,grown,0.050000001,12,b1,0.0014149248,0.18100048,0.00032605331,0.031694398
6483,grown,0.050000001,12,moments,0.00047703559,0.18100048,0.0002810508,0.031694398
6483,grown,0.050000001,12,diag,0.0003178241,0.18100048,0.00013406879,0.031694398
7088,grown,0.050000001,12,2b,0.0055049456,0.27720803,0.001797434,0.028539112
7088,grown,0.050000001,12,b1,0.0017139002,0.27720803,0.00071842765,0.028539112
7088,grown,0.050000001,12,moments,0.00052531782,0.27720803,0.00040647546,0.028539112
7088,grown,0.050000001,12,diag,0.00041089144,0.27720803,0.00023104957,0.028539112
7046,grown,0.050000001,12,2b,0.0025611242,0.11143726,0.00062670447,0.043532339
7046,grown,0.050000001,12,b1,0.0010219569,0.11143726,0.00033326334,0.043532339
7046,grown,0.050000001,12,moments,0.00036104704,0.11143726,0.00015479085,0.043532339
7046,grown,0.050000001,12,diag,0.00031605942,0.11143726,0.00013875047,0.043532339
6854,grown,0.050000001,12,2b,0.0028732218,0.27042539,0.00069927154,0.045599455
6854,grown,0.050000001,12,b1,0.0013495014,0.27042539,0.00023277245,0.045599455
6854,grown,0.050000001,12,moments,0.000933884,0.27042539,0.00019230695,0.045599455
6854,grown,0.050000001,12,diag,0.00068853066,0.27042539,0.00012117736,0.045599455
6963,grown,0.050000001,12,2b,0.0074688944,0.091647561,0.0012877331,0.042213281
6963,grown,0.050000001,12,b1,0.0039253124,0.091647561,0.00058851303,0.042213281
6963,grown,0.050000001,12,moments,0.0016173393,0.091647561,0.00019106823,0.042213281
6963,grown,0.050000001,12,diag,0.0014132309,0.091647561,0.00013809706,0.042213281
7927,grown,0.050000001,12,2b,0.004877861,0.056464088,0.00083137211,0.052472925
7927,grown,0.050000001,12,b1,0.0014134674,0.056464088,0.00054660159,0.052472925
7927,grown,0.050000001,12,moments,0.00044630098,0.056464088,0.00031338988,0.052472925
7927,grown,0.050000001,12,diag,0.00036390404,0.056464088,0.00015600833,0.052472925
8175,grown,0.050000001,16,2b,0.0089188492,0.20305518,0.0013985404,0.061663652
8175,grown,0.050000001,16,b1,0.002698937,0.20305518,0.00091841926,0.061663652
8175,grown,0.050000001,16,moments,0.0007172193,0.20305518,0.00031454471,0.061663652
8175,grown,0.050000001,16,diag,0.00064025194,0.20305518,0.00025225358,0.061663652
7936,grown,0.050000001,16,2b,0.0052335365,0.28614317,0.0015912977,0.05384469
7936,grown,0.050000001,16,b1,0.0016039604,0.28614317,0.00099430266,0.05384469
7936,grown,0.050000001,16,moments,0.0004301179,0.28614317,0.00036247241,0.05384469
7936,grown,0.050000001,16,diag,0.00030884858,0.28614317,0.00023557764,0.05384469
8393,grown,0.050000001,16,2b,0.0045522632,0.21089819,0.00092020181,0.061878511
8393,grown,0.050000001,16,b1,0.0018942165,0.21089819,0.00040034769,0.061878511
8393,grown,0.050000001,16,moments,0.001014207,0.21089819,0.00022095687,0.061878511
8393,grown,0.050000001,16,diag,0.0008745396,0.21089819,0.00014397047,0.061878511
8151,grown,0.050000001,16,2b,0.0059528037,0.15785988,0.0021713268,0.056270039
8151,grown,0.050000001,16,b1,0.0018361432,0.15785988,0.00074819383,0.056270039
8151,grown,0.050000001,16,moments,0.00049653708,0.15785988,0.0003439364,0.056270039
8151,grown,0.050000001,16,diag,0.00048884603,0.15785988,0.0001444685,0.056270039
8856,grown,0.050000001,16,2b,0.012565379,0.19508536,0.0028793743,0.082882542
8856,grown,0.050000001,16,b1,0.002291845,0.19508536,0.0012553951,0.082882542
8856,grown,0.050000001,16,moments,0.00077787049,0.19508536,0.00068305809,0.082882542
8856,grown,0.050000001,16,diag,0.00054133389,0.19508536,0.00038326412,0.082882542
8948,grown,0.050000001,16,2b,0.0054811737,0.33697122,0.0015317548,0.056295548
8948,grown,0.050000001,16,b1,0.0021469828,0.33697122,0.00057653566,0.056295548
8948,grown,0.050000001,16,moments,0.00068452339,0.33697122,0.00033505395,0.056295548
8948,grown,0.050000001,16,diag,0.00054186397,0.33697122,0.00021302244,0.056295548
9185,grown,0.050000001,24,2b,0.017184168,0.73092178,0.0042244371,0.10486566
9185,grown,0.050000001,24,b1,0.0069238942,0.73092178,0.0017640312,0.10486566
9185,grown,0.050000001,24,moments,0.0022660035,0.73092178,0.00059765662,0.10486566
9185,grown,0.050000001,24,diag,0.0019872765,0.73092178,0.00041057221,0.10486566
9192,grown,0.050000001,24,2b,0.011525216,0.13278151,0.0032933514,0.082575818
9192,grown,0.050000001,24,b1,0.0020344706,0.13278151,0.0011917905,0.082575818
9192,grown,0.050000001,24,moments,0.0010921217,0.13278151,0.00083436833,0.082575818
9192,grown,0.050000001,24,diag,0.00091018938,0.13278151,0.00053720952,0.082575818
9056,grown,0.050000001,24,2b,0.011738577,0.62442263,0.0031987661,0.062092858
9056,grown,0.050000001,24,b1,0.00305096,0.62442263,0.0013252658,0.062092858
9056,grown,0.050000001,24,moments,0.0014789352,0.62442263,0.00066079108,0.062092858
9056,grown,0.050000001,24,diag,0.0010523566,0.62442263,0.00030105547,0.062092858
9324,grown,0.050000001,24,2b,0.021974479,0.63683524,0.0033855435,0.079495184
9324,grown,0.050000001,24,b1,0.0052191992,0.63683524,0.0013311347,0.079495184
9324,grown,0.050000001,24,moments,0.001759511,0.63683524,0.00072971931,0.079495184
9324,grown,0.050000001,24,diag,0.0012701497,0.63683524,0.00039884828,0.079495184
9693,grown,0.050000001,24,2b,0.015978146,0.28023353,0.0035718588,0.079162352
9693,grown,0.050000001,24,b1,0.0056879523,0.28023353,0.0014858654,0.079162352
9693,grown,0.050000001,24,moments,0.0024720067,0.28023353,0.00045616588,0.079162352
9693,grown,0.050000001,24,diag,0.0021552133,0.28023353,0.00028066415,0.079162352
9443,grown,0.050000001,24,2b,0.012934954,0.64368412,0.0024253085,0.078102228
9443,grown,0.050000001,24,b1,0.0033916648,0.64368412,0.001349081,0.078102228
9443,grown,0.050000001,24,moments,0.0010437163,0.64368412,0.0006644968,0.078102228
9443,grown,0.050000001,24,diag,0.00089018735,0.64368412,0.00030322317,0.078102228
9870,grown,0.050000001,32,2b,0.024289837,0.2742014,0.0059572179,0.12099072
9870,grown,0.050000001,32,b1,0.0068875645,0.2742014,0.0021637691,0.12099072
9870,grown,0.050000001,32,moments,0.0032020152,0.2742014,0.0007479443,0.12099072
9870,grown,0.050000001,32,diag,0.0029694129,0.2742014,0.00055528301,0.12099072
10105,grown,0.050000001,32,2b,0.033767586,0.63102656,0.007089627,0.10680492
10105,grown,0.050000001,32,b1,0.0065781302,0.63102656,0.0025911601,0.10680492
10105,grown,0.050000001,32,moments,0.002496662,0.63102656,0.0013161057,0.10680492
10105,grown,0.050000001,32,diag,0.0017772574,0.63102656,0.00048863164,0.10680492
10070,grown,0.050000001,32,2b,0.036112083,0.24102967,0.004396375,0.10564074
10070,grown,0.050000001,32,b1,0.011045391,0.24102967,0.0022734316,0.10564074
10070,grown,0.050000001,32,moments,0.0046624064,0.24102967,0.0012749042,0.10564074
10070,grown,0.050000001,32,diag,0.0045449441,0.24102967,0.00089526395,0.10564074
10027,grown,0.050000001,32,2b,0.050513401,0.46153343,0.0068776736,0.12466579
10027,grown,0.050000001,32,b1,0.0076504713,0.46153343,0.0022028985,0.12466579
10027,grown,0.050000001,32,moments,0.0042538231,0.46153343,0.0013497169,0.12466579
10027,grown,0.050000001,32,diag,0.0035687775,0.46153343,0.00056962919,0.12466579
10210,grown,0.050000001,32,2b,0.040668936,0.48396174,0.0091044013,0.10078694
10210,grown,0.050000001,32,b1,0.0080835403,0.48396174,0.0017751901,0.10078694
10210,grown,0.050000001,32,moments,0.0034879576,0.48396174,0.0010989308,0.10078694
10210,grown,0.050000001,32,diag,0.0028648001,0.48396174,0.0006448338,0.10078694
10233,grown,0.050000001,32,2b,0.024528908,0.60013275,0.0055117127,0.091079587
10233,grown,0.050000001,32,b1,0.006548191,0.60013275,0.0018049959,0.091079587
10233,grown,0.050000001,32,moments,0.0023989968,0.60013275,0.00092567932,0.091079587
10233,grown,0.050000001,32,diag,0.0017000097,0.60013275,0.00052098187,0.091079587
10789,grown,0.050000001,8,2b,0.0024306918,0.11087852,0.00054036229,0.019467246
10789,grown,0.050000001,8,b1,0.00041818165,0.11087852,0.00025607781,0.019467246
10789,grown,0.050000001,8,moments,0.00015295231,0.11087852,9.179276e-05,0.019467246
10789,grown,0.050000001,8,diag,0.00011458336,0.11087852,6.0098416e-05,0.019467246
11673,grown,0.050000001,8,2b,0.0019037845,0.058188087,0.00083994972,0.03551114
11673,grown,0.050000001,8,b1,0.0004643843,0.058188087,0.00028206156,0.03551114
11673,grown,0.050000001,8,moments,0.0001307685,0.058188087,9.5789769e-05,0.03551114
11673,grown,0.050000001,8,diag,7.8141419e-05,0.058188087,5.4991003e-05,0.03551114
12118,grown,0.050000001,8,2b,0.00098939859,0.10686708,0.00023531956,0.015469704
12118,grown,0.050000001,8,b1,0.00029452922,0.10686708,0.00016944515,0.015469704
12118,grown,0.050000001,8,moments,8.4808527e-05,0.10686708,4.5376477e-05,0.015469704
12118,grown,0.050000001,8,diag,6.7260285e-05,0.10686708,2.5579216e-05,0.015469704
12145,grown,0.050000001,8,2b,0.0014465149,0.096899352,0.00050309023,0.028490667
12145,grown,0.050000001,8,b1,0.0006592436,0.096899352,0.00034455351,0.028490667
12145,grown,0.050000001,8,moments,0.00015183741,0.096899352,8.2410154e-05,0.028490667
12145,grown,0.050000001,8,diag,0.00012434531,0.096899352,7.0915605e-05,0.028490667
11326,grown,0.050000001,8,2b,0.0025914865,0.072395876,0.00054612491,0.021329681
11326,grown,0.050000001,8,b1,0.00057378745,0.072395876,0.00039438544,0.021329681
11326,grown,0.050000001,8,moments,0.00022064352,0.072395876,0.0002407476,0.021329681
11326,grown,0.050000001,8,diag,0.00010197954,0.072395876,8.6157158e-05,0.021329681
11521,grown,0.050000001,8,2b,0.0025944638,0.070801816,0.00079661259,0.027302567
11521,grown,0.050000001,8,b1,0.00095379968,0.070801816,0.00030123661,0.027302567
11521,grown,0.050000001,8,moments,0.00026574774,0.070801816,0.00015963368,0.027302567
11521,grown,0.050000001,8,diag,0.00023344539,0.070801816,8.4137313e-05,0.027302567
13111,grown,0.1,12,2b,0.0014750047,0.22602518,0.00037355103,0.055841213
13111,grown,0.1,12,b1,0.00046697775,0.22602518,0.00028452898,0.055841213
13111,grown,0.1,12,moments,0.00040215582,0.22602518,8.23276e-05,0.055841213
13111,grown,0.1,12,diag,0.00035075252,0.22602518,5.2102293e-05,0.055841213
13088,grown,0.1,12,2b,0.0018467973,0.12741835,0.00053388864,0.025412066
13088,grown,0.1,12,b1,0.0004979767,0.12741835,0.00023603276,0.025412066
13088,grown,0.1,12,moments,0.00018409056,0.12741835,4.7319627e-05,0.025412066
13088,grown,0.1,12,diag,0.00010956251,0.12741835,3.1483961e-05,0.025412066
13555,grown,0.1,12,2b,0.0064042827,0.043248907,0.00076781967,0.033841371
13555,grown,0.1,12,b1,0.0010045267,0.043248907,0.00022378257,0.033841371
13555,grown,0.1,12,moments,0.00041108883,0.043248907,0.0001362477,0.033841371
13555,grown,0.1,12,diag,0.00015586193,0.043248907,5.8105171e-05,0.033841371
13069,grown,0.1,12,2b,0.0040784505,0.37035103,0.0017788341,0.039873395
13069,grown,0.1,12,b1,0.0014001357,0.37035103,0.00048086111,0.039873395
13069,grown,0.1,12,moments,0.00030128185,0.37035103,0.00022125697,0.039873395
13069,grown,0.1,12,diag,0.00021259806,0.37035103,8.7714751e-05,0.039873395
13545,grown,0.1,12,2b,0.0031640697,0.23443555,0.001060819,0.040279019
13545,grown,0.1,12,b1,0.0011270149,0.23443555,0.00041696169,0.040279019
13545,grown,0.1,12,moments,0.00027242077,0.23443555,7.6247498e-05,0.040279019
13545,grown,0.1,12,diag,0.00025471204,0.23443555,6.0861602e-05,0.040279019
13332,grown,0.1,12,2b,0.0047413642,0.20317908,0.00088889348,0.041294563
13332,grown,0.1,12,b1,0.0021658096,0.20317908,0.00051378795,0.041294563
13332,grown,0.1,12,moments,0.00082614025,0.20317908,9.7393836e-05,0.041294563
13332,grown,0.1,12,diag,0.00072206602,0.20317908,5.8066017e-05,0.041294563
13839,grown,0.1,16,2b,0.009594259,0.3488793,0.0017112852,0.070095146
13839,grown,0.1,16,b1,0.0027766881,0.3488793,0.00086765517,0.070095146
13839,grown,0.1,16,moments,0.00082349052,0.3488793,0.00025402898,0.070095146
13839,grown,0.1,16,diag,0.00063126834,0.3488793,0.00021603606,0.070095146
14087,grown,0.1,16,2b,0.0053563864,0.10860094,0.00073214183,0.036502728
14087,grown,0.1,16,b1,0.0013393718,0.10860094,0.00031147749,0.036502728
14087,grown,0.1,16,moments,0.00036599655,0.10860094,0.00019349726,0.036502728
14087,grown,0.1,16,diag,0.00021916324,0.10860094,0.00011821281,0.036502728
14250,grown,0.1,16,2b,0.0030924464,0.055763776,0.00086779954,0.046826217
14250,grown,0.1,16,b1,0.0011354228,0.055763776,0.00024347234,0.046826217
14250,grown,0.1,16,moments,0.00038325196,0.055763776,9.9649366e-05,0.046826217
14250,grown,0.1,16,diag,0.00027699388,0.055763776,6.9549005e-05,0.046826217
13891,grown,0.1,16,2b,0.0050316169,0.55360132,0.001405184,0.073167717
13891,grown,0.1,16,b1,0.00094284365,0.55360132,0.00066951301,0.073167717
13891,grown,0.1,16,moments,0.00042577638,0.55360132,0.00027048695,0.073167717
13891,grown,0.1,16,diag,0.00034515389,0.55360132,0.00014508007,0.073167717
14253,grown,0.1,16,2b,0.0096919288,0.44041492,0.0019095647,0.049926856
14253,grown,0.1,16,b1,0.0020303598,0.44041492,0.00047267652,0.049926856
14253,grown,0.1,16,moments,0.00090494009,0.44041492,0.00013069003,0.049926856
14253,grown,0.1,16,diag,0.00041504722,0.44041492,7.460138e-05,0.049926856
14831,grown,0.1,16,2b,0.0054004812,0.17599864,0.0011047831,0.048478932
14831,grown,0.1,16,b1,0.001622248,0.17599864,0.00044322077,0.048478932
14831,grown,0.1,16,moments,0.00078658798,0.17599864,0.00010223719,0.048478932
14831,grown,0.1,16,diag,0.00085497308,0.17599864,6.1891168e-05,0.048478932
15115,grown,0.1,24,2b,0.0090343242,0.20815033,0.0020011178,0.080289361
15115,grown,0.1,24,b1,0.0037180578,0.20815033,0.00085303982,0.080289361
15115,grown,0.1,24,moments,0.0012629639,0.20815033,0.00058192741,0.080289361
15115,grown,0.1,24,diag,0.00096769573,0.20815033,0.00019050502,0.080289361
15293,grown,0.1,24,2b,0.019283664,0.55288342,0.0027314345,0.07533634
15293,grown,0.1,24,b1,0.0043784263,0.55288342,0.00067473205,0.07533634
15293,grown,0.1,24,moments,0.0018317174,0.55288342,0.00038757103,0.07533634
15293,grown,0.1,24,diag,0.0016557327,0.55288342,0.00023018311,0.07533634
15234,grown,0.1,24,2b,0.011585352,0.30928599,0.0024640754,0.095424394
15234,grown,0.1,24,b1,0.0031222702,0.30928599,0.00098443934,0.095424394
15234,grown,0.1,24,moments,0.00098638233,0.30928599,0.00063414954,0.095424394
15234,grown,0.1,24,diag,0.00075804737,0.30928599,0.00020875746,0.095424394
15552,grown,0.1,24,2b,0.0050410443,0.21495362,0.001390966,0.094371113
15552,grown,0.1,24,b1,0.0017283055,0.21495362,0.00056071947,0.094371113
15552,grown,0.1,24,moments,0.00072669411,0.21495362,0.00021158169,0.094371113
15552,grown,0.1,24,diag,0.0005588241,0.21495362,9.8646512e-05,0.094371113
15395,grown,0.1,24,2b,0.012967206,0.14709613,0.0034491977,0.089835149
15395,grown,0.1,24,b1,0.0029019455,0.14709613,0.0016092208,0.089835149
15395,grown,0.1,24,moments,0.00096431312,0.14709613,0.00079718897,0.089835149
15395,grown,0.1,24,diag,0.00077698553,0.14709613,0.00015546776,0.089835149
15556,grown,0.1,24,2b,0.011637391,0.22798792,0.0023149625,0.075677477
15556,grown,0.1,24,b1,0.0033225641,0.22798792,0.0010459848,0.075677477
15556,grown,0.1,24,moments,0.0011226019,0.22798792,0.00043783242,0.075677477
15556,grown,0.1,24,diag,0.00095515577,0.22798792,0.00020160904,0.075677477
15859,grown,0.1,32,2b,0.027454455,1.101687,0.0048560446,0.10345012
15859,grown,0.1,32,b1,0.0068197246,1.101687,0.0013131154,0.10345012
15859,grown,0.1,32,moments,0.0014146339,1.101687,0.00041244005,0.10345012
15859,grown,0.1,32,diag,0.0010439119,1.101687,0.00027116973,0.10345012
15868,grown,0.1,32,2b,0.015287511,0.29816989,0.0035053368,0.1081104
15868,grown,0.1,32,b1,0.0037629461,0.29816989,0.0010609514,0.1081104
15868,grown,0.1,32,moments,0.0013739515,0.29816989,0.0003536894,0.1081104
15868,grown,0.1,32,diag,0.0012951987,0.29816989,0.00027279334,0.1081104
15689,grown,0.1,32,2b,0.017832622,0.56444032,0.0030620694,0.14466128
15689,grown,0.1,32,b1,0.0036673147,0.56444032,0.0010901999,0.14466128
15689,grown,0.1,32,moments,0.0012009496,0.56444032,0.00038868521,0.14466128
15689,grown,0.1,32,diag,0.00083612404,0.56444032,0.00023915349,0.14466128
16084,grown,0.1,32,2b,0.019696069,0.24274588,0.0019486817,0.12217954
16084,grown,0.1,32,b1,0.0038211311,0.24274588,0.0010610074,0.12217954
16084,grown,0.1,32,moments,0.001184293,0.24274588,0.00055876353,0.12217954
16084,grown,0.1,32,diag,0.00091672625,0.24274588,0.0002305762,0.12217954
15874,grown,0.1,32,2b,0.029166803,0.33746099,0.0040794612,0.12561759
15874,grown,0.1,32,b1,0.0057287645,0.33746099,0.0012877346,0.12561759
15874,grown,0.1,32,moments,0.0013465347,0.33746099,0.0004326665,0.12561759
15874,grown,0.1,32,diag,0.0011609213,0.33746099,0.0002923851,0.12561759
16082,grown,0.1,32,2b,0.020687273,0.25438675,0.0036127303,0.10403118
16082,grown,0.1,32,b1,0.0044054988,0.25438675,0.0010716832,0.10403118
16082,grown,0.1,32,moments,0.0015671788,0.25438675,0.00066129764,0.10403118
16082,grown,0.1,32,diag,0.00095392694,0.25438675,0.0002770643,0.10403118
16304,grown,0.1,8,2b,0.0010954376,0.091330255,0.00045025276,0.035287786
16304,grown,0.1,8,b1,0.00049976762,0.091330255,0.00018089043,0.035287786
16304,grown,0.1,8,moments,0.00018363815,0.091330255,6.4845414e-05,0.035287786
16304,grown,0.1,8,diag,0.00012054811,0.091330255,2.1002042e-05,0.035287786
16413,grown,0.1,8,2b,0.0019038913,0.057773728,0.0011734845,0.03261678
16413,grown,0.1,8,b1,0.00043207558,0.057773728,0.00034624252,0.03261678
16413,grown,0.1,8,moments,9.0393767e-05,0.057773728,0.00012570314,0.03261678
16413,grown,0.1,8,diag,6.6816241e-05,0.057773728,4.4389427e-05,0.03261678
16622,grown,0.1,8,2b,0.0022701227,0.1121669,0.00061067385,0.021470788
16622,grown,0.1,8,b1,0.00035935743,0.1121669,0.00034559431,0.021470788
16622,grown,0.1,8,moments,0.00018426873,0.1121669,0.00014060637,0.021470788
16622,grown,0.1,8,diag,0.00015737241,0.1121669,3.3685345e-05,0.021470788
16239,grown,0.1,8,2b,0.00099192201,0.078528486,0.00037956294,0.0257713
16239,grown,0.1,8,b1,0.00033704236,0.078528486,0.00020911294,0.0257713
16239,grown,0.1,8,moments,7.9023227e-05,0.078528486,5.6848355e-05,0.0257713
16239,grown,0.1,8,diag,5.8410385e-05,0.078528486,2.239365e-05,0.0257713
17198,grown,0.1,8,2b,0.0017752573,0.1036947,0.00014594279,0.029569942
17198,grown,0.1,8,b1,0.0006674384,0.1036947,0.00016138869,0.029569942
17198,grown,0.1,8,moments,0.00012011168,0.1036947,7.4697443e-05,0.029569942
17198,grown,0.1,8,diag,7.8697859e-05,0.1036947,5.0423819e-05,0.029569942
17412,grown,0.1,8,2b,0.0034070924,0.16413082,0.00041319273,0.044297746
17412,grown,0.1,8,b1,0.00081899775,0.16413082,0.00019938185,0.044297746
17412,grown,0.1,8,moments,0.00023048207,0.16413082,2.3801722e-05,0.044297746
17412,grown,0.1,8,diag,0.00019551507,0.16413082,1.894264e-05,0.044297746
18537,grown,0.2,12,2b,0.0022672618,0.1332494,0.00045268147,0.035494334
18537,grown,0.2,12,b1,0.00062548044,0.1332494,0.00014034666,0.035494334
18537,grown,0.2,12,moments,0.00011529986,0.1332494,3.8834608e-05,0.035494334
18537,grown,0.2,12,diag,0.00010218091,0.1332494,2.3037672e-05,0.035494334
18268,grown,0.2,12,2b,0.0019996396,0.12771319,0.00039343827,0.049628998
18268,grown,0.2,12,b1,0.0004406727,0.12771319,0.00015034638,0.049628998
18268,grown,0.2,12,moments,7.6154649e-05,0.12771319,3.7087017e-05,0.049628998
18268,grown,0.2,12,diag,5.2806889e-05,0.12771319,2.620173e-05,0.049628998
18445,grown,0.2,12,2b,0.0023644058,0.10842024,0.00042071271,0.047650779
18445,grown,0.2,12,b1,0.00038262467,0.10842024,0.00017662095,0.047650779
18445,grown,0.2,12,moments,0.00013835514,0.10842024,3.1576952e-05,0.047650779
18445,grown,0.2,12,diag,8.4812474e-05,0.10842024,1.2997193e-05,0.047650779
18646,grown,0.2,12,2b,0.0018336721,0.37978536,0.00027479515,0.03890717
18646,grown,0.2,12,b1,0.00057737831,0.37978536,9.8452877e-05,0.03890717
18646,grown,0.2,12,moments,0.00019282843,0.37978536,1.9553823e-05,0.03890717
18646,grown,0.2,12,diag,0.00013588519,0.37978536,1.5123956e-05,0.03890717
19366,grown,0.2,12,2b,0.0016412842,0.11241798,0.00053221048,0.049552714
19366,grown,0.2,12,b1,0.0009367818,0.11241798,0.00025585513,0.049552714
19366,grown,0.2,12,moments,0.00021576383,0.11241798,3.4684939e-05,0.049552714
19366,grown,0.2,12,diag,0.00016216651,0.11241798,2.4754169e-05,0.049552714
19579,grown,0.2,12,2b,0.0017680611,0.09426131,0.00040959862,0.051164365
19579,grown,0.2,12,b1,0.00039600877,0.09426131,0.00013183665,0.051164365
19579,grown,0.2,12,moments,0.00011149713,0.09426131,5.1177443e-05,0.051164365
19579,grown,0.2,12,diag,0.00010982219,0.09426131,2.208638e-05,0.051164365
19847,grown,0.2,16,2b,0.0050381275,0.25663016,0.0010471202,0.063664424
19847,grown,0.2,16,b1,0.0010954405,0.25663016,0.00036804991,0.063664424
19847,grown,0.2,16,moments,0.00027548235,0.25663016,6.7198277e-05,0.063664424
19847,grown,0.2,16,diag,0.00023243304,0.25663016,6.3410883e-05,0.063664424
19953,grown,0.2,16,2b,0.0032044023,0.10739437,0.00069435922,0.066450838
19953,grown,0.2,16,b1,0.00081138109,0.10739437,0.00021974887,0.066450838
19953,grown,0.2,16,moments,0.00030621221,0.10739437,8.7030785e-05,0.066450838
19953,grown,0.2,16,diag,0.00025631035,0.10739437,3.5940065e-05,0.066450838
19772,grown,0.2,16,2b,0.0024025439,0.12276905,0.00042645889,0.062750416
19772,grown,0.2,16,b1,0.00086942891,0.12276905,0.00014022721,0.062750416
19772,grown,0.2,16,moments,0.00024461139,0.12276905,4.9622511e-05,0.062750416
19772,grown,0.2,16,diag,0.00023149058,0.12276905,3.0089103e-05,0.062750416
20684,grown,0.2,16,2b,0.0053553748,0.049825261,0.0010353069,0.062170964
20684,grown,0.2,16,b1,0.00074108211,0.049825261,0.00038136967,0.062170964
20684,grown,0.2,16,moments,0.00013895563,0.049825261,0.00017734082,0.062170964
20684,grown,0.2,16,diag,0.00018096639,0.049825261,4.1932772e-05,0.062170964
20310,grown,0.2,16,2b,0.0046530727,0.15282334,0.0010470285,0.046265147
20310,grown,0.2,16,b1,0.0010518374,0.15282334,0.00020379101,0.046265147
20310,grown,0.2,16,moments,0.00035462641,0.15282334,0.0001269792,0.046265147
20310,grown,0.2,16,diag,0.00034673879,0.15282334,7.4002674e-05,0.046265147
20581,grown,0.2,16,2b,0.0023940436,0.24343548,0.00057935738,0.043490864
20581,grown,0.2,16,b1,0.00080060578,0.24343548,0.00022240343,0.043490864
20581,grown,0.2,16,moments,0.00020495586,0.24343548,5.203074e-05,0.043490864
20581,grown,0.2,16,diag,0.00010239709,0.24343548,2.6369949e-05,0.043490864
21093,grown,0.2,24,2b,0.0072945871,0.20295684,0.0020425112,0.084562338
21093,grown,0.2,24,b1,0.001953621,0.20295684,0.00056615283,0.084562338
21093,grown,0.2,24,moments,0.00063455837,0.20295684,0.00010447131,0.084562338
21093,grown,0.2,24,diag,0.0005374982,0.20295684,6.0439271e-05,0.084562338
20781,grown,0.2,24,2b,0.003339453,0.50292254,0.0011230674,0.10995288
20781,grown,0.2,24,b1,0.0017189009,0.50292254,0.00035687846,0.10995288
20781,grown,0.2,24,moments,0.00045281338,0.50292254,0.00010101109,0.10995288
20781,grown,0.2,24,diag,0.00036667939,0.50292254,4.4971234e-05,0.10995288
20933,grown,0.2,24,2b,0.010517255,0.24217872,0.00090946251,0.096118118
20933,grown,0.2,24,b1,0.0017945864,0.24217872,0.00035578186,0.096118118
20933,grown,0.2,24,moments,0.00062515944,0.24217872,0.00019191179,0.096118118
20933,grown,0.2,24,diag,0.00046483207,0.24217872,9.4599652e-05,0.096118118
20862,grown,0.2,24,2b,0.0072505327,0.41886935,0.0011323627,0.10841527
20862,grown,0.2,24,b1,0.0019578835,0.41886935,0.00062744236,0.10841527
20862,grown,0.2,24,moments,0.00055822686,0.41886935,0.00014682773,0.10841527
20862,grown,0.2,24,diag,0.00053785413,0.41886935,0.00013607629,0.10841527
21180,grown,0.2,24,2b,0.0063500381,0.14834748,0.0010958385,0.11752941
21180,grown,0.2,24,b1,0.001720016,0.14834748,0.00039877622,0.11752941
21180,grown,0.2,24,moments,0.00051687788,0.14834748,0.00015577845,0.11752941
21180,grown,0.2,24,diag,0.00054291678,0.14834748,0.00010211825,0.11752941
21446,grown,0.2,24,2b,0.0062003621,0.11432258,0.0012620256,0.073822835
21446,grown,0.2,24,b1,0.0013642347,0.11432258,0.0003904126,0.073822835
21446,grown,0.2,24,moments,0.00031188961,0.11432258,0.00017820952,0.073822835
21446,grown,0.2,24,diag,0.00021705382,0.11432258,7.1743954e-05,0.073822835
21531,grown,0.2,32,2b,0.0076274424,0.20884071,0.0014979786,0.1191553
21531,grown,0.2,32,b1,0.0019174901,0.20884071,0.00047075002,0.1191553
21531,grown,0.2,32,moments,0.00047394567,0.20884071,0.00012861655,0.1191553
21531,grown,0.2,32,diag,0.00042585953,0.20884071,7.8290766e-05,0.1191553
21715,grown,0.2,32,2b,0.019476195,1.6207923,0.0030767367,0.13745728
21715,grown,0.2,32,b1,0.003389928,1.6207923,0.00094983098,0.13745728
21715,grown,0.2,32,moments,0.0016358283,1.6207923,0.00037476269,0.13745728
21715,grown,0.2,32,diag,0.001365814,1.6207923,0.00018600836,0.13745728
21873,grown,0.2,32,2b,0.010270986,0.20097181,0.0020321734,0.093394702
21873,grown,0.2,32,b1,0.0036824131,0.20097181,0.00058923522,0.093394702
21873,grown,0.2,32,moments,0.0010592755,0.20097181,0.00010565545,0.093394702
21873,grown,0.2,32,diag,0.0008765696,0.20097181,8.2191182e-05,0.093394702
21776,grown,0.2,32,2b,0.012198251,0.65071624,0.0026262817,0.12833735
21776,grown,0.2,32,b1,0.0028223094,0.65071624,0.00044505874,0.12833735
21776,grown,0.2,32,moments,0.0013578005,0.65071624,0.00013339448,0.12833735
21776,grown,0.2,32,diag,0.0011606701,0.65071624,8.6021165e-05,0.12833735
21897,grown,0.2,32,2b,0.011681543,0.57948783,0.0022833971,0.15002373
21897,grown,0.2,32,b1,0.0029160812,0.57948783,0.00058029884,0.15002373
21897,grown,0.2,32,moments,0.0011931289,0.57948783,0.00014375113,0.15002373
21897,grown,0.2,32,diag,0.0009372254,0.57948783,0.0001124843,0.15002373
21856,grown,0.2,32,2b,0.013020279,0.22582673,0.0020724287,0.16536968
21856,grown,0.2,32,b1,0.0026277796,0.22582673,0.00061452332,0.16536968
21856,grown,0.2,32,moments,0.00093571687,0.22582673,0.00018340891,0.16536968
21856,grown,0.2,32,diag,0.00093960359,0.22582673,0.00011891832,0.16536968
22354,grown,0.2,8,2b,0.0012853357,0.075071538,0.00017231539,0.026942627
22354,grown,0.2,8,b1,0.00031246584,0.075071538,9.6054057e-05,0.026942627
22354,grown,0.2,8,moments,5.5271139e-05,0.075071538,1.2365754e-05,0.026942627
22354,grown,0.2,8,diag,4.0058909e-05,0.075071538,5.7113074e-06,0.026942627
22702,grown,0.2,8,2b,0.00046083231,0.064199933,0.00010964286,0.032452274
22702,grown,0.2,8,b1,0.00026137169,0.064199933,4.8426618e-05,0.032452274
22702,grown,0.2,8,moments,5.9903198e-05,0.064199933,9.5237993e-06,0.032452274
22702,grown,0.2,8,diag,3.7787016e-05,0.064199933,6.7277199e-06,0.032452274
22809,grown,0.2,8,2b,0.00076760721,0.095653304,0.00028530489,0.031205719
22809,grown,0.2,8,b1,0.00030611913,0.095653304,0.0001515077,0.031205719
22809,grown,0.2,8,moments,4.8352582e-05,0.095653304,5.2194868e-05,0.031205719
22809,grown,0.2,8,diag,2.5507721e-05,0.095653304,1.2156947e-05,0.031205719
23419,grown,0.2,8,2b,0.00067835605,0.12554893,0.00015633496,0.022005958
23419,grown,0.2,8,b1,0.00014250245,0.12554893,7.1982452e-05,0.022005958
23419,grown,0.2,8,moments,7.3370597e-05,0.12554893,1.501738e-05,0.022005958
23419,grown,0.2,8,diag,4.582192e-05,0.12554893,7.8450422e-06,0.022005958
23340,grown,0.2,8,2b,0.0010800896,0.034431773,0.00027783785,0.038477295
23340,grown,0.2,8,b1,0.0003044524,0.034431773,9.4322105e-05,0.038477295
23340,grown,0.2,8,moments,8.5329291e-05,0.034431773,1.2796577e-05,0.038477295
23340,grown,0.2,8,diag,3.1526239e-05,0.034431773,4.3505074e-06,0.038477295
23127,grown,0.2,8,2b,0.0011716167,0.05734317,0.00026232648,0.028583962
23127,grown,0.2,8,b1,0.00034425696,0.05734317,7.5967096e-05,0.028583962
23127,grown,0.2,8,moments,8.5444322e-05,0.05734317,3.7828458e-05,0.028583962
23127,grown,0.2,8,diag,5.8611912e-05,0.05734317,1.1702268e-05,0.028583962
24138,grown,0.30000001,12,2b,0.00090586613,0.17048243,0.00026041852,0.049655447
24138,grown,0.30000001,12,b1,0.00042436803,0.17048243,9.2467105e-05,0.049655447
24138,grown,0.30000001,12,moments,8.4018696e-05,0.17048243,2.1007488e-05,0.049655447
24138,grown,0.30000001,12,diag,7.7828398e-05,0.17048243,2.1956303e-05,0.049655447
24817,grown,0.30000001,12,2b,0.00058593735,0.20482701,0.00017868817,0.085318543
24817,grown,0.30000001,12,b1,0.00031757788,0.20482701,6.663226e-05,0.085318543
24817,grown,0.30000001,12,moments,2.6359153e-05,0.20482701,1.6916777e-05,0.085318543
24817,grown,0.30000001,12,diag,3.3805292e-05,0.20482701,1.5875462e-05,0.085318543
25316,grown,0.30000001,12,2b,0.0011663578,0.32098846,0.00032833723,0.050042865
25316,grown,0.30000001,12,b1,0.00033696399,0.32098846,0.00018001543,0.050042865
25316,grown,0.30000001,12,moments,8.7232168e-05,0.32098846,1.8808601e-05,0.050042865
25316,grown,0.30000001,12,diag,6.8348234e-05,0.32098846,1.1533166e-05,0.050042865
25252,grown,0.30000001,12,2b,0.00097810473,0.085418089,0.00018303035,0.05534447
25252,grown,0.30000001,12,b1,0.00030586532,0.085418089,8.1915011e-05,0.05534447
25252,grown,0.30000001,12,moments,4.4223503e-05,0.085418089,7.9319509e-06,0.05534447
25252,grown,0.30000001,12,diag,4.4089121e-05,0.085418089,6.7554363e-06,0.05534447
25327,grown,0.30000001,12,2b,0.00083854735,0.11098012,0.00014925307,0.050125057
25327,grown,0.30000001,12,b1,0.00033051575,0.11098012,7.0735655e-05,0.050125057
25327,grown,0.30000001,12,moments,5.069293e-05,0.11098012,1.3842964e-05,0.050125057
25327,grown,0.30000001,12,diag,3.472568e-05,0.11098012,1.1979493e-05,0.050125057
25038,grown,0.30000001,12,2b,0.0015518524,0.12367906,0.00024141886,0.04101314
25038,grown,0.30000001,12,b1,0.00050005423,0.12367906,0.00010267677,0.04101314
25038,grown,0.30000001,12,moments,0.00011172382,0.12367906,1.9570858e-05,0.04101314
25038,grown,0.30000001,12,diag,4.9826173e-05,0.12367906,1.3418357e-05,0.04101314
25748,grown,0.30000001,16,2b,0.0020234829,0.24952418,0.00034941857,0.064296497
25748,grown,0.30000001,16,b1,0.00056503537,0.24952418,0.00016551933,0.064296497
25748,grown,0.30000001,16,moments,0.00017222938,0.24952418,2.1014862e-05,0.064296497
25748,grown,0.30000001,16,diag,0.00015530214,0.24952418,1.0702813e-05,0.064296497
25690,grown,0.30000001,16,2b,0.0024537337,0.10876049,0.00023935403,0.098338228
25690,grown,0.30000001,16,b1,0.00085452665,0.10876049,0.00011796569,0.098338228
25690,grown,0.30000001,16,moments,0.00012451343,0.10876049,2.7058144e-05,0.098338228
25690,grown,0.30000001,16,diag,9.3279645e-05,0.10876049,4.6470332e-05,0.098338228
26456,grown,0.30000001,16,2b,0.0013847609,0.084466944,0.00057902835,0.064714157
26456,grown,0.30000001,16,b1,0.00048848729,0.084466944,0.0002085045,0.064714157
26456,grown,0.30000001,16,moments,8.6867124e-05,0.084466944,4.9522366e-05,0.064714157
26456,grown,0.30000001,16,diag,6.0981402e-05,0.084466944,1.6788158e-05,0.064714157
26143,grown,0.30000001,16,2b,0.0027774662,0.36499248,0.0003396957,0.081922475
26143,grown,0.30000001,16,b1,0.00057521814,0.36499248,8.9304031e-05,0.081922475
26143,grown,0.30000001,16,moments,0.00015216829,0.36499248,2.3509441e-05,0.081922475
26143,grown,0.30000001,16,diag,9.6505493e-05,0.36499248,1.4593823e-05,0.081922475
26431,grown,0.30000001,16,2b,0.001300644,0.10754269,0.00042830775,0.093337665
26431,grown,0.30000001,16,b1,0.00041590479,0.10754269,0.00014365373,0.093337665
26431,grown,0.30000001,16,moments,0.00011506309,0.10754269,2.8823804e-05,0.093337665
26431,grown,0.30000001,16,diag,9.1152381e-05,0.10754269,1.8008078e-05,0.093337665
26436,grown,0.30000001,16,2b,0.00069849122,0.2636294,0.00025668524,0.074155388
26436,grown,0.30000001,16,b1,0.00049356112,0.2636294,8.2005979e-05,0.074155388
26436,grown,0.30000001,16,moments,6.878936e-05,0.2636294,1.8561753e-05,0.074155388
26436,grown,0.30000001,16,diag,7.1105914e-05,0.2636294,1.3144978e-05,0.074155388
26710,grown,0.30000001,24,2b,0.0044759102,0.49122426,0.00078317349,0.089265373
26710,grown,0.30000001,24,b1,0.0016745841,0.49122426,0.00030750167,0.089265373
26710,grown,0.30000001,24,moments,0.00057942743,0.49122426,8.4131407e-05,0.089265373
26710,grown,0.30000001,24,diag,0.0006038042,0.49122426,6.2099432e-05,0.089265373
26980,grown,0.30000001,24,2b,0.0037197395,0.66055202,0.00080240124,0.12830472
26980,grown,0.30000001,24,b1,0.0014035818,0.66055202,0.00035263232,0.12830472
26980,grown,0.30000001,24,moments,0.00047716502,0.66055202,6.0708153e-05,0.12830472
26980,grown,0.30000001,24,diag,0.00042298262,0.66055202,4.5641965e-05,0.12830472
26624,grown,0.30000001,24,2b,0.0066452046,0.31440026,0.00083308036,0.11458231
26624,grown,0.30000001,24,b1,0.0012647104,0.31440026,0.00028476797,0.11458231
26624,grown,0.30000001,24,moments,0.00045829024,0.31440026,7.7157504e-05,0.11458231
26624,grown,0.30000001,24,diag,0.00044955863,0.31440026,4.0630182e-05,0.11458231
26900,grown,0.30000001,24,2b,0.002431487,0.36556043,0.00050016607,0.095221743
26900,grown,0.30000001,24,b1,0.00077619964,0.36556043,0.00017956958,0.095221743
26900,grown,0.30000001,24,moments,0.0002316173,0.36556043,2.9160218e-05,0.095221743
26900,grown,0.30000001,24,diag,0.00017248048,0.36556043,2.5597378e-05,0.095221743
27205,grown,0.30000001,24,2b,0.0031172494,0.29241193,0.00062994461,0.1015239
27205,grown,0.30000001,24,b1,0.0010143645,0.29241193,0.00018621957,0.1015239
27205,grown,0.30000001,24,moments,0.00026570188,0.29241193,4.9440486e-05,0.1015239
27205,grown,0.30000001,24,diag,0.00016147505,0.29241193,3.1883638e-05,0.1015239
27011,grown,0.30000001,24,2b,0.0061993485,0.37998855,0.0011873518,0.10579025
27011,grown,0.30000001,24,b1,0.0014582555,0.37998855,0.0003503861,0.10579025
27011,grown,0.30000001,24,moments,0.00048589382,0.37998855,5.6390067e-05,0.10579025
27011,grown,0.30000001,24,diag,0.00028542091,0.37998855,5.3059971e-05,0.10579025
27490,grown,0.30000001,32,2b,0.0069642741,0.33605996,0.00068977098,0.12530616
27490,grown,0.30000001,32,b1,0.0015326256,0.33605996,0.00023728281,0.12530616
27490,grown,0.30000001,32,moments,0.00064496283,0.33605996,6.6109743e-05,0.12530616
27490,grown,0.30000001,32,diag,0.00042782091,0.33605996,5.4260026e-05,0.12530616
27696,grown,0.30000001,32,2b,0.010209016,1.4852752,0.002224799,0.13681302
27696,grown,0.30000001,32,b1,0.0018519595,1.4852752,0.00041008207,0.13681302
27696,grown,0.30000001,32,moments,0.00071110627,1.4852752,7.1687479e-05,0.13681302
27696,grown,0.30000001,32,diag,0.00059563981,1.4852752,5.0324221e-05,0.13681302
27670,grown,0.30000001,32,2b,0.0060903692,0.29628661,0.00099991201,0.13070983
27670,grown,0.30000001,32,b1,0.0012249723,0.29628661,0.00024675537,0.13070983
27670,grown,0.30000001,32,moments,0.00043561742,0.29628661,7.0239281e-05,0.13070983
27670,grown,0.30000001,32,diag,0.00039294171,0.29628661,6.4632115e-05,0.13070983
27714,grown,0.30000001,32,2b,0.01092631,0.72956345,0.0014047669,0.16357184
27714,grown,0.30000001,32,b1,0.0019669465,0.72956345,0.00038788525,0.16357184
27714,grown,0.30000001,32,moments,0.00057599561,0.72956345,0.00011260332,0.16357184
27714,grown,0.30000001,32,diag,0.00048957689,0.72956345,8.5392884e-05,0.16357184
27722,grown,0.30000001,32,2b,0.0079807485,0.7499666,0.0011910685,0.12354624
27722,grown,0.30000001,32,b1,0.0018463047,0.7499666,0.00030552372,0.12354624
27722,grown,0.30000001,32,moments,0.0003454695,0.7499666,9.5622443e-05,0.12354624
27722,grown,0.30000001,32,diag,0.00033297862,0.7499666,5.0525506e-05,0.12354624
27858,grown,0.30000001,32,2b,0.0092127761,0.94677973,0.0013796428,0.12919175
27858,grown,0.30000001,32,b1,0.0015503582,0.94677973,0.00029567507,0.12919175
27858,grown,0.30000001,32,moments,0.0005388938,0.94677973,7.8998577e-05,0.12919175
27858,grown,0.30000001,32,diag,0.00053311993,0.94677973,5.9884791e-05,0.12919175
28913,grown,0.30000001,8,2b,0.00043706446,0.078735739,0.00013422127,0.026703256
28913,grown,0.30000001,8,b1,0.00014125812,0.078735739,6.5530021e-05,0.026703256
28913,grown,0.30000001,8,moments,2.5014524e-05,0.078735739,3.9769687e-06,0.026703256
28913,grown,0.30000001,8,diag,2.23619e-05,0.078735739,4.2920679e-06,0.026703256
28315,grown,0.30000001,8,2b,0.00069125837,0.11457229,0.00019174807,0.039349728
28315,grown,0.30000001,8,b1,0.00016434605,0.11457229,8.4930193e-05,0.039349728
28315,grown,0.30000001,8,moments,2.3186225e-05,0.11457229,1.015476e-05,0.039349728
28315,grown,0.30000001,8,diag,3.2004735e-05,0.11457229,1.0644357e-05,0.039349728
29432,grown,0.30000001,8,2b,0.0014946974,0.16456811,0.00021278349,0.050062069
29432,grown,0.30000001,8,b1,0.00058265339,0.16456811,4.609567e-05,0.050062069
29432,grown,0.30000001,8,moments,3.5817006e-05,0.16456811,1.0563235e-05,0.050062069
29432,grown,0.30000001,8,diag,4.2444599e-05,0.16456811,7.8729679e-06,0.050062069
29854,grown,0.30000001,8,2b,0.00011233754,0.054539827,2.11873e-05,0.023864726
29854,grown,0.30000001,8,b1,4.7159127e-05,0.054539827,9.3185344e-06,0.023864726
29854,grown,0.30000001,8,moments,6.7788595e-06,0.054539827,1.3924294e-06,0.023864726
29854,grown,0.30000001,8,diag,4.7576947e-06,0.054539827,5.2159031e-07,0.023864726
29582,grown,0.30000001,8,2b,0.00045843418,0.044659147,3.3226591e-05,0.022028358
29582,grown,0.30000001,8,b1,0.00010261561,0.044659147,1.7374548e-05,0.022028358
29582,grown,0.30000001,8,moments,2.4184126e-05,0.044659147,4.7512629e-06,0.022028358
29582,grown,0.30000001,8,diag,2.1207966e-05,0.044659147,5.2665624e-06,0.022028358
28978,grown,0.30000001,8,2b,0.0011680559,0.073897606,0.00018946125,0.034100142
28978,grown,0.30000001,8,b1,0.000378465,0.073897606,7.0478746e-05,0.034100142
28978,grown,0.30000001,8,moments,4.5331002e-05,0.073897606,1.1004708e-05,0.034100142
28978,grown,0.30000001,8,diag,4.2556657e-05,0.073897606,1.5265197e-05,0.034100142
30461,grown,0.5,12,2b,0.00031243891,0.20990742,9.5934584e-05,0.052634064
30461,grown,0.5,12,b1,0.00013975525,0.20990742,3.1340495e-05,0.052634064
30461,grown,0.5,12,moments,4.8372138e-05,0.20990742,5.5610312e-06,0.052634064
30461,grown,0.5,12,diag,3.6542639e-05,0.20990742,3.1776055e-06,0.052634064
30295,grown,0.5,12,2b,0.00049484075,0.26050656,0.00015897053,0.052391712
30295,grown,0.5,12,b1,0.00014525029,0.26050656,8.5535404e-05,0.052391712
30295,grown,0.5,12,moments,1.774575e-05,0.26050656,5.1867752e-06,0.052391712
30295,grown,0.5,12,diag,2.2519087e-05,0.26050656,3.695316e-06,0.052391712
30649,grown,0.5,12,2b,0.00063776238,0.38213997,9.5241219e-05,0.05553828
30649,grown,0.5,12,b1,0.00016016898,0.38213997,5.0353265e-05,0.05553828
30649,grown,0.5,12,moments,4.5356718e-05,0.38213997,5.7400384e-06,0.05553828
30649,grown,0.5,12,diag,3.9086566e-05,0.38213997,4.4273548e-06,0.05553828
29954,grown,0.5,12,2b,0.00035469792,0.082261341,8.4881258e-05,0.07386311
29954,grown,0.5,12,b1,0.00011029345,0.082261341,2.7622225e-05,0.07386311
29954,grown,0.5,12,moments,1.9679512e-05,0.082261341,3.1424121e-06,0.07386311
29954,grown,0.5,12,diag,1.4554519e-05,0.082261341,1.8662747e-06,0.07386311
31295,grown,0.5,12,2b,0.00035538478,0.047211959,9.6367496e-05,0.04310158
31295,grown,0.5,12,b1,9.8387188e-05,0.047211959,5.639706e-05,0.04310158
31295,grown,0.5,12,moments,1.9687654e-05,0.047211959,4.985001e-06,0.04310158
31295,grown,0.5,12,diag,1.6968913e-05,0.047211959,3.4643732e-06,0.04310158
31130,grown,0.5,12,2b,0.00048131272,0.090279975,5.6373122e-05,0.051702984
31130,grown,0.5,12,b1,0.00011289,0.090279975,2.283263e-05,0.051702984
31130,grown,0.5,12,moments,2.1215646e-05,0.090279975,7.4202876e-06,0.051702984
31130,grown,0.5,12,diag,2.6919396e-05,0.090279975,4.1447313e-06,0.051702984
31903,grown,0.5,16,2b,0.00054722529,0.26820492,8.5166721e-05,0.068943413
31903,grown,0.5,16,b1,0.00016535711,0.26820492,4.0031304e-05,0.068943413
31903,grown,0.5,16,moments,6.174834e-05,0.26820492,6.9874037e-06,0.068943413
31903,grown,0.5,16,diag,6.5079866e-05,0.26820492,5.6714015e-06,0.068943413
31525,grown,0.5,16,2b,0.0006430204,0.22530914,0.00010668185,0.091869353
31525,grown,0.5,16,b1,0.00024569196,0.22530914,4.4869136e-05,0.091869353
31525,grown,0.5,16,moments,5.7881244e-05,0.22530914,7.5969328e-06,0.091869353
31525,grown,0.5,16,diag,5.3554828e-05,0.22530914,6.0317899e-06,0.091869353
31551,grown,0.5,16,2b,0.00092135461,0.16523789,0.00034324403,0.058393727
31551,grown,0.5,16,b1,0.0002147082,0.16523789,7.0376233e-05,0.058393727
31551,grown,0.5,16,moments,4.8791302e-05,0.16523789,1.2084921e-05,0.058393727
31551,grown,0.5,16,diag,3.6085458e-05,0.16523789,6.7069443e-06,0.058393727
31508,grown,0.5,16,2b,0.0011296544,0.44156,0.00028175712,0.076597935
31508,grown,0.5,16,b1,0.00025774689,0.44156,8.8283287e-05,0.076597935
31508,grown,0.5,16,moments,9.2275164e-05,0.44156,1.2125037e-05,0.076597935
31508,grown,0.5,16,diag,8.6526186e-05,0.44156,9.0383694e-06,0.076597935
32329,grown,0.5,16,2b,0.0007716469,0.12872116,0.00015057097,0.075312798
32329,grown,0.5,16,b1,0.00027110622,0.12872116,7.5916611e-05,0.075312798
32329,grown,0.5,16,moments,4.8230638e-05,0.12872116,9.3497455e-06,0.075312798
32329,grown,0.5,16,diag,4.1591095e-05,0.12872116,6.7168455e-06,0.075312798
32478,grown,0.5,16,2b,0.0013656705,0.35491246,0.00026801863,0.065380232
32478,grown,0.5,16,b1,0.0002431625,0.35491246,9.7077955e-05,0.065380232
32478,grown,0.5,16,moments,4.4110974e-05,0.35491246,8.500171e-06,0.065380232
32478,grown,0.5,16,diag,3.8046905e-05,0.35491246,8.5529911e-06,0.065380232
32674,grown,0.5,24,2b,0.0046951079,0.51491174,0.00030896188,0.10240051
32674,grown,0.5,24,b1,0.00081404358,0.51491174,0.00013475953,0.10240051
32674,grown,0.5,24,moments,0.00014508981,0.51491174,3.0342743e-05,0.10240051
32674,grown,0.5,24,diag,0.0001236519,0.51491174,2.0695259e-05,0.10240051
32891,grown,0.5,24,2b,0.0015807094,0.39162646,0.00020562848,0.10057325
32891,grown,0.5,24,b1,0.00054512534,0.39162646,9.2496817e-05,0.10057325
32891,grown,0.5,24,moments,0.00018017056,0.39162646,2.1513901e-05,0.10057325
32891,grown,0.5,24,diag,0.00016012886,0.39162646,1.5825115e-05,0.10057325
33199,grown,0.5,24,2b,0.0032555625,0.34214522,0.00050616714,0.098221878
33199,grown,0.5,24,b1,0.00038677646,0.34214522,0.00015818052,0.098221878
33199,grown,0.5,24,moments,0.00014195779,0.34214522,2.3380364e-05,0.098221878
33199,grown,0.5,24,diag,0.00015549287,0.34214522,1.9853581e-05,0.098221878
32918,grown,0.5,24,2b,0.0021394116,0.26253423,0.00041601713,0.12528959
32918,grown,0.5,24,b1,0.00039430807,0.26253423,0.00014231856,0.12528959
32918,grown,0.5,24,moments,7.42951e-05,0.26253423,2.2805248e-05,0.12528959
32918,grown,0.5,24,diag,6.9684761e-05,0.26253423,1.5649115e-05,0.12528959
32917,grown,0.5,24,2b,0.0025992816,0.3544342,0.00036107633,0.10747267
32917,grown,0.5,24,b1,0.000352868,0.3544342,8.3640794e-05,0.10747267
32917,grown,0.5,24,moments,6.7699447e-05,0.3544342,2.1625475e-05,0.10747267
32917,grown,0.5,24,diag,6.8132273e-05,0.3544342,8.5725029e-06,0.10747267
33070,grown,0.5,24,2b,0.0049336349,0.42660883,0.00071867114,0.12033802
33070,grown,0.5,24,b1,0.00047582525,0.42660883,0.00015767507,0.12033802
33070,grown,0.5,24,moments,0.00017038152,0.42660883,2.6676892e-05,0.12033802
33070,grown,0.5,24,diag,0.0001273729,0.42660883,1.875729e-05,0.12033802
33418,grown,0.5,32,2b,0.0032724848,0.17878822,0.00042716081,0.15714629
33418,grown,0.5,32,b1,0.0006798974,0.17878822,0.00012683819,0.15714629
33418,grown,0.5,32,moments,0.00017147803,0.17878822,1.8344936e-05,0.15714629
33418,grown,0.5,32,diag,0.00013209566,0.17878822,1.9314099e-05,0.15714629
33574,grown,0.5,32,2b,0.0021614532,0.28474727,0.00050651909,0.12600025
33574,grown,0.5,32,b1,0.00055318394,0.28474727,0.00016547256,0.12600025
33574,grown,0.5,32,moments,0.00015985399,0.28474727,2.1965197e-05,0.12600025
33574,grown,0.5,32,diag,0.00013845623,0.28474727,1.7309117e-05,0.12600025
33772,grown,0.5,32,2b,0.0042506776,0.24463296,0.00071891281,0.16424898
33772,grown,0.5,32,b1,0.00073660826,0.24463296,0.00021437102,0.16424898
33772,grown,0.5,32,moments,0.00022974277,0.24463296,3.1228106e-05,0.16424898
33772,grown,0.5,32,diag,0.0002000056,0.24463296,2.335815e-05,0.16424898
33663,grown,0.5,32,2b,0.0028649851,0.30302867,0.00043704805,0.13009638
33663,grown,0.5,32,b1,0.00082572779,0.30302867,0.000153082,0.13009638
33663,grown,0.5,32,moments,0.00019341891,0.30302867,3.206879e-05,0.13009638
33663,grown,0.5,32,diag,0.00018441914,0.30302867,1.8016599e-05,0.13009638
33680,grown,0.5,32,2b,0.0035575569,0.37290269,0.00034550454,0.13725263
33680,grown,0.5,32,b1,0.00092758174,0.37290269,9.6975642e-05,0.13725263
33680,grown,0.5,32,moments,0.00020692508,0.37290269,2.5925386e-05,0.13725263
33680,grown,0.5,32,diag,0.00017583792,0.37290269,2.4864658e-05,0.13725263
33790,grown,0.5,32,2b,0.0024704714,0.52437794,0.0005181072,0.16092202
33790,grown,0.5,32,b1,0.00050694399,0.52437794,0.00015661695,0.16092202
33790,grown,0.5,32,moments,0.00017724495,0.52437794,2.6558002e-05,0.16092202
33790,grown,0.5,32,diag,0.0001724826,0.52437794,2.6045833e-05,0.16092202
34608,grown,0.5,8,2b,0.00018255164,0.19172795,6.4879347e-05,0.023371288
34608,grown,0.5,8,b1,0.00013130366,0.19172795,2.4780395e-05,0.023371288
34608,grown,0.5,8,moments,8.7889233e-06,0.19172795,1.334952e-06,0.023371288
34608,grown,0.5,8,diag,6.6401313e-06,0.19172795,1.1849725e-06,0.023371288
34486,grown,0.5,8,2b,0.00024025626,0.15828954,6.1149917e-05,0.047325916
34486,grown,0.5,8,b1,9.9920982e-05,0.15828954,4.262673e-05,0.047325916
34486,grown,0.5,8,moments,7.7631743e-06,0.15828954,2.6169512e-06,0.047325916
34486,grown,0.5,8,diag,6.9938406e-06,0.15828954,2.852806e-06,0.047325916
34570,grown,0.5,8,2b,0.00018526222,0.10825909,3.2384311e-05,0.046958467
34570,grown,0.5,8,b1,6.4669014e-05,0.10825909,1.9029581e-05,0.046958467
34570,grown,0.5,8,moments,6.2526427e-06,0.10825909,9.1072786e-07,0.046958467
34570,grown,0.5,8,diag,7.7373187e-06,0.10825909,1.1003846e-06,0.046958467
34603,grown,0.5,8,2b,0.00017878691,0.059302081,4.8611382e-05,0.036376995
34603,grown,0.5,8,b1,6.2751684e-05,0.059302081,2.2623958e-05,0.036376995
34603,grown,0.5,8,moments,1.0814236e-05,0.059302081,2.9638997e-06,0.036376995
34603,grown,0.5,8,diag,9.3490993e-06,0.059302081,1.3862679e-06,0.036376995
35149,grown,0.5,8,2b,0.00018768087,0.12343719,3.7621116e-05,0.034508798
35149,grown,0.5,8,b1,5.901618e-05,0.12343719,3.4907386e-05,0.034508798
35149,grown,0.5,8,moments,9.1806313e-06,0.12343719,3.1198562e-06,0.034508798
35149,grown,0.5,8,diag,6.3338233e-06,0.12343719,1.434374e-06,0.034508798
34827,grown,0.5,8,2b,0.00016593569,0.17775394,2.0244499e-05,0.048434678
34827,grown,0.5,8,b1,0.00010368045,0.17775394,2.0693991e-05,0.048434678
34827,grown,0.5,8,moments,1.8281869e-05,0.17775394,1.7032866e-06,0.048434678
34827,grown,0.5,8,diag,1.0870138e-05,0.17775394,1.7069498e-06,0.048434678
36280,grown,1,12,2b,4.0419937e-05,0.1120412,9.2571447e-06,0.040216504
36280,grown,1,12,b1,3.8151337e-05,0.1120412,4.7945957e-06,0.040216504
36280,grown,1,12,moments,9.4544017e-06,0.1120412,9.5414202e-07,0.040216504
36280,grown,1,12,diag,8.7387484e-06,0.1120412,9.2461624e-07,0.040216504
36297,grown,1,12,2b,5.4532436e-05,0.14334354,9.4715315e-06,0.057954019
36297,grown,1,12,b1,3.1767788e-05,0.14334354,5.7842043e-06,0.057954019
36297,grown,1,12,moments,3.7847827e-06,0.14334354,3.9804554e-07,0.057954019
36297,grown,1,12,diag,3.4004505e-06,0.14334354,4.2153693e-07,0.057954019
36429,grown,1,12,2b,0.00012791236,0.1554739,2.4204054e-05,0.05899335
36429,grown,1,12,b1,5.3803892e-05,0.1554739,1.1957963e-05,0.05899335
36429,grown,1,12,moments,9.3836013e-06,0.1554739,7.1824156e-07,0.05899335
36429,grown,1,12,diag,7.4013832e-06,0.1554739,7.196331e-07,0.05899335
37123,grown,1,12,2b,0.00011462126,0.13613134,1.7071044e-05,0.07057464
37123,grown,1,12,b1,5.1684932e-05,0.13613134,6.0656547e-06,0.07057464
37123,grown,1,12,moments,4.9585351e-06,0.13613134,3.419475e-07,0.07057464
37123,grown,1,12,diag,5.3319738e-06,0.13613134,3.1995251e-07,0.07057464
37250,grown,1,12,2b,9.3852924e-05,0.092774226,1.9348986e-05,0.058552177
37250,grown,1,12,b1,2.7008654e-05,0.092774226,5.3593119e-06,0.058552177
37250,grown,1,12,moments,4.7159417e-06,0.092774226,5.7373546e-07,0.058552177
37250,grown,1,12,diag,4.9204661e-06,0.092774226,5.8731729e-07,0.058552177
36929,grown,1,12,2b,6.0365894e-05,0.12958057,6.2060893e-06,0.041018161
36929,grown,1,12,b1,2.5705697e-05,0.12958057,2.9700899e-06,0.041018161
36929,grown,1,12,moments,3.8581677e-06,0.12958057,4.7510097e-07,0.041018161
36929,grown,1,12,diag,3.6469617e-06,0.12958057,3.0977818e-07,0.041018161
37548,grown,1,16,2b,8.458116e-05,0.14400782,1.4732513e-05,0.062229606
37548,grown,1,16,b1,3.3148693e-05,0.14400782,9.6050234e-06,0.062229606
37548,grown,1,16,moments,1.0413612e-05,0.14400782,7.1316141e-07,0.062229606
37548,grown,1,16,diag,9.79593e-06,0.14400782,6.0963087e-07,0.062229606
37431,grown,1,16,2b,0.00010247606,0.12601105,1.7939663e-05,0.067235191
37431,grown,1,16,b1,6.0295847e-05,0.12601105,8.0688166e-06,0.067235191
37431,grown,1,16,moments,1.1364172e-05,0.12601105,1.8611147e-06,0.067235191
37431,grown,1,16,diag,1.1534397e-05,0.12601105,1.6811398e-06,0.067235191
38393,grown,1,16,2b,0.00014398295,0.17258439,1.6269953e-05,0.093751146
38393,grown,1,16,b1,3.7923907e-05,0.17258439,8.616658e-06,0.093751146
38393,grown,1,16,moments,1.3571986e-05,0.17258439,1.134115e-06,0.093751146
38393,grown,1,16,diag,1.3556904e-05,0.17258439,1.0774461e-06,0.093751146
38104,grown,1,16,2b,0.00010138731,0.13102705,2.1453899e-05,0.096257291
38104,grown,1,16,b1,5.5234945e-05,0.13102705,1.4399465e-05,0.096257291
38104,grown,1,16,moments,8.1813209e-06,0.13102705,9.0950628e-07,0.096257291
38104,grown,1,16,diag,8.6116947e-06,0.13102705,8.2138973e-07,0.096257291
38066,grown,1,16,2b,0.00025694949,0.15430888,4.7004865e-05,0.047057049
38066,grown,1,16,b1,6.2182328e-05,0.15430888,1.6114378e-05,0.047057049
38066,grown,1,16,moments,1.8361836e-05,0.15430888,1.9330146e-06,0.047057049
38066,grown,1,16,diag,1.9122568e-05,0.15430888,1.9847536e-06,0.047057049
37959,grown,1,16,2b,0.00012626069,0.13427755,1.8435246e-05,0.066939828
37959,grown,1,16,b1,5.1180118e-05,0.13427755,6.4169575e-06,0.066939828
37959,grown,1,16,moments,2.3304139e-05,0.13427755,1.678617e-06,0.066939828
37959,grown,1,16,diag,2.3160665e-05,0.13427755,1.6676795e-06,0.066939828
38722,grown,1,24,2b,0.00021020076,0.21639273,4.220934e-05,0.085617491
38722,grown,1,24,b1,7.5303849e-05,0.21639273,2.3535167e-05,0.085617491
38722,grown,1,24,moments,3.5692556e-05,0.21639273,2.8594437e-06,0.085617491
38722,grown,1,24,diag,3.3283707e-05,0.21639273,2.8444431e-06,0.085617491
38648,grown,1,24,2b,0.00016644218,0.22885063,2.4405901e-05,0.11353318
38648,grown,1,24,b1,9.6550041e-05,0.22885063,1.4204585e-05,0.11353318
38648,grown,1,24,moments,2.893635e-05,0.22885063,2.0718589e-06,0.11353318
38648,grown,1,24,diag,2.7605016e-05,0.22885063,2.0161117e-06,0.11353318
38563,grown,1,24,2b,0.00048839465,0.27238911,4.7042583e-05,0.089486028
38563,grown,1,24,b1,0.00018269202,0.27238911,2.0542035e-05,0.089486028
38563,grown,1,24,moments,4.5309428e-05,0.27238911,3.3315056e-06,0.089486028
38563,grown,1,24,diag,4.7783355e-05,0.27238911,3.2550361e-06,0.089486028
38809,grown,1,24,2b,0.00036477331,0.16152715,6.3712572e-05,0.11661898
38809,grown,1,24,b1,0.00014584129,0.16152715,2.1894792e-05,0.11661898
38809,grown,1,24,moments,2.4400141e-05,0.16152715,2.2579722e-06,0.11661898
38809,grown,1,24,diag,2.0749045e-05,0.16152715,1.8874762e-06,0.11661898
39006,grown,1,24,2b,0.00022687724,0.1700014,3.3487815e-05,0.10027943
39006,grown,1,24,b1,9.7363141e-05,0.1700014,1.6336968e-05,0.10027943
39006,grown,1,24,moments,2.9611131e-05,0.1700014,1.5153222e-06,0.10027943
39006,grown,1,24,diag,2.8180095e-05,0.1700014,1.4238412e-06,0.10027943
39118,grown,1,24,2b,0.00045811713,0.28942507,5.2201767e-05,0.12496034
39118,grown,1,24,b1,0.00017192841,0.28942507,2.0173201e-05,0.12496034
39118,grown,1,24,moments,6.298507e-05,0.28942507,2.4948771e-06,0.12496034
39118,grown,1,24,diag,5.7118373e-05,0.28942507,2.413295e-06,0.12496034
39395,grown,1,32,2b,0.00065267959,0.26842179,5.5891532e-05,0.18695008
39395,grown,1,32,b1,0.00022620996,0.26842179,2.0908143e-05,0.18695008
39395,grown,1,32,moments,4.7344341e-05,0.26842179,2.7255439e-06,0.18695008
39395,grown,1,32,diag,4.4588908e-05,0.26842179,2.5731078e-06,0.18695008
39384,grown,1,32,2b,0.00043548015,0.40717135,6.062915e-05,0.15424733
39384,grown,1,32,b1,0.00014489994,0.40717135,2.6733632e-05,0.15424733
39384,grown,1,32,moments,7.5962009e-05,0.40717135,5.9145633e-06,0.15424733
39384,grown,1,32,diag,7.684776e-05,0.40717135,5.5535411e-06,0.15424733
39241,grown,1,32,2b,0.0012168986,0.39008739,0.00014766981,0.17056919
39241,grown,1,32,b1,0.00034531318,0.39008739,3.3811165e-05,0.17056919
39241,grown,1,32,moments,9.6008144e-05,0.39008739,4.0366129e-06,0.17056919
39241,grown,1,32,diag,9.3992224e-05,0.39008739,3.7659146e-06,0.17056919
39564,grown,1,32,2b,0.00090728672,0.60261655,8.9902354e-05,0.18693975
39564,grown,1,32,b1,0.00026867849,0.60261655,3.4600039e-05,0.18693975
39564,grown,1,32,moments,8.8561417e-05,0.60261655,4.0414826e-06,0.18693975
39564,grown,1,32,diag,8.8282253e-05,0.60261655,4.3081457e-06,0.18693975
39451,grown,1,32,2b,0.00049513801,0.77675807,5.9011437e-05,0.16192477
39451,grown,1,32,b1,0.00020743341,0.77675807,1.9817725e-05,0.16192477
39451,grown,1,32,moments,8.0433832e-05,0.77675807,2.8195353e-06,0.16192477
39451,grown,1,32,diag,7.8824228e-05,0.77675807,2.8624709e-06,0.16192477
39476,grown,1,32,2b,0.0007866158,0.45710436,9.7650081e-05,0.13071755
39476,grown,1,32,b1,0.00025154679,0.45710436,3.1289859e-05,0.13071755
39476,grown,1,32,moments,5.8168989e-05,0.45710436,4.1683556e-06,0.13071755
39476,grown,1,32,diag,5.5452212e-05,0.45710436,4.2846187e-06,0.13071755
40528,grown,1,8,2b,1.498141e-05,0.040484229,1.6939058e-06,0.045990084
40528,grown,1,8,b1,6.9398327e-06,0.040484229,9.6791853e-07,0.045990084
40528,grown,1,8,moments,9.0313996e-07,0.040484229,1.2804778e-07,0.045990084
40528,grown,1,8,diag,8.2542443e-07,0.040484229,1.1224185e-07,0.045990084
39795,grown,1,8,2b,2.4327393e-05,0.066894824,3.2987972e-06,0.042325608
39795,grown,1,8,b1,7.3427977e-06,0.066894824,1.4584924e-06,0.042325608
39795,grown,1,8,moments,1.5761706e-06,0.066894824,3.2553698e-07,0.042325608
39795,grown,1,8,diag,1.4906828e-06,0.066894824,2.4333929e-07,0.042325608
39704,grown,1,8,2b,2.7759581e-05,0.042691172,2.9094489e-06,0.022202025
39704,grown,1,8,b1,2.1064604e-05,0.042691172,1.1232215e-06,0.022202025
39704,grown,1,8,moments,1.8411788e-06,0.042691172,2.7535382e-07,0.022202025
39704,grown,1,8,diag,1.6359925e-06,0.042691172,2.627911e-07,0.022202025
40585,grown,1,8,2b,2.5644021e-05,0.040698245,7.553761e-06,0.034147822
40585,grown,1,8,b1,6.0829993e-06,0.040698245,3.8958966e-06,0.034147822
40585,grown,1,8,moments,2.0368316e-06,0.040698245,2.8764988e-07,0.034147822
40585,grown,1,8,diag,1.7019878e-06,0.040698245,1.8772038e-07,0.034147822
40658,grown,1,8,2b,4.6785209e-05,0.14625194,1.1099719e-05,0.045073057
40658,grown,1,8,b1,2.5415015e-05,0.14625194,5.1674601e-06,0.045073057
40658,grown,1,8,moments,2.484046e-06,0.14625194,3.2840867e-07,0.045073057
40658,grown,1,8,diag,2.3892934e-06,0.14625194,2.3394535e-07,0.045073057
40977,grown,1,8,2b,7.704092e-05,0.11569648,1.016752e-05,0.047009768
40977,grown,1,8,b1,1.5392365e-05,0.11569648,3.1952344e-06,0.047009768
40977,grown,1,8,moments,3.4481019e-06,0.11569648,2.5963312e-07,0.047009768
40977,grown,1,8,diag,3.5192676e-06,0.11569648,2.9313998e-07,0.047009768
41820,lattice,0.050000001,32,2b,0.00012903228,0.34748798,5.4815212e-06,0.18355757
41820,lattice,0.050000001,32,b1,8.5690104e-05,0.34748798,2.6838375e-06,0.18355757
41820,lattice,0.050000001,32,moments,2.4994032e-05,0.34748798,4.4156447e-07,0.18355757
41820,lattice,0.050000001,32,diag,2.5276823e-05,0.34748798,4.5308007e-07,0.18355757
41913,lattice,0.050000001,32,2b,8.9225068e-05,0.29735924,7.1002247e-06,0.18706027
41913,lattice,0.050000001,32,b1,6.5700713e-05,0.29735924,2.6018791e-06,0.18706027
41913,lattice,0.050000001,32,moments,1.1530547e-05,0.29735924,2.7482569e-07,0.18706027
41913,lattice,0.050000001,32,diag,1.3735588e-05,0.29735924,2.7543494e-07,0.18706027
42037,lattice,0.050000001,64,2b,0.00037884731,1.0204492,1.4869494e-05,0.31337792
42037,lattice,0.050000001,64,b1,0.00026659101,1.0204492,6.7351438e-06,0.31337792
42037,lattice,0.050000001,64,moments,9.3678882e-05,1.0204492,1.2589543e-06,0.31337792
42037,lattice,0.050000001,64,diag,8.9613628e-05,1.0204492,1.2740285e-06,0.31337792
42036,lattice,0.050000001,64,2b,0.00030150597,0.57577214,1.534648e-05,0.31107245
42036,lattice,0.050000001,64,b1,0.00022706788,0.57577214,7.4348728e-06,0.31107245
42036,lattice,0.050000001,64,moments,7.8352937e-05,0.57577214,1.5202222e-06,0.31107245
42036,lattice,0.050000001,64,diag,7.0491364e-05,0.57577214,1.5135187e-06,0.31107245
42140,lattice,0.15000001,32,2b,0.0019661428,0.218068,0.00021949362,0.17533601
42140,lattice,0.15000001,32,b1,0.00038087579,0.218068,3.5506967e-05,0.17533601
42140,lattice,0.15000001,32,moments,5.4482263e-05,0.218068,3.4136538e-06,0.17533601
42140,lattice,0.15000001,32,diag,5.3486222e-05,0.218068,2.4852162e-06,0.17533601
42310,lattice,0.15000001,64,2b,0.008063385,1.6835545,0.00081470799,0.30951953
42310,lattice,0.15000001,64,b1,0.0022944239,1.6835545,0.00013297051,0.30951953
42310,lattice,0.15000001,64,moments,0.00079446733,1.6835545,1.7519511e-05,0.30951953
42310,lattice,0.15000001,64,diag,0.00076941646,1.6835545,1.5493853e-05,0.30951953
42326,lattice,0.15000001,64,2b,0.0084027583,1.1814329,0.00086177494,0.30596316
42326,lattice,0.15000001,64,b1,0.0014679823,1.1814329,0.00011880625,0.30596316
42326,lattice,0.15000001,64,moments,0.00048856068,1.1814329,2.0215604e-05,0.30596316
42326,lattice,0.15000001,64,diag,0.00046465736,1.1814329,1.9242864e-05,0.30596316
42365,lattice,0.15000001,64,2b,0.0098233706,3.0975547,0.00084165149,0.27236201
42365,lattice,0.15000001,64,b1,0.0019814269,3.0975547,0.00015473671,0.27236201
42365,lattice,0.15000001,64,moments,0.00074010895,3.0975547,1.3827226e-05,0.27236201
42365,lattice,0.15000001,64,diag,0.00073578572,3.0975547,1.2924897e-05,0.27236201
42588,lattice,0.1,32,2b,0.00088649006,0.49394047,5.83048e-05,0.14065085
42588,lattice,0.1,32,b1,0.00026294727,0.49394047,1.3398184e-05,0.14065085
42588,lattice,0.1,32,moments,8.4889346e-05,0.49394047,1.1866644e-06,0.14065085
42588,lattice,0.1,32,diag,7.9583515e-05,0.49394047,1.1393448e-06,0.14065085
42626,lattice,0.1,64,2b,0.0020783763,1.0742586,0.00015517263,0.2778641
42626,lattice,0.1,64,b1,0.00058637295,1.0742586,3.5321127e-05,0.2778641
42626,lattice,0.1,64,moments,0.00028502241,1.0742586,5.3247821e-06,0.2778641
42626,lattice,0.1,64,diag,0.00028153682,1.0742586,5.4101509e-06,0.2778641
42658,lattice,0.1,64,2b,0.0020353271,0.72022436,0.00011997638,0.29960907
42658,lattice,0.1,64,b1,0.0010243518,0.72022436,3.4587817e-05,0.29960907
42658,lattice,0.1,64,moments,0.00047591005,0.72022436,5.3063818e-06,0.29960907
42658,lattice,0.1,64,diag,0.00045878389,0.72022436,5.045477e-06,0.29960907
42748,lattice,0.050000001,32,2b,0.00015154486,0.35322395,8.8845854e-06,0.13190667
42748,lattice,0.050000001,32,b1,8.0433491e-05,0.35322395,3.463095e-06,0.13190667
42748,lattice,0.050000001,32,moments,2.7476898e-05,0.35322395,8.5653468e-07,0.13190667
42748,lattice,0.050000001,32,diag,2.7939962e-05,0.35322395,8.5685907e-07,0.13190667
42828,lattice,0.050000001,32,2b,8.575121e-05,0.42878285,6.125746e-06,0.16213281
42828,lattice,0.050000001,32,b1,6.6203269e-05,0.42878285,2.5517108e-06,0.16213281
42828,lattice,0.050000001,32,moments,2.3614379e-05,0.42878285,4.5495923e-07,0.16213281
42828,lattice,0.050000001,32,diag,2.4279703e-05,0.42878285,4.5021112e-07,0.16213281
42950,lattice,0.050000001,64,2b,0.00049533411,1.1565502,2.5642959e-05,0.2958528
42950,lattice,0.050000001,64,b1,0.0002596928,1.1565502,9.3834505e-06,0.2958528
42950,lattice,0.050000001,64,moments,9.8284766e-05,1.1565502,2.0688611e-06,0.2958528
42950,lattice,0.050000001,64,diag,8.7773829e-05,1.1565502,2.056856e-06,0.2958528
42988,lattice,0.050000001,64,2b,0.00039613212,0.97627441,1.6798075e-05,0.27301251
42988,lattice,0.050000001,64,b1,0.00025495223,0.97627441,7.6373161e-06,0.27301251
42988,lattice,0.050000001,64,moments,8.063834e-05,0.97627441,1.8993672e-06,0.27301251
42988,lattice,0.050000001,64,diag,7.5159515e-05,0.97627441,1.9044514e-06,0.27301251
43033,lattice,0.15000001,32,2b,0.0025894069,0.38010634,0.00033527402,0.15625535
43033,lattice,0.15000001,32,b1,0.0007670373,0.38010634,6.226658e-05,0.15625535
43033,lattice,0.15000001,32,moments,0.0001478009,0.38010634,7.1632689e-06,0.15625535
43033,lattice,0.15000001,32,diag,0.00012804341,0.38010634,6.7323725e-06,0.15625535
43237,lattice,0.15000001,32,2b,0.0027634747,0.82608185,0.00034640998,0.15806869
43237,lattice,0.15000001,32,b1,0.00056183756,0.82608185,6.1880232e-05,0.15806869
43237,lattice,0.15000001,32,moments,9.6867574e-05,0.82608185,7.7750039e-06,0.15806869
43237,lattice,0.15000001,32,diag,8.556378e-05,0.82608185,6.880693e-06,0.15806869
43263,lattice,0.15000001,32,2b,0.001917416,0.74144902,0.00024834251,0.19379075
43263,lattice,0.15000001,32,b1,0.00066613454,0.74144902,5.259722e-05,0.19379075
43263,lattice,0.15000001,32,moments,0.00012902853,0.74144902,5.5515158e-06,0.19379075
43263,lattice,0.15000001,32,diag,0.00010420938,0.74144902,4.6115362e-06,0.19379075
43272,lattice,0.15000001,64,2b,0.010151905,1.3197462,0.00086037026,0.29537257
43272,lattice,0.15000001,64,b1,0.0015579658,1.3197462,0.00013259006,0.29537257
43272,lattice,0.15000001,64,moments,0.0005983956,1.3197462,2.335925e-05,0.29537257
43272,lattice,0.15000001,64,diag,0.00057147888,1.3197462,2.1698818e-05,0.29537257
43290,lattice,0.15000001,64,2b,0.0087877525,1.5308245,0.00063961946,0.26403729
43290,lattice,0.15000001,64,b1,0.0025850286,1.5308245,0.00014083698,0.26403729
43290,lattice,0.15000001,64,moments,0.001136615,1.5308245,2.6855863e-05,0.26403729
43290,lattice,0.15000001,64,diag,0.0011212723,1.5308245,2.3540968e-05,0.26403729
43309,lattice,0.15000001,64,2b,0.0077556746,0.49382973,0.00077065268,0.34481403
43309,lattice,0.15000001,64,b1,0.0016640338,0.49382973,0.00011110095,0.34481403
43309,lattice,0.15000001,64,moments,0.00061548171,0.49382973,2.3319653e-05,0.34481403
43309,lattice,0.15000001,64,diag,0.00060247991,0.49382973,2.0992453e-05,0.34481403
43469,lattice,0.1,32,2b,0.00056179245,0.42335104,6.0014313e-05,0.12592536
43469,lattice,0.1,32,b1,0.00020284031,0.42335104,8.7056755e-06,0.12592536
43469,lattice,0.1,32,moments,4.2938766e-05,0.42335104,1.6773027e-06,0.12592536
43469,lattice,0.1,32,diag,3.9225145e-05,0.42335104,1.6735072e-06,0.12592536
43336,lattice,0.1,32,2b,0.00042157597,0.35668898,4.1883243e-05,0.13829682
43336,lattice,0.1,32,b1,0.00016188622,0.35668898,1.1323336e-05,0.13829682
43336,lattice,0.1,32,moments,5.6041546e-05,0.35668898,1.2952784e-06,0.13829682
43336,lattice,0.1,32,diag,5.9695187e-05,0.35668898,1.3030462e-06,0.13829682
43373,lattice,0.1,32,2b,0.00033161589,0.48928083,4.1513682e-05,0.13860355
43373,lattice,0.1,32,b1,0.00013655233,0.48928083,1.1521315e-05,0.13860355
43373,lattice,0.1,32,moments,5.6239692e-05,0.48928083,1.3003553e-06,0.13860355
43373,lattice,0.1,32,diag,5.4405456e-05,0.48928083,1.2628021e-06,0.13860355
43518,lattice,0.1,32,2b,0.00044357477,0.27301642,3.2029756e-05,0.16458767
43518,lattice,0.1,32,b1,0.00014120984,0.27301642,1.5956495e-05,0.16458767
43518,lattice,0.1,32,moments,4.3667951e-05,0.27301642,1.4177972e-06,0.16458767
43518,lattice,0.1,32,diag,3.9867714e-05,0.27301642,1.3233137e-06,0.16458767
43606,lattice,0.1,64,2b,0.0033003011,0.9207988,0.00025677253,0.3206379
43606,lattice,0.1,64,b1,0.0010972211,0.9207988,4.8405301e-05,0.3206379
43606,lattice,0.1,64,moments,0.00043796341,0.9207988,1.0090973e-05,0.3206379
43606,lattice,0.1,64,diag,0.00042255289,0.9207988,1.0001017e-05,0.3206379
43638,lattice,0.1,64,2b,0.0044264225,0.75162033,0.00024297196,0.36730565
43638,lattice,0.1,64,b1,0.0011695308,0.75162033,4.7045762e-05,0.36730565
43638,lattice,0.1,64,moments,0.00062036499,0.75162033,9.2653598e-06,0.36730565
43638,lattice,0.1,64,diag,0.00060017897,0.75162033,9.2705744e-06,0.36730565
43633,lattice,0.1,64,2b,0.0022370068,0.61511711,0.00017136972,0.30951544
43633,lattice,0.1,64,b1,0.00075077073,0.61511711,4.2975962e-05,0.30951544
43633,lattice,0.1,64,moments,0.0003769822,0.61511711,7.856609e-06,0.30951544
43633,lattice,0.1,64,diag,0.00036202855,0.61511711,7.8597834e-06,0.30951544
43729,lattice,0.050000001,32,2b,0.00012967656,0.4372495,9.3815655e-06,0.16880512
43729,lattice,0.050000001,32,b1,7.8091198e-05,0.4372495,3.9148597e-06,0.16880512
43729,lattice,0.050000001,32,moments,2.8130492e-05,0.4372495,7.8581424e-07,0.16880512
43729,lattice,0.050000001,32,diag,2.8392523e-05,0.4372495,7.8377937e-07,0.16880512
43807,lattice,0.050000001,32,2b,0.00012989507,0.5767342,7.2992304e-06,0.14935315
43807,lattice,0.050000001,32,b1,7.6927436e-05,0.5767342,4.7379482e-06,0.14935315
43807,lattice,0.050000001,32,moments,3.11791e-05,0.5767342,1.3023105e-06,0.14935315
43807,lattice,0.050000001,32,diag,2.7519244e-05,0.5767342,1.3044199e-06,0.14935315
43945,lattice,0.050000001,64,2b,0.00041957907,0.84430373,2.4175213e-05,0.34008087
43945,lattice,0.050000001,64,b1,0.00026951614,0.84430373,9.5478321e-06,0.34008087
43945,lattice,0.050000001,64,moments,0.00010733657,0.84430373,2.4314103e-06,0.34008087
43945,lattice,0.050000001,64,diag,0.00010369882,0.84430373,2.4318025e-06,0.34008087
43939,lattice,0.050000001,64,2b,0.00043647238,0.7118583,2.5806137e-05,0.2745452
43939,lattice,0.050000001,64,b1,0.00022569237,0.7118583,9.9088374e-06,0.2745452
43939,lattice,0.050000001,64,moments,8.3441122e-05,0.7118583,2.6291558e-06,0.2745452
43939,lattice,0.050000001,64,diag,7.8187851e-05,0.7118583,2.6307341e-06,0.2745452
43970,lattice,0.15000001,32,2b,0.0018887601,0.34075678,0.00029506263,0.13393638
43970,lattice,0.15000001,32,b1,0.00047105396,0.34075678,5.7237371e-05,0.13393638
43970,lattice,0.15000001,32,moments,0.00014202114,0.34075678,9.6660044e-06,0.13393638
43970,lattice,0.15000001,32,diag,0.00013241324,0.34075678,8.9498142e-06,0.13393638
44173,lattice,0.15000001,32,2b,0.0021339457,0.5978598,0.00026109916,0.15659865
44173,lattice,0.15000001,32,b1,0.00061208304,0.5978598,0.00011625171,0.15659865
44173,lattice,0.15000001,32,moments,0.00013975421,0.5978598,1.911032e-05,0.15659865
44173,lattice,0.15000001,32,diag,0.00014150092,0.5978598,1.7561559e-05,0.15659865
44460,lattice,0.1,32,2b,0.00070476494,0.37489285,6.906348e-05,0.20430101
44460,lattice,0.1,32,b1,0.00023674617,0.37489285,2.2415894e-05,0.20430101
44460,lattice,0.1,32,moments,8.3192314e-05,0.37489285,4.8898822e-06,0.20430101
44460,lattice,0.1,32,diag,8.4897812e-05,0.37489285,4.4777322e-06,0.20430101
44597,lattice,0.1,64,2b,0.0026130925,1.268731,0.00026722493,0.30519862
44597,lattice,0.1,64,b1,0.00083951049,1.268731,9.8963251e-05,0.30519862
44597,lattice,0.1,64,moments,0.00037061371,1.268731,1.861429e-05,0.30519862
44597,lattice,0.1,64,diag,0.00035513586,1.268731,1.8687503e-05,0.30519862
44955,uniform,0.025,16,2b,2.7867933e-05,0.12052628,9.2486256e-06,0.070174095
44955,uniform,0.025,16,b1,2.1698486e-05,0.12052628,6.7772887e-06,0.070174095
44955,uniform,0.025,16,moments,5.6632362e-06,0.12052628,1.1869708e-06,0.070174095
44955,uniform,0.025,16,diag,5.2442202e-06,0.12052628,1.0617164e-06,0.070174095
45086,uniform,0.025,16,2b,0.00016887671,0.4065544,2.2157109e-05,0.083523911
45086,uniform,0.025,16,b1,4.9134064e-05,0.4065544,1.2559031e-05,0.083523911
45086,uniform,0.025,16,moments,1.845521e-05,0.4065544,3.9365889e-06,0.083523911
45086,uniform,0.025,16,diag,1.800442e-05,0.4065544,3.6494168e-06,0.083523911
44666,uniform,0.025,16,2b,0.00046507146,0.26042657,1.6634401e-05,0.091223921
44666,uniform,0.025,16,b1,0.00033728008,0.26042657,2.2773869e-05,0.091223921
44666,uniform,0.025,16,moments,7.0500186e-05,0.26042657,1.2971699e-05,0.091223921
44666,uniform,0.025,16,diag,6.3057684e-05,0.26042657,1.2337585e-05,0.091223921
45605,uniform,0.025,16,2b,6.7120618e-05,0.14957084,2.8530785e-05,0.10126744
45605,uniform,0.025,16,b1,2.6489043e-05,0.14957084,3.1451162e-05,0.10126744
45605,uniform,0.025,16,moments,1.6119133e-05,0.14957084,3.754743e-06,0.10126744
45605,uniform,0.025,16,diag,1.5551594e-05,0.14957084,3.1702572e-06,0.10126744
45475,uniform,0.025,16,2b,7.3170651e-05,0.13684664,1.4148988e-05,0.075751842
45475,uniform,0.025,16,b1,3.0230159e-05,0.13684664,1.1398335e-05,0.075751842
45475,uniform,0.025,16,moments,2.0288927e-05,0.13684664,1.3806524e-06,0.075751842
45475,uniform,0.025,16,diag,1.8092237e-05,0.13684664,1.2386191e-06,0.075751842
45890,uniform,0.025,16,2b,6.7502129e-05,0.17758753,3.912881e-06,0.070271914
45890,uniform,0.025,16,b1,4.7152542e-05,0.17758753,2.7760122e-06,0.070271914
45890,uniform,0.025,16,moments,2.6938009e-05,0.17758753,1.1850513e-06,0.070271914
45890,uniform,0.025,16,diag,2.9317842e-05,0.17758753,1.1656513e-06,0.070271914
46493,uniform,0.025,32,2b,9.7477205e-05,0.23722851,1.2075895e-05,0.18250102
46493,uniform,0.025,32,b1,6.9743644e-05,0.23722851,8.3240243e-06,0.18250102
46493,uniform,0.025,32,moments,2.5512359e-05,0.23722851,1.8625149e-06,0.18250102
46493,uniform,0.025,32,diag,2.4151731e-05,0.23722851,1.8520992e-06,0.18250102
46631,uniform,0.025,32,2b,0.00019024726,0.53447909,5.7826911e-05,0.19847653
46631,uniform,0.025,32,b1,0.00013167624,0.53447909,3.9585219e-05,0.19847653
46631,uniform,0.025,32,moments,8.4082953e-05,0.53447909,9.4969985e-06,0.19847653
46631,uniform,0.025,32,diag,8.5299811e-05,0.53447909,7.8543486e-06,0.19847653
46592,uniform,0.025,32,2b,0.0005029164,0.4365359,5.8602403e-05,0.13057001
46592,uniform,0.025,32,b1,0.0002372657,0.4365359,3.5083778e-05,0.13057001
46592,uniform,0.025,32,moments,8.9204937e-05,0.4365359,7.4948561e-06,0.13057001
46592,uniform,0.025,32,diag,8.7092026e-05,0.4365359,7.4686701e-06,0.13057001
46663,uniform,0.025,32,2b,0.00010889714,0.35464202,1.403161e-05,0.17012917
46663,uniform,0.025,32,b1,7.7100472e-05,0.35464202,1.4337949e-05,0.17012917
46663,uniform,0.025,32,moments,2.9420351e-05,0.35464202,2.5958632e-06,0.17012917
46663,uniform,0.025,32,diag,2.7019407e-05,0.35464202,2.6692798e-06,0.17012917
46764,uniform,0.025,32,2b,0.00010366145,0.32416298,6.6214406e-06,0.17849911
46764,uniform,0.025,32,b1,5.6158553e-05,0.32416298,6.2785065e-06,0.17849911
46764,uniform,0.025,32,moments,3.2519401e-05,0.32416298,2.2589123e-06,0.17849911
46764,uniform,0.025,32,diag,3.3667941e-05,0.32416298,2.1970242e-06,0.17849911
46845,uniform,0.025,32,2b,0.00013208912,0.26308494,1.7090344e-05,0.15019979
46845,uniform,0.025,32,b1,0.00010071962,0.26308494,1.2179331e-05,0.15019979
46845,uniform,0.025,32,moments,3.3593504e-05,0.26308494,2.2052318e-06,0.15019979
46845,uniform,0.025,32,diag,3.4901834e-05,0.26308494,2.0881718e-06,0.15019979
46912,uniform,0.025,48,2b,0.00018002925,0.62917602,1.6059971e-05,0.1970691
46912,uniform,0.025,48,b1,0.00012342658,0.62917602,1.1605323e-05,0.1970691
46912,uniform,0.025,48,moments,6.4847062e-05,0.62917602,4.09436e-06,0.1970691
46912,uniform,0.025,48,diag,6.4917718e-05,0.62917602,4.1292063e-06,0.1970691
47036,uniform,0.025,48,2b,0.0003032207,0.54168136,2.4226591e-05,0.22074985
47036,uniform,0.025,48,b1,0.00017940371,0.54168136,1.7121706e-05,0.22074985
47036,uniform,0.025,48,moments,9.1039066e-05,0.54168136,6.713166e-06,0.22074985
47036,uniform,0.025,48,diag,8.9593974e-05,0.54168136,6.84798e-06,0.22074985
46936,uniform,0.025,48,2b,0.00031714867,0.37765534,8.1178199e-05,0.20229806
46936,uniform,0.025,48,b1,0.00026465714,0.37765534,5.1237815e-05,0.20229806
46936,uniform,0.025,48,moments,0.00011183711,0.37765534,6.7088973e-06,0.20229806
46936,uniform,0.025,48,diag,0.00010670761,0.37765534,7.2024566e-06,0.20229806
47103,uniform,0.025,48,2b,0.00027081085,0.44737577,2.4605887e-05,0.22871676
47103,uniform,0.025,48,b1,0.00012033416,0.44737577,1.764997e-05,0.22871676
47103,uniform,0.025,48,moments,6.9335031e-05,0.44737577,5.9141535e-06,0.22871676
47103,uniform,0.025,48,diag,6.7603461e-05,0.44737577,5.7746188e-06,0.22871676
47091,uniform,0.025,48,2b,0.00031525723,0.55531074,3.2222766e-05,0.23244739
47091,uniform,0.025,48,b1,0.00016552167,0.55531074,1.8839076e-05,0.23244739
47091,uniform,0.025,48,moments,9.4459165e-05,0.55531074,8.1646943e-06,0.23244739
47091,uniform,0.025,48,diag,9.1803555e-05,0.55531074,7.9786184e-06,0.23244739
47208,uniform,0.025,48,2b,0.0005718574,1.457041,3.8656972e-05,0.22843161
47208,uniform,0.025,48,b1,0.00030848729,1.457041,2.1354707e-05,0.22843161
47208,uniform,0.025,48,moments,0.00012168843,1.457041,8.5555253e-06,0.22843161
47208,uniform,0.025,48,diag,0.00012511166,1.457041,8.7798448e-06,0.22843161
47302,uniform,0.025,64,2b,0.0005017613,1.1871342,3.9721614e-05,0.29333691
47302,uniform,0.025,64,b1,0.00032406443,1.1871342,2.8655718e-05,0.29333691
47302,uniform,0.025,64,moments,0.0001729585,1.1871342,9.0741252e-06,0.29333691
47302,uniform,0.025,64,diag,0.00016894896,1.1871342,8.9190776e-06,0.29333691
47356,uniform,0.025,64,2b,0.000662268,1.833193,5.4265369e-05,0.27491109
47356,uniform,0.025,64,b1,0.00037110827,1.833193,3.8507146e-05,0.27491109
47356,uniform,0.025,64,moments,0.00017014399,1.833193,1.4631746e-05,0.27491109
47356,uniform,0.025,64,diag,0.00017206734,1.833193,1.4180233e-05,0.27491109
47306,uniform,0.025,64,2b,0.00060258003,0.92862652,8.4015086e-05,0.2933191
47306,uniform,0.025,64,b1,0.00023862662,0.92862652,4.9743416e-05,0.2933191
47306,uniform,0.025,64,moments,0.00010773249,0.92862652,9.9306678e-06,0.2933191
47306,uniform,0.025,64,diag,0.0001067784,0.92862652,8.7127437e-06,0.2933191
47418,uniform,0.025,64,2b,0.00067871999,0.60628228,8.2829756e-05,0.31632454
47418,uniform,0.025,64,b1,0.00023554296,0.60628228,6.6494632e-05,0.31632454
47418,uniform,0.025,64,moments,0.00012829839,0.60628228,1.2857336e-05,0.31632454
47418,uniform,0.025,64,diag,0.00012923597,0.60628228,1.2664888e-05,0.31632454
47391,uniform,0.025,64,2b,0.00038984532,0.46857382,3.354631e-05,0.28719617
47391,uniform,0.025,64,b1,0.00021383063,0.46857382,2.3174669e-05,0.28719617
47391,uniform,0.025,64,moments,0.00012628464,0.46857382,5.8804083e-06,0.28719617
47391,uniform,0.025,64,diag,0.00012079772,0.46857382,6.0240714e-06,0.28719617
47434,uniform,0.025,64,2b,0.00032291459,0.86999046,2.958396e-05,0.33155998
47434,uniform,0.025,64,b1,0.00013230944,0.86999046,1.7386029e-05,0.33155998
47434,uniform,0.025,64,moments,6.7360333e-05,0.86999046,5.7805208e-06,0.33155998
47434,uniform,0.025,64,diag,6.8979743e-05,0.86999046,5.4295988e-06,0.33155998
47513,uniform,0.050000001,16,2b,0.0011625776,0.24496926,0.00021211842,0.076786859
47513,uniform,0.050000001,16,b1,0.00037787855,0.24496926,7.7382673e-05,0.076786859
47513,uniform,0.050000001,16,moments,0.00011119169,0.24496926,1.6118634e-05,0.076786859
47513,uniform,0.050000001,16,diag,0.00010042423,0.24496926,1.2278349e-05,0.076786859
47904,uniform,0.050000001,16,2b,0.00058664151,0.1982506,6.5177198e-05,0.067726105
47904,uniform,0.050000001,16,b1,0.0001314511,0.1982506,2.7347266e-05,0.067726105
47904,uniform,0.050000001,16,moments,5.1851529e-05,0.1982506,8.8368488e-06,0.067726105
47904,uniform,0.050000001,16,diag,4.7402131e-05,0.1982506,7.09371e-06,0.067726105
48446,uniform,0.050000001,16,2b,8.8072537e-05,0.092027511,9.930435e-06,0.05285631
48446,uniform,0.050000001,16,b1,3.9243756e-05,0.092027511,5.2263974e-06,0.05285631
48446,uniform,0.050000001,16,moments,6.9883556e-06,0.092027511,8.9140286e-07,0.05285631
48446,uniform,0.050000001,16,diag,6.0207313e-06,0.092027511,9.3312794e-07,0.05285631
48264,uniform,0.050000001,16,2b,0.00033734518,0.16098074,5.2816023e-05,0.069689656
48264,uniform,0.050000001,16,b1,0.0001233837,0.16098074,3.2453604e-05,0.069689656
48264,uniform,0.050000001,16,moments,3.4366388e-05,0.16098074,9.1685912e-06,0.069689656
48264,uniform,0.050000001,16,diag,2.8968673e-05,0.16098074,5.0378689e-06,0.069689656
48370,uniform,0.050000001,16,2b,0.0001629502,0.26534045,1.818089e-05,0.046622821
48370,uniform,0.050000001,16,b1,7.1083129e-05,0.26534045,9.6809835e-06,0.046622821
48370,uniform,0.050000001,16,moments,3.0114548e-05,0.26534045,2.2973481e-06,0.046622821
48370,uniform,0.050000001,16,diag,2.9689465e-05,0.26534045,2.1670925e-06,0.046622821
48482,uniform,0.050000001,16,2b,0.00014197766,0.082069949,3.1865407e-05,0.089050604
48482,uniform,0.050000001,16,b1,7.8755208e-05,0.082069949,1.6457314e-05,0.089050604
48482,uniform,0.050000001,16,moments,2.7135408e-05,0.082069949,3.2965209e-06,0.089050604
48482,uniform,0.050000001,16,diag,2.5617177e-05,0.082069949,3.3409208e-06,0.089050604
49257,uniform,0.050000001,32,2b,0.00086461923,0.50108206,0.0001462636,0.16602418
49257,uniform,0.050000001,32,b1,0.00043709966,0.50108206,5.0559655e-05,0.16602418
49257,uniform,0.050000001,32,moments,0.00012487556,0.50108206,9.5093328e-06,0.16602418
49257,uniform,0.050000001,32,diag,0.00012226615,0.50108206,9.1457636e-06,0.16602418
49727,uniform,0.050000001,32,2b,0.0012298217,0.69667453,0.00012702399,0.14532438
49727,uniform,0.050000001,32,b1,0.0003502527,0.69667453,8.4086403e-05,0.14532438
49727,uniform,0.050000001,32,moments,0.00017865825,0.69667453,9.0346853e-06,0.14532438
49727,uniform,0.050000001,32,diag,0.00016656594,0.69667453,8.168261e-06,0.14532438
49766,uniform,0.050000001,32,2b,0.0025248915,0.65584196,0.00039649972,0.16299455
49766,uniform,0.050000001,32,b1,0.00089876908,0.65584196,0.00011396316,0.16299455
49766,uniform,0.050000001,32,moments,0.00022077685,0.65584196,2.9244671e-05,0.16299455
49766,uniform,0.050000001,32,diag,0.00021453925,0.65584196,2.7895375e-05,0.16299455
49578,uniform,0.050000001,32,2b,0.00043404341,0.26892565,8.0841235e-05,0.13638065
49578,uniform,0.050000001,32,b1,0.00021687246,0.26892565,5.8892694e-05,0.13638065
49578,uniform,0.050000001,32,moments,7.8861862e-05,0.26892565,8.8689594e-06,0.13638065
49578,uniform,0.050000001,32,diag,7.5947533e-05,0.26892565,8.6379823e-06,0.13638065
49778,uniform,0.050000001,32,2b,0.0013801279,0.35651129,0.00020655612,0.11544733
49778,uniform,0.050000001,32,b1,0.00048120874,0.35651129,0.00011526388,0.11544733
49778,uniform,0.050000001,32,moments,0.00019252246,0.35651129,2.276726e-05,0.11544733
49778,uniform,0.050000001,32,diag,0.00017468511,0.35651129,1.8099551e-05,0.11544733
49570,uniform,0.050000001,32,2b,0.00058297384,0.33358375,9.5092945e-05,0.15347967
49570,uniform,0.050000001,32,b1,0.00029416322,0.33358375,4.9175146e-05,0.15347967
49570,uniform,0.050000001,32,moments,0.00010564454,0.33358375,1.0495754e-05,0.15347967
49570,uniform,0.050000001,32,diag,0.00011358138,0.33358375,1.0793149e-05,0.15347967
49903,uniform,0.050000001,48,2b,0.00080213765,0.33691545,0.00011913431,0.23420633
49903,uniform,0.050000001,48,b1,0.00031789724,0.33691545,5.2884041e-05,0.23420633
49903,uniform,0.050000001,48,moments,0.00012068191,0.33691545,8.2290399e-06,0.23420633
49903,uniform,0.050000001,48,diag,0.00011044823,0.33691545,7.2574785e-06,0.23420633
49877,uniform,0.050000001,48,2b,0.002528488,1.6540331,0.00013992582,0.25942468
49877,uniform,0.050000001,48,b1,0.00077663449,1.6540331,7.6013325e-05,0.25942468
49877,uniform,0.050000001,48,moments,0.00026667888,1.6540331,1.9328509e-05,0.25942468
49877,uniform,0.050000001,48,diag,0.00025824458,1.6540331,1.8519917e-05,0.25942468
50035,uniform,0.050000001,48,2b,0.00086804385,0.56465794,8.4281899e-05,0.18256738
50035,uniform,0.050000001,48,b1,0.00044907747,0.56465794,4.6674289e-05,0.18256738
50035,uniform,0.050000001,48,moments,0.00013218487,0.56465794,9.4521259e-06,0.18256738
50035,uniform,0.050000001,48,diag,0.00012709311,0.56465794,9.1447585e-06,0.18256738
49989,uniform,0.050000001,48,2b,0.001428191,0.49997839,0.00010275517,0.22789323
49989,uniform,0.050000001,48,b1,0.00050302314,0.49997839,5.4070852e-05,0.22789323
49989,uniform,0.050000001,48,moments,0.00019253992,0.49997839,1.6412517e-05,0.22789323
49989,uniform,0.050000001,48,diag,0.00018822037,0.49997839,1.599016e-05,0.22789323
49983,uniform,0.050000001,48,2b,0.0013802558,0.70533152,0.00011352314,0.24481458
49983,uniform,0.050000001,48,b1,0.00047067694,0.70533152,5.1043858e-05,0.24481458
49983,uniform,0.050000001,48,moments,0.00024041419,0.70533152,1.4923881e-05,0.24481458
49983,uniform,0.050000001,48,diag,0.00023400963,0.70533152,1.4467887e-05,0.24481458
50088,uniform,0.050000001,48,2b,0.00098458465,1.3725246,0.00011613926,0.24835966
50088,uniform,0.050000001,48,b1,0.0005093368,1.3725246,4.6793169e-05,0.24835966
50088,uniform,0.050000001,48,moments,0.00016665046,1.3725246,1.133692e-05,0.24835966
50088,uniform,0.050000001,48,diag,0.00015911081,1.3725246,1.0558223e-05,0.24835966
50218,uniform,0.050000001,64,2b,0.0020667166,0.77690251,0.00029588112,0.32074894
50218,uniform,0.050000001,64,b1,0.00096492233,0.77690251,0.00014624026,0.32074894
50218,uniform,0.050000001,64,moments,0.00059692806,0.77690251,5.8065037e-05,0.32074894
50218,uniform,0.050000001,64,diag,0.00059411538,0.77690251,5.7021271e-05,0.32074894
50227,uniform,0.050000001,64,2b,0.0024654018,0.96591219,0.00030470041,0.31641221
50227,uniform,0.050000001,64,b1,0.0012088194,0.96591219,0.00012113294,0.31641221
50227,uniform,0.050000001,64,moments,0.0005761009,0.96591219,3.2159561e-05,0.31641221
50227,uniform,0.050000001,64,diag,0.00057568179,0.96591219,3.2670741e-05,0.31641221
50255,uniform,0.050000001,64,2b,0.0020750629,0.53870053,0.0001787708,0.32352591
50255,uniform,0.050000001,64,b1,0.00081311397,0.53870053,8.0793953e-05,0.32352591
50255,uniform,0.050000001,64,moments,0.00031220981,0.53870053,2.0982214e-05,0.32352591
50255,uniform,0.050000001,64,diag,0.000317662,0.53870053,2.0027826e-05,0.32352591
50289,uniform,0.050000001,64,2b,0.0026508876,1.3000696,0.00044393022,0.28404204
50289,uniform,0.050000001,64,b1,0.001043838,1.3000696,0.00019087024,0.28404204
50289,uniform,0.050000001,64,moments,0.0005058621,1.3000696,3.61949e-05,0.28404204
50289,uniform,0.050000001,64,diag,0.00047889699,1.3000696,3.3501653e-05,0.28404204
50278,uniform,0.050000001,64,2b,0.0026907299,0.77943964,0.00038948664,0.30307774
50278,uniform,0.050000001,64,b1,0.0010314469,0.77943964,0.00016294837,0.30307774
50278,uniform,0.050000001,64,moments,0.00048763807,0.77943964,3.1245594e-05,0.30307774
50278,uniform,0.050000001,64,diag,0.00046484957,0.77943964,2.8769597e-05,0.30307774
50242,uniform,0.050000001,64,2b,0.0039131912,1.138163,0.00044568975,0.32041157
50242,uniform,0.050000001,64,b1,0.0016948642,1.138163,0.00020915423,0.32041157
50242,uniform,0.050000001,64,moments,0.00077551611,1.138163,4.4489611e-05,0.32041157
50242,uniform,0.050000001,64,diag,0.00076636801,1.138163,4.5315293e-05,0.32041157
50785,uniform,0.075000003,16,2b,0.0008462754,0.079341871,0.0001778398,0.084827367
50785,uniform,0.075000003,16,b1,0.00021187269,0.079341871,3.4976445e-05,0.084827367
50785,uniform,0.075000003,16,moments,5.0092391e-05,0.079341871,9.6683536e-06,0.084827367
50785,uniform,0.075000003,16,diag,3.5782067e-05,0.079341871,6.8173261e-06,0.084827367
50867,uniform,0.075000003,16,2b,0.00073422026,0.1035776,0.00028834685,0.058225151
50867,uniform,0.075000003,16,b1,0.0002423202,0.1035776,9.6151179e-05,0.058225151
50867,uniform,0.075000003,16,moments,5.1398413e-05,0.1035776,8.1039097e-06,0.058225151
50867,uniform,0.075000003,16,diag,4.4441431e-05,0.1035776,6.5690292e-06,0.058225151
51047,uniform,0.075000003,16,2b,0.00043368409,0.12271678,0.00010287485,0.053464671
51047,uniform,0.075000003,16,b1,0.0001495121,0.12271678,2.7840614e-05,0.053464671
51047,uniform,0.075000003,16,moments,4.1144735e-05,0.12271678,7.6862284e-06,0.053464671
51047,uniform,0.075000003,16,diag,4.1409083e-05,0.12271678,6.9394464e-06,0.053464671
50962,uniform,0.075000003,16,2b,0.00096062407,0.068797628,0.00027419144,0.067975217
50962,uniform,0.075000003,16,b1,0.00028512034,0.068797628,0.00010897283,0.067975217
50962,uniform,0.075000003,16,moments,0.0001071109,0.068797628,2.731501e-05,0.067975217
50962,uniform,0.075000003,16,diag,9.2570342e-05,0.068797628,1.8789573e-05,0.067975217
51528,uniform,0.075000003,16,2b,0.00054064361,0.14334106,0.00012018807,0.096764806
51528,uniform,0.075000003,16,b1,0.00020289699,0.14334106,5.3044852e-05,0.096764806
51528,uniform,0.075000003,16,moments,3.7025167e-05,0.14334106,1.035522e-05,0.096764806
51528,uniform,0.075000003,16,diag,3.6156053e-05,0.14334106,5.8445444e-06,0.096764806
51669,uniform,0.075000003,16,2b,0.00058515608,0.11232556,0.00018149242,0.080704651
51669,uniform,0.075000003,16,b1,0.00016684206,0.11232556,5.1038902e-05,0.080704651
51669,uniform,0.075000003,16,moments,3.8838334e-05,0.11232556,7.3521359e-06,0.080704651
51669,uniform,0.075000003,16,diag,2.4879856e-05,0.11232556,5.4505096e-06,0.080704651
52157,uniform,0.075000003,32,2b,0.00096447301,0.29098798,0.00012840764,0.15002756
52157,uniform,0.075000003,32,b1,0.00035582309,0.29098798,4.8447581e-05,0.15002756
52157,uniform,0.075000003,32,moments,0.00011670045,0.29098798,1.0117367e-05,0.15002756
52157,uniform,0.075000003,32,diag,0.00011398089,0.29098798,8.7712074e-06,0.15002756
52091,uniform,0.075000003,32,2b,0.0042280227,0.76575319,0.00059517308,0.14963083
52091,uniform,0.075000003,32,b1,0.0011181323,0.76575319,0.00014899304,0.14963083
52091,uniform,0.075000003,32,moments,0.00040261504,0.76575319,4.5585408e-05,0.14963083
52091,uniform,0.075000003,32,diag,0.00035367292,0.76575319,4.049972e-05,0.14963083
52195,uniform,0.075000003,32,2b,0.0024753967,0.39327798,0.00040152878,0.18186381
52195,uniform,0.075000003,32,b1,0.0010849306,0.39327798,0.00013447725,0.18186381
52195,uniform,0.075000003,32,moments,0.0002914069,0.39327798,3.682749e-05,0.18186381
52195,uniform,0.075000003,32,diag,0.00026937998,0.39327798,3.517756e-05,0.18186381
52476,uniform,0.075000003,32,2b,0.0021000992,0.50315836,0.00036842501,0.15445362
52476,uniform,0.075000003,32,b1,0.00088456433,0.50315836,0.00018221401,0.15445362
52476,uniform,0.075000003,32,moments,0.00019373918,0.50315836,3.8014761e-05,0.15445362
52476,uniform,0.075000003,32,diag,0.00018335038,0.50315836,3.7984704e-05,0.15445362
52486,uniform,0.075000003,32,2b,0.0033414701,0.62845257,0.00030961104,0.14597912
52486,uniform,0.075000003,32,b1,0.0011325709,0.62845257,0.00015904858,0.14597912
52486,uniform,0.075000003,32,moments,0.00054193373,0.62845257,5.403136e-05,0.14597912
52486,uniform,0.075000003,32,diag,0.00056197687,0.62845257,5.0457698e-05,0.14597912
52493,uniform,0.075000003,32,2b,0.0021916825,0.27874853,0.00021413484,0.163353
52493,uniform,0.075000003,32,b1,0.00068779124,0.27874853,0.00011428579,0.163353
52493,uniform,0.075000003,32,moments,0.00021331653,0.27874853,2.2743447e-05,0.163353
52493,uniform,0.075000003,32,diag,0.0002123661,0.27874853,1.9905579e-05,0.163353
52723,uniform,0.075000003,48,2b,0.0038648957,0.59722292,0.00049393853,0.20226194
52723,uniform,0.075000003,48,b1,0.0012814797,0.59722292,0.00016356827,0.20226194
52723,uniform,0.075000003,48,moments,0.00039507826,0.59722292,4.6493025e-05,0.20226194
52723,uniform,0.075000003,48,diag,0.00039921433,0.59722292,4.4385098e-05,0.20226194
52859,uniform,0.075000003,48,2b,0.0058852769,0.89928699,0.00054980745,0.22285021
52859,uniform,0.075000003,48,b1,0.0021154992,0.89928699,0.00023046723,0.22285021
52859,uniform,0.075000003,48,moments,0.00091150945,0.89928699,6.1873426e-05,0.22285021
52859,uniform,0.075000003,48,diag,0.00085408185,0.89928699,6.037419e-05,0.22285021
52835,uniform,0.075000003,48,2b,0.0022347994,0.54767617,0.00028227317,0.17073208
52835,uniform,0.075000003,48,b1,0.00081124258,0.54767617,0.00015511991,0.17073208
52835,uniform,0.075000003,48,moments,0.00033746704,0.54767617,4.1924904e-05,0.17073208
52835,uniform,0.075000003,48,diag,0.0003255628,0.54767617,3.8223257e-05,0.17073208
52978,uniform,0.075000003,48,2b,0.005862032,0.94064708,0.00055243808,0.1814772
52978,uniform,0.075000003,48,b1,0.0014540357,0.94064708,0.00024132239,0.1814772
52978,uniform,0.075000003,48,moments,0.00059276864,0.94064708,6.8412644e-05,0.1814772
52978,uniform,0.075000003,48,diag,0.00054526216,0.94064708,4.7993847e-05,0.1814772
53055,uniform,0.075000003,48,2b,0.0037851068,1.0453555,0.00050366693,0.21954846
53055,uniform,0.075000003,48,b1,0.0014108181,1.0453555,0.00014315631,0.21954846
53055,uniform,0.075000003,48,moments,0.00057783231,1.0453555,5.5043926e-05,0.21954846
53055,uniform,0.075000003,48,diag,0.00056460029,1.0453555,3.9871735e-05,0.21954846
53001,uniform,0.075000003,48,2b,0.0014497324,0.39115069,0.00027694302,0.20490403
53001,uniform,0.075000003,48,b1,0.00067193818,0.39115069,0.00012663461,0.20490403
53001,uniform,0.075000003,48,moments,0.00023150804,0.39115069,1.8125785e-05,0.20490403
53001,uniform,0.075000003,48,diag,0.00023647228,0.39115069,1.5912222e-05,0.20490403
53116,uniform,0.075000003,64,2b,0.0036387673,0.7468116,0.00045685195,0.29747242
53116,uniform,0.075000003,64,b1,0.0011487688,0.7468116,0.00016980509,0.29747242
53116,uniform,0.075000003,64,moments,0.0006574633,0.7468116,4.8101506e-05,0.29747242
53116,uniform,0.075000003,64,diag,0.00064386796,0.7468116,4.4469717e-05,0.29747242
53086,uniform,0.075000003,64,2b,0.0073621113,0.93114388,0.00077398741,0.25351215
53086,uniform,0.075000003,64,b1,0.0026693992,0.93114388,0.00030474993,0.25351215
53086,uniform,0.075000003,64,moments,0.00079555005,0.93114388,9.8299269e-05,0.25351215
53086,uniform,0.075000003,64,diag,0.00077122923,0.93114388,8.2133902e-05,0.25351215
53077,uniform,0.075000003,64,2b,0.0046656189,0.82857589,0.00091242032,0.30086432
53077,uniform,0.075000003,64,b1,0.0012694142,0.82857589,0.00018356777,0.30086432
53077,uniform,0.075000003,64,moments,0.00068435168,0.82857589,6.6946764e-05,0.30086432
53077,uniform,0.075000003,64,diag,0.00066657238,0.82857589,6.0258879e-05,0.30086432
53158,uniform,0.075000003,64,2b,0.010419188,2.3158415,0.0010456224,0.26911405
53158,uniform,0.075000003,64,b1,0.0038091964,2.3158415,0.00042877257,0.26911405
53158,uniform,0.075000003,64,moments,0.0014715472,2.3158415,0.00010963783,0.26911405
53158,uniform,0.075000003,64,diag,0.0014494951,2.3158415,0.00011039509,0.26911405
53178,uniform,0.075000003,64,2b,0.0046555842,0.73166081,0.00066066136,0.24520796
53178,uniform,0.075000003,64,b1,0.002096997,0.73166081,0.00022660317,0.24520796
53178,uniform,0.075000003,64,moments,0.00097738341,0.73166081,6.3119355e-05,0.24520796
53178,uniform,0.075000003,64,diag,0.00094434042,0.73166081,4.9297344e-05,0.24520796
53238,uniform,0.075000003,64,2b,0.012326436,1.1086217,0.0015051694,0.34340504
53238,uniform,0.075000003,64,b1,0.0043754444,1.1086217,0.00061983086,0.34340504
53238,uniform,0.075000003,64,moments,0.0019581287,1.1086217,0.00016688039,0.34340504
53238,uniform,0.075000003,64,diag,0.0019268458,1.1086217,0.00016306801,0.34340504
53444,uniform,0.15000001,16,2b,0.0011267404,0.20520969,0.00030764766,0.070635654
53444,uniform,0.15000001,16,b1,0.00042943868,0.20520969,9.7916105e-05,0.070635654
53444,uniform,0.15000001,16,moments,7.0812985e-05,0.20520969,1.4243854e-05,0.070635654
53444,uniform,0.15000001,16,diag,4.6243067e-05,0.20520969,1.0737465e-05,0.070635654
53449,uniform,0.15000001,16,2b,0.0021450148,0.28465521,0.00040467847,0.10724056
53449,uniform,0.15000001,16,b1,0.00079630177,0.28465521,0.00016542122,0.10724056
53449,uniform,0.15000001,16,moments,0.00016664502,0.28465521,3.118806e-05,0.10724056
53449,uniform,0.15000001,16,diag,0.00015415449,0.28465521,2.9030437e-05,0.10724056
53535,uniform,0.15000001,16,2b,0.0021828759,0.36511967,0.00051914672,0.069205077
53535,uniform,0.15000001,16,b1,0.00069936322,0.36511967,0.00018699894,0.069205077
53535,uniform,0.15000001,16,moments,0.00021770857,0.36511967,5.8052932e-05,0.069205077
53535,uniform,0.15000001,16,diag,0.00015776277,0.36511967,4.2329752e-05,0.069205077
54387,uniform,0.15000001,16,2b,0.0023184662,0.16193483,0.00051327933,0.059241261
54387,uniform,0.15000001,16,b1,0.00061871827,0.16193483,0.00012139656,0.059241261
54387,uniform,0.15000001,16,moments,0.00011342802,0.16193483,1.9264956e-05,0.059241261
54387,uniform,0.15000001,16,diag,0.00010039903,0.16193483,2.1413427e-05,0.059241261
54666,uniform,0.15000001,16,2b,0.0035348323,0.17862466,0.00084604929,0.045606862
54666,uniform,0.15000001,16,b1,0.00061788172,0.17862466,0.00017639652,0.045606862
54666,uniform,0.15000001,16,moments,0.00015050807,0.17862466,4.001095e-05,0.045606862
54666,uniform,0.15000001,16,diag,0.00016977105,0.17862466,3.4102514e-05,0.045606862
54720,uniform,0.15000001,16,2b,0.001347577,0.19602512,0.00038403965,0.058185803
54720,uniform,0.15000001,16,b1,0.00050291015,0.19602512,0.00010404924,0.058185803
54720,uniform,0.15000001,16,moments,7.2482683e-05,0.19602512,1.4543128e-05,0.058185803
54720,uniform,0.15000001,16,diag,5.8238541e-05,0.19602512,9.1962534e-06,0.058185803
54849,uniform,0.15000001,32,2b,0.0050004881,0.34974866,0.00085540097,0.14470799
54849,uniform,0.15000001,32,b1,0.0011444396,0.34974866,0.00023229096,0.14470799
54849,uniform,0.15000001,32,moments,0.00028731883,0.34974866,5.3457391e-05,0.14470799
54849,uniform,0.15000001,32,diag,0.0002267754,0.34974866,3.5376775e-05,0.14470799
55098,uniform,0.15000001,32,2b,0.0063592041,0.50354776,0.00082729111,0.14879015
55098,uniform,0.15000001,32,b1,0.0017258739,0.50354776,0.0002530259,0.14879015
55098,uniform,0.15000001,32,moments,0.00034680602,0.50354776,7.5035523e-05,0.14879015
55098,uniform,0.15000001,32,diag,0.00030537772,0.50354776,5.4838534e-05,0.14879015
55531,uniform,0.15000001,32,2b,0.0076243491,0.31685152,0.0019931585,0.14538501
55531,uniform,0.15000001,32,b1,0.0013249433,0.31685152,0.00055650094,0.14538501
55531,uniform,0.15000001,32,moments,0.0004823731,0.31685152,0.00018618214,0.14538501
55531,uniform,0.15000001,32,diag,0.0004535839,0.31685152,6.3123153e-05,0.14538501
55399,uniform,0.15000001,32,2b,0.0073799024,0.2405004,0.0012352348,0.12941916
55399,uniform,0.15000001,32,b1,0.001266101,0.2405004,0.00029556448,0.12941916
55399,uniform,0.15000001,32,moments,0.00033779099,0.2405004,5.5167644e-05,0.12941916
55399,uniform,0.15000001,32,diag,0.00025519736,0.2405004,4.288343e-05,0.12941916
55498,uniform,0.15000001,32,2b,0.0078396458,0.40079282,0.0017169137,0.15622179
55498,uniform,0.15000001,32,b1,0.0013048303,0.40079282,0.00041698783,0.15622179
55498,uniform,0.15000001,32,moments,0.00047492838,0.40079282,7.1391532e-05,0.15622179
55498,uniform,0.15000001,32,diag,0.00039127077,0.40079282,4.9074491e-05,0.15622179
55403,uniform,0.15000001,32,2b,0.011310244,0.37728283,0.0015625169,0.12722273
55403,uniform,0.15000001,32,b1,0.0015712387,0.37728283,0.00037260741,0.12722273
55403,uniform,0.15000001,32,moments,0.00035628261,0.37728283,0.00011538713,0.12722273
55403,uniform,0.15000001,32,diag,0.00032628955,0.37728283,7.9605541e-05,0.12722273
55752,uniform,0.15000001,48,2b,0.02794168,1.3138369,0.0032247147,0.19134612
55752,uniform,0.15000001,48,b1,0.0047868409,1.3138369,0.00078341594,0.19134612
55752,uniform,0.15000001,48,moments,0.001640765,1.3138369,0.00019260509,0.19134612
55752,uniform,0.15000001,48,diag,0.0015676822,1.3138369,0.00015017299,0.19134612
55680,uniform,0.15000001,48,2b,0.0073753383,0.40176061,0.001782739,0.171458
55680,uniform,0.15000001,48,b1,0.0025886439,0.40176061,0.00044807746,0.171458
55680,uniform,0.15000001,48,moments,0.00089310448,0.40176061,0.00014963032,0.171458
55680,uniform,0.15000001,48,diag,0.00071276637,0.40176061,0.00010378895,0.171458
55713,uniform,0.15000001,48,2b,0.022984923,1.0811012,0.0027869955,0.16064029
55713,uniform,0.15000001,48,b1,0.0056755367,1.0811012,0.00073926389,0.16064029
55713,uniform,0.15000001,48,moments,0.0019372011,1.0811012,0.00023644848,0.16064029
55713,uniform,0.15000001,48,diag,0.0017159977,1.0811012,0.00019784836,0.16064029
55687,uniform,0.15000001,48,2b,0.013833122,0.311207,0.0023735563,0.15803347
55687,uniform,0.15000001,48,b1,0.0025836544,0.311207,0.00039686629,0.15803347
55687,uniform,0.15000001,48,moments,0.0010700509,0.311207,0.0001382725,0.15803347
55687,uniform,0.15000001,48,diag,0.00090892522,0.311207,0.00011469683,0.15803347
55833,uniform,0.15000001,48,2b,0.017424834,1.9978571,0.0026296831,0.20832557
55833,uniform,0.15000001,48,b1,0.0022958766,1.9978571,0.0006235136,0.20832557
55833,uniform,0.15000001,48,moments,0.0009747988,1.9978571,0.00016711579,0.20832557
55833,uniform,0.15000001,48,diag,0.00094517684,1.9978571,0.00011575169,0.20832557
55925,uniform,0.15000001,48,2b,0.011797253,0.71736779,0.0017990627,0.19487266
55925,uniform,0.15000001,48,b1,0.0025129657,0.71736779,0.00046234438,0.19487266
55925,uniform,0.15000001,48,moments,0.00088581731,0.71736779,0.00019618698,0.19487266
55925,uniform,0.15000001,48,diag,0.00077511542,0.71736779,0.000137753,0.19487266
55980,uniform,0.15000001,64,2b,0.019287882,0.67587608,0.0027317473,0.25918867
55980,uniform,0.15000001,64,b1,0.0048166331,0.67587608,0.00072239927,0.25918867
55980,uniform,0.15000001,64,moments,0.001801571,0.67587608,0.00020792036,0.25918867
55980,uniform,0.15000001,64,diag,0.0016842875,0.67587608,0.00016712728,0.25918867
55988,uniform,0.15000001,64,2b,0.019558275,0.69830143,0.0023707122,0.27063106
55988,uniform,0.15000001,64,b1,0.004367854,0.69830143,0.00063569523,0.27063106
55988,uniform,0.15000001,64,moments,0.0018351679,0.69830143,0.00021822644,0.27063106
55988,uniform,0.15000001,64,diag,0.0014601833,0.69830143,0.00014105885,0.27063106
55971,uniform,0.15000001,64,2b,0.020369585,0.44831243,0.0030958185,0.31840879
55971,uniform,0.15000001,64,b1,0.0053118454,0.44831243,0.00078374522,0.31840879
55971,uniform,0.15000001,64,moments,0.0018772953,0.44831243,0.00030462795,0.31840879
55971,uniform,0.15000001,64,diag,0.0017031946,0.44831243,0.00023308488,0.31840879
55963,uniform,0.15000001,64,2b,0.021559673,0.71300891,0.0034013584,0.23637609
55963,uniform,0.15000001,64,b1,0.0047153178,0.71300891,0.00069342558,0.23637609
55963,uniform,0.15000001,64,moments,0.0017032109,0.71300891,0.00033087694,0.23637609
55963,uniform,0.15000001,64,diag,0.0014968231,0.71300891,0.00017284262,0.23637609
56051,uniform,0.15000001,64,2b,0.02295744,0.58140319,0.0039136243,0.26600801
56051,uniform,0.15000001,64,b1,0.0055152913,0.58140319,0.00084173887,0.26600801
56051,uniform,0.15000001,64,moments,0.0020544891,0.58140319,0.00025246971,0.26600801
56051,uniform,0.15000001,64,diag,0.0020554447,0.58140319,0.00019487772,0.26600801
56120,uniform,0.15000001,64,2b,0.025433801,1.390001,0.0036910575,0.30248535
56120,uniform,0.15000001,64,b1,0.0058522126,1.390001,0.00096788794,0.30248535
56120,uniform,0.15000001,64,moments,0.002098002,1.390001,0.00031364405,0.30248535
56120,uniform,0.15000001,64,diag,0.0019325152,1.390001,0.00020692827,0.30248535
56206,uniform,0.1,16,2b,0.0010218199,0.15017859,0.00017959678,0.062211105
56206,uniform,0.1,16,b1,0.00025733803,0.15017859,6.3534379e-05,0.062211105
56206,uniform,0.1,16,moments,0.00011381139,0.15017859,1.207181e-05,0.062211105
56206,uniform,0.1,16,diag,0.00011082106,0.15017859,1.0735528e-05,0.062211105
56404,uniform,0.1,16,2b,0.0028321443,0.15491989,0.00055088839,0.074699496
56404,uniform,0.1,16,b1,0.00056798378,0.15491989,0.00017242476,0.074699496
56404,uniform,0.1,16,moments,0.00016609878,0.15491989,4.5740505e-05,0.074699496
56404,uniform,0.1,16,diag,0.00016730702,0.15491989,3.4511448e-05,0.074699496
56664,uniform,0.1,16,2b,0.002760476,0.3066171,0.0008738735,0.079596289
56664,uniform,0.1,16,b1,0.00098651499,0.3066171,0.00021273054,0.079596289
56664,uniform,0.1,16,moments,0.00029183804,0.3066171,6.6225887e-05,0.079596289
56664,uniform,0.1,16,diag,0.00030968503,0.3066171,4.1036926e-05,0.079596289
57196,uniform,0.1,16,2b,0.00045359402,0.38363503,0.00012342009,0.1134725
57196,uniform,0.1,16,b1,0.00023358612,0.38363503,3.8078961e-05,0.1134725
57196,uniform,0.1,16,moments,3.439815e-05,0.38363503,5.726712e-06,0.1134725
57196,uniform,0.1,16,diag,3.3578973e-05,0.38363503,5.1910502e-06,0.1134725
57462,uniform,0.1,16,2b,0.0011837105,0.3100732,0.00019778315,0.056603501
57462,uniform,0.1,16,b1,0.00032677056,0.3100732,4.8694689e-05,0.056603501
57462,uniform,0.1,16,moments,6.6930883e-05,0.3100732,1.4631526e-05,0.056603501
57462,uniform,0.1,16,diag,6.120999e-05,0.3100732,1.0256042e-05,0.056603501
57540,uniform,0.1,16,2b,0.0015754229,0.17650471,0.0003977905,0.07610738
57540,uniform,0.1,16,b1,0.00075421423,0.17650471,0.00020066326,0.07610738
57540,uniform,0.1,16,moments,0.00019098047,0.17650471,2.9266266e-05,0.07610738
57540,uniform,0.1,16,diag,0.00016048837,0.17650471,2.6456214e-05,0.07610738
57769,uniform,0.1,32,2b,0.0030263663,0.24090533,0.00056067331,0.13677516
57769,uniform,0.1,32,b1,0.00077914938,0.24090533,0.00017020569,0.13677516
57769,uniform,0.1,32,moments,0.00042338124,0.24090533,4.1409245e-05,0.13677516
57769,uniform,0.1,32,diag,0.00038290656,0.24090533,3.6704118e-05,0.13677516
57970,uniform,0.1,32,2b,0.0052815584,0.57632076,0.00064927424,0.15945765
57970,uniform,0.1,32,b1,0.00084825565,0.57632076,0.0001616598,0.15945765
57970,uniform,0.1,32,moments,0.00024991544,0.57632076,4.4716289e-05,0.15945765
57970,uniform,0.1,32,diag,0.00023548866,0.57632076,3.7992829e-05,0.15945765
57931,uniform,0.1,32,2b,0.0052212865,0.28771212,0.00090430576,0.11720208
57931,uniform,0.1,32,b1,0.0013076219,0.28771212,0.00017909669,0.11720208
57931,uniform,0.1,32,moments,0.00039143768,0.28771212,5.9317208e-05,0.11720208
57931,uniform,0.1,32,diag,0.00031544339,0.28771212,3.7564621e-05,0.11720208
57948,uniform,0.1,32,2b,0.0037894793,0.71500788,0.00053960275,0.16409974
57948,uniform,0.1,32,b1,0.0010585642,0.71500788,0.0001736385,0.16409974
57948,uniform,0.1,32,moments,0.00035880888,0.71500788,4.4490636e-05,0.16409974
57948,uniform,0.1,32,diag,0.00034648767,0.71500788,4.0567706e-05,0.16409974
58332,uniform,0.1,32,2b,0.0045897311,0.23610197,0.0007166854,0.14054458
58332,uniform,0.1,32,b1,0.0010937983,0.23610197,0.00022220776,0.14054458
58332,uniform,0.1,32,moments,0.00052302949,0.23610197,5.4803205e-05,0.14054458
58332,uniform,0.1,32,diag,0.00049452451,0.23610197,4.079251e-05,0.14054458
58281,uniform,0.1,32,2b,0.0035464594,0.73370951,0.00036989343,0.12414259
58281,uniform,0.1,32,b1,0.00092886468,0.73370951,0.00018094931,0.12414259
58281,uniform,0.1,32,moments,0.00029280262,0.73370951,4.9673968e-05,0.12414259
58281,uniform,0.1,32,diag,0.0002557315,0.73370951,4.763605e-05,0.12414259
58519,uniform,0.1,48,2b,0.0046374458,1.4984882,0.00084789356,0.22068587
58519,uniform,0.1,48,b1,0.0016991929,1.4984882,0.00033161253,0.22068587
58519,uniform,0.1,48,moments,0.00085391152,1.4984882,7.0785385e-05,0.22068587
58519,uniform,0.1,48,diag,0.00080396477,1.4984882,6.619746e-05,0.22068587
58434,uniform,0.1,48,2b,0.0062003615,0.5450887,0.00087090983,0.22951102
58434,uniform,0.1,48,b1,0.0021793542,0.5450887,0.00032872157,0.22951102
58434,uniform,0.1,48,moments,0.00078712136,0.5450887,8.5807021e-05,0.22951102
58434,uniform,0.1,48,diag,0.00073989503,0.5450887,6.4264963e-05,0.22951102
58622,uniform,0.1,48,2b,0.0046347421,1.2255791,0.00091178883,0.23925927
58622,uniform,0.1,48,b1,0.0012607788,1.2255791,0.00030124489,0.23925927
58622,uniform,0.1,48,moments,0.00055121938,1.2255791,8.0170136e-05,0.23925927
58622,uniform,0.1,48,diag,0.00055829872,1.2255791,7.0629905e-05,0.23925927
58577,uniform,0.1,48,2b,0.015376181,0.58615615,0.0027824569,0.17005247
58577,uniform,0.1,48,b1,0.0029907561,0.58615615,0.00046209643,0.17005247
58577,uniform,0.1,48,moments,0.0012176068,0.58615615,0.00013092833,0.17005247
58577,uniform,0.1,48,diag,0.0010121579,0.58615615,0.00010732906,0.17005247
58720,uniform,0.1,48,2b,0.011706195,0.67196982,0.0011332966,0.25379752
58720,uniform,0.1,48,b1,0.0019264076,0.67196982,0.00034332201,0.25379752
58720,uniform,0.1,48,moments,0.00065583214,0.67196982,0.00010727938,0.25379752
58720,uniform,0.1,48,diag,0.00069609201,0.67196982,9.610525e-05,0.25379752
58729,uniform,0.1,48,2b,0.013775579,0.63170933,0.0014588933,0.20565607
58729,uniform,0.1,48,b1,0.0037039782,0.63170933,0.00038887907,0.20565607
58729,uniform,0.1,48,moments,0.001101309,0.63170933,0.00013635789,0.20565607
58729,uniform,0.1,48,diag,0.0011744312,0.63170933,0.0001057582,0.20565607
58830,uniform,0.1,64,2b,0.013194966,0.7202023,0.0017904361,0.32931981
58830,uniform,0.1,64,b1,0.0038981627,0.7202023,0.00061201956,0.32931981
58830,uniform,0.1,64,moments,0.0016615712,0.7202023,0.00014086394,0.32931981
58830,uniform,0.1,64,diag,0.0016413277,0.7202023,0.00012175822,0.32931981
58855,uniform,0.1,64,2b,0.0085226427,0.5246008,0.0014196821,0.25629459
58855,uniform,0.1,64,b1,0.0022396525,0.5246008,0.00037519835,0.25629459
58855,uniform,0.1,64,moments,0.00095292251,0.5246008,0.00011161269,0.25629459
58855,uniform,0.1,64,diag,0.00096205858,0.5246008,0.00010093497,0.25629459
58818,uniform,0.1,64,2b,0.009691507,1.1498434,0.0012500028,0.26634445
58818,uniform,0.1,64,b1,0.001845445,1.1498434,0.00035630987,0.26634445
58818,uniform,0.1,64,moments,0.00070360595,1.1498434,9.0820463e-05,0.26634445
58818,uniform,0.1,64,diag,0.00062337573,1.1498434,5.9579863e-05,0.26634445
58882,uniform,0.1,64,2b,0.011771901,0.91914565,0.0014844688,0.32353283
58882,uniform,0.1,64,b1,0.0034290317,0.91914565,0.0004301964,0.32353283
58882,uniform,0.1,64,moments,0.001343439,0.91914565,0.00011661089,0.32353283
58882,uniform,0.1,64,diag,0.0012636695,0.91914565,9.4054309e-05,0.32353283
58928,uniform,0.1,64,2b,0.012212092,3.5593193,0.0013245445,0.29038932
58928,uniform,0.1,64,b1,0.0030182391,3.5593193,0.000437924,0.29038932
58928,uniform,0.1,64,moments,0.001524987,3.5593193,9.320369e-05,0.29038932
58928,uniform,0.1,64,diag,0.0014336863,3.5593193,8.5043651e-05,0.29038932
58889,uniform,0.1,64,2b,0.013319832,0.83818825,0.0015896362,0.25172925
58889,uniform,0.1,64,b1,0.0043698424,0.83818825,0.00043957482,0.25172925
58889,uniform,0.1,64,moments,0.0018724772,0.83818825,0.00010270447,0.25172925
58889,uniform,0.1,64,diag,0.0017804235,0.83818825,9.2561437e-05,0.25172925
59101,uniform,0.25,16,2b,0.0055457759,0.11230745,0.0014830863,0.072366771
59101,uniform,0.25,16,b1,0.0011157685,0.11230745,0.00031258074,0.072366771
59101,uniform,0.25,16,moments,0.00031263975,0.11230745,0.00027656254,0.072366771
59101,uniform,0.25,16,diag,0.00020197716,0.11230745,7.2000071e-05,0.072366771
59018,uniform,0.25,16,2b,0.0065939654,0.31154285,0.0014726447,0.054042949
59018,uniform,0.25,16,b1,0.0016684846,0.31154285,0.00032428133,0.054042949
59018,uniform,0.25,16,moments,0.00029886883,0.31154285,0.00012133844,0.054042949
59018,uniform,0.25,16,diag,0.00017564653,0.31154285,4.3465256e-05,0.054042949
59182,uniform,0.25,16,2b,0.0059523901,0.26215401,0.0026330444,0.067133898
59182,uniform,0.25,16,b1,0.0017726823,0.26215401,0.00026501019,0.067133898
59182,uniform,0.25,16,moments,0.00020647432,0.26215401,0.00013009658,0.067133898
59182,uniform,0.25,16,diag,0.0001960248,0.26215401,7.3141365e-05,0.067133898
59138,uniform,0.25,16,2b,0.0061091298,0.2688765,0.0020016258,0.05987055
59138,uniform,0.25,16,b1,0.0021774663,0.2688765,0.0005313817,0.05987055
59138,uniform,0.25,16,moments,0.00030626513,0.2688765,0.00010554363,0.05987055
59138,uniform,0.25,16,diag,0.00015629825,0.2688765,5.286422e-05,0.05987055
59121,uniform,0.25,16,2b,0.004804208,0.15415771,0.0010316173,0.079336911
59121,uniform,0.25,16,b1,0.001517835,0.15415771,0.00037929719,0.079336911
59121,uniform,0.25,16,moments,0.00022381686,0.15415771,0.00016598412,0.079336911
59121,uniform,0.25,16,diag,0.00018326258,0.15415771,3.5910727e-05,0.079336911
59189,uniform,0.25,16,2b,0.0074039895,0.54213013,0.0023662629,0.054400726
59189,uniform,0.25,16,b1,0.0018554297,0.54213013,0.00039708805,0.054400726
59189,uniform,0.25,16,moments,0.00031031481,0.54213013,0.00027182918,0.054400726
59189,uniform,0.25,16,diag,0.00018833076,0.54213013,0.00013235986,0.054400726
59314,uniform,0.25,32,2b,0.032067476,1.4242563,0.004884392,0.12452635
59314,uniform,0.25,32,b1,0.0042435741,1.4242563,0.00090378334,0.12452635
59314,uniform,0.25,32,moments,0.0012215084,1.4242563,0.00027762801,0.12452635
59314,uniform,0.25,32,diag,0.00092946212,1.4242563,0.00014595415,0.12452635
59330,uniform,0.25,32,2b,0.025368771,0.7892742,0.0048400094,0.11095952
59330,uniform,0.25,32,b1,0.003394942,0.7892742,0.00070638408,0.11095952
59330,uniform,0.25,32,moments,0.0011489503,0.7892742,0.00038562762,0.11095952
59330,uniform,0.25,32,diag,0.00064285518,0.7892742,0.00013945699,0.11095952
59374,uniform,0.25,32,2b,0.01491009,0.33390834,0.0026322429,0.10697318
59374,uniform,0.25,32,b1,0.0028600756,0.33390834,0.00080238985,0.10697318
59374,uniform,0.25,32,moments,0.0011586006,0.33390834,0.00033018318,0.10697318
59374,uniform,0.25,32,diag,0.00082694826,0.33390834,0.00014412484,0.10697318
59383,uniform,0.25,32,2b,0.024526622,0.59336193,0.0044137596,0.11523952
59383,uniform,0.25,32,b1,0.0052458234,0.59336193,0.00088583676,0.11523952
59383,uniform,0.25,32,moments,0.00099844531,0.59336193,0.0003426723,0.11523952
59383,uniform,0.25,32,diag,0.00092895089,0.59336193,0.00018751416,0.11523952
59375,uniform,0.25,32,2b,0.02028526,0.3205177,0.0040613358,0.12029422
59375,uniform,0.25,32,b1,0.0049411905,0.3205177,0.00074500634,0.12029422
59375,uniform,0.25,32,moments,0.0011807537,0.3205177,0.00034885871,0.12029422
59375,uniform,0.25,32,diag,0.00053901448,0.3205177,0.00012780614,0.12029422
59377,uniform,0.25,32,2b,0.015309069,0.86268838,0.0038254272,0.10112973
59377,uniform,0.25,32,b1,0.0022962078,0.86268838,0.00091469316,0.10112973
59377,uniform,0.25,32,moments,0.0010864747,0.86268838,0.00040883005,0.10112973
59377,uniform,0.25,32,diag,0.00075128022,0.86268838,0.00014908605,0.10112973
59407,uniform,0.25,48,2b,0.042640249,1.3020125,0.007418291,0.14611899
59407,uniform,0.25,48,b1,0.0082224293,1.3020125,0.0015284507,0.14611899
59407,uniform,0.25,48,moments,0.0023979629,1.3020125,0.00057482698,0.14611899
59407,uniform,0.25,48,diag,0.001403946,1.3020125,0.00027361223,0.14611899
59447,uniform,0.25,48,2b,0.034292114,0.86475371,0.0068406478,0.18682365
59447,uniform,0.25,48,b1,0.00832916,0.86475371,0.0018005992,0.18682365
59447,uniform,0.25,48,moments,0.0032630987,0.86475371,0.00068498036,0.18682365
59447,uniform,0.25,48,diag,0.0021661742,0.86475371,0.00038112013,0.18682365
59457,uniform,0.25,48,2b,0.05746557,0.36828585,0.008848287,0.16539032
59457,uniform,0.25,48,b1,0.011066855,0.36828585,0.0015033897,0.16539032
59457,uniform,0.25,48,moments,0.0027603262,0.36828585,0.00054811038,0.16539032
59457,uniform,0.25,48,diag,0.0022121813,0.36828585,0.00031895169,0.16539032
59452,uniform,0.25,48,2b,0.026592724,0.36422641,0.0051647396,0.22255396
59452,uniform,0.25,48,b1,0.0056292621,0.36422641,0.0011253723,0.22255396
59452,uniform,0.25,48,moments,0.0026882828,0.36422641,0.00064848606,0.22255396
59452,uniform,0.25,48,diag,0.0020887012,0.36422641,0.00025415529,0.22255396
59506,uniform,0.25,48,2b,0.039722871,0.72335612,0.0066257745,0.16509968
59506,uniform,0.25,48,b1,0.0070156121,0.72335612,0.0013225323,0.16509968
59506,uniform,0.25,48,moments,0.0023144605,0.72335612,0.00062852779,0.16509968
59506,uniform,0.25,48,diag,0.0016120679,0.72335612,0.00027778018,0.16509968
59508,uniform,0.25,48,2b,0.032103289,0.81322572,0.0054104834,0.19633434
59508,uniform,0.25,48,b1,0.0076471923,0.81322572,0.0013246158,0.19633434
59508,uniform,0.25,48,moments,0.0026311212,0.81322572,0.00056820713,0.19633434
59508,uniform,0.25,48,diag,0.0016806639,0.81322572,0.00031766474,0.19633434
59531,uniform,0.25,64,2b,0.075303088,0.42650951,0.012552558,0.23981444
59531,uniform,0.25,64,b1,0.013660645,0.42650951,0.0025071967,0.23981444
59531,uniform,0.25,64,moments,0.004002586,0.42650951,0.00095912075,0.23981444
59531,uniform,0.25,64,diag,0.0035497529,0.42650951,0.00058372352,0.23981444
59537,uniform,0.25,64,2b,0.081648252,2.2939474,0.010662915,0.26456158
59537,uniform,0.25,64,b1,0.017358779,2.2939474,0.0023998332,0.26456158
59537,uniform,0.25,64,moments,0.0040344154,2.2939474,0.00081549305,0.26456158
59537,uniform,0.25,64,diag,0.0035062535,2.2939474,0.00036016821,0.26456158
59510,uniform,0.25,64,2b,0.084901561,2.2416133,0.010134181,0.25389353
59510,uniform,0.25,64,b1,0.015879921,2.2416133,0.0019013937,0.25389353
59510,uniform,0.25,64,moments,0.0048906182,2.2416133,0.00093320585,0.25389353
59510,uniform,0.25,64,diag,0.0036252648,2.2416133,0.00048377171,0.25389353
59533,uniform,0.25,64,2b,0.093336756,2.5484424,0.01340475,0.26449663
59533,uniform,0.25,64,b1,0.014231837,2.5484424,0.0029173498,0.26449663
59533,uniform,0.25,64,moments,0.0039297088,2.5484424,0.0014122196,0.26449663
59533,uniform,0.25,64,diag,0.0031318014,2.5484424,0.00062979763,0.26449663
59562,uniform,0.25,64,2b,0.1199641,1.4517612,0.017011672,0.24906563
59562,uniform,0.25,64,b1,0.021392431,1.4517612,0.0030419203,0.24906563
59562,uniform,0.25,64,moments,0.0060416978,1.4517612,0.0014494125,0.24906563
59562,uniform,0.25,64,diag,0.0038523324,1.4517612,0.00071022104,0.24906563
59582,uniform,0.25,64,2b,0.05364518,2.067522,0.0091042812,0.2278442
59582,uniform,0.25,64,b1,0.010888652,2.067522,0.0016702822,0.2278442
59582,uniform,0.25,64,moments,0.0040068554,2.067522,0.00084413097,0.2278442
59582,uniform,0.25,64,diag,0.003057156,2.067522,0.00037353666,0.2278442
59651,uniform,0.2,16,2b,0.0017689831,0.16657647,0.00052185137,0.065558678
59651,uniform,0.2,16,b1,0.00036197883,0.16657647,0.00012697652,0.065558678
59651,uniform,0.2,16,moments,0.00016099651,0.16657647,3.1458038e-05,0.065558678
59651,uniform,0.2,16,diag,0.00017708928,0.16657647,2.0638675e-05,0.065558678
59951,uniform,0.2,16,2b,0.0051207115,0.10510907,0.0010294239,0.058559879
59951,uniform,0.2,16,b1,0.0010395164,0.10510907,0.00030076661,0.058559879
59951,uniform,0.2,16,moments,0.00014577168,0.10510907,0.00010860452,0.058559879
59951,uniform,0.2,16,diag,9.4815083e-05,0.10510907,3.2771588e-05,0.058559879
60416,uniform,0.2,16,2b,0.0059783513,0.29670696,0.0012498645,0.073715522
60416,uniform,0.2,16,b1,0.0020212434,0.29670696,0.00033779147,0.073715522
60416,uniform,0.2,16,moments,0.0002970266,0.29670696,0.00011870063,0.073715522
60416,uniform,0.2,16,diag,0.00019788629,0.29670696,5.0095064e-05,0.073715522
60770,uniform,0.2,16,2b,0.0036237094,0.18514214,0.00091009257,0.095006144
60770,uniform,0.2,16,b1,0.0010140982,0.18514214,0.00024431181,0.095006144
60770,uniform,0.2,16,moments,0.0001973562,0.18514214,0.00011126814,0.095006144
60770,uniform,0.2,16,diag,0.00013950336,0.18514214,2.8307616e-05,0.095006144
61005,uniform,0.2,16,2b,0.0029535975,0.12445521,0.0006627053,0.062334744
61005,uniform,0.2,16,b1,0.0005586706,0.12445521,0.00022151212,0.062334744
61005,uniform,0.2,16,moments,0.00011014957,0.12445521,4.2207204e-05,0.062334744
61005,uniform,0.2,16,diag,7.422456e-05,0.12445521,2.1788345e-05,0.062334744
60642,uniform,0.2,16,2b,0.003187898,0.059999362,0.0010580764,0.057755148
60642,uniform,0.2,16,b1,0.00076726155,0.059999362,0.0002391774,0.057755148
60642,uniform,0.2,16,moments,0.00012612227,0.059999362,7.7834361e-05,0.057755148
60642,uniform,0.2,16,diag,9.6009566e-05,0.059999362,5.0310063e-05,0.057755148
61144,uniform,0.2,32,2b,0.033757342,1.4264684,0.0055612168,0.10942494
61144,uniform,0.2,32,b1,0.0042976398,1.4264684,0.0011919283,0.10942494
61144,uniform,0.2,32,moments,0.00099770991,1.4264684,0.00025007976,0.10942494
61144,uniform,0.2,32,diag,0.00080510226,1.4264684,0.00017545371,0.10942494
61323,uniform,0.2,32,2b,0.014000329,0.79938055,0.0019578884,0.13734181
61323,uniform,0.2,32,b1,0.0034954792,0.79938055,0.00052459565,0.13734181
61323,uniform,0.2,32,moments,0.0009169661,0.79938055,0.0001967475,0.13734181
61323,uniform,0.2,32,diag,0.00068215426,0.79938055,0.00010529685,0.13734181
61459,uniform,0.2,32,2b,0.018295871,0.82143672,0.0030505656,0.10406234
61459,uniform,0.2,32,b1,0.0045426539,0.82143672,0.00090930636,0.10406234
61459,uniform,0.2,32,moments,0.0010874961,0.82143672,0.00022261262,0.10406234
61459,uniform,0.2,32,diag,0.00081951425,0.82143672,0.0001686597,0.10406234
61475,uniform,0.2,32,2b,0.0096625329,0.36232374,0.0023100527,0.12480746
61475,uniform,0.2,32,b1,0.0027702808,0.36232374,0.00057601072,0.12480746
61475,uniform,0.2,32,moments,0.00089297459,0.36232374,0.00016010017,0.12480746
61475,uniform,0.2,32,diag,0.00056558897,0.36232374,0.00010750121,0.12480746
61765,uniform,0.2,32,2b,0.017111517,0.78309296,0.0029829845,0.13003556
61765,uniform,0.2,32,b1,0.0026799184,0.78309296,0.00058451711,0.13003556
61765,uniform,0.2,32,moments,0.0008458862,0.78309296,0.00025576019,0.13003556
61765,uniform,0.2,32,diag,0.00068824286,0.78309296,0.0001309889,0.13003556
61742,uniform,0.2,32,2b,0.012092587,0.25438162,0.0022879335,0.13027927
61742,uniform,0.2,32,b1,0.0030085651,0.25438162,0.00058138133,0.13027927
61742,uniform,0.2,32,moments,0.00093498058,0.25438162,0.0002048,0.13027927
61742,uniform,0.2,32,diag,0.00064933058,0.25438162,0.00010966883,0.13027927
61932,uniform,0.2,48,2b,0.025274533,0.55598444,0.0037892541,0.18246094
61932,uniform,0.2,48,b1,0.0045438931,0.55598444,0.00096425593,0.18246094
61932,uniform,0.2,48,moments,0.0017005741,0.55598444,0.00037317823,0.18246094
61932,uniform,0.2,48,diag,0.0012615838,0.55598444,0.00018544881,0.18246094
61919,uniform,0.2,48,2b,0.027806247,0.64282069,0.0046968865,0.18483325
61919,uniform,0.2,48,b1,0.0054852602,0.64282069,0.00093646553,0.18483325
61919,uniform,0.2,48,moments,0.0014780663,0.64282069,0.00050747106,0.18483325
61919,uniform,0.2,48,diag,0.0010689745,0.64282069,0.00024306964,0.18483325
62104,uniform,0.2,48,2b,0.037180481,0.74427501,0.0053029008,0.18382402
62104,uniform,0.2,48,b1,0.0073876694,0.74427501,0.0011929686,0.18382402
62104,uniform,0.2,48,moments,0.0024176583,0.74427501,0.00040183327,0.18382402
62104,uniform,0.2,48,diag,0.0019101309,0.74427501,0.00018897342,0.18382402
62023,uniform,0.2,48,2b,0.022905553,0.45243075,0.0029330679,0.15834349
62023,uniform,0.2,48,b1,0.0052312986,0.45243075,0.0007451274,0.15834349
62023,uniform,0.2,48,moments,0.0019693884,0.45243075,0.00028172119,0.15834349
62023,uniform,0.2,48,diag,0.0015167436,0.45243075,0.00017298416,0.15834349
62198,uniform,0.2,48,2b,0.028447897,0.40432794,0.0042766434,0.19613791
62198,uniform,0.2,48,b1,0.0045286407,0.40432794,0.00075170407,0.19613791
62198,uniform,0.2,48,moments,0.0013444995,0.40432794,0.00032939817,0.19613791
62198,uniform,0.2,48,diag,0.0010311465,0.40432794,0.00016232598,0.19613791
62182,uniform,0.2,48,2b,0.034227058,0.39496072,0.0043933712,0.20430106
62182,uniform,0.2,48,b1,0.0070359769,0.39496072,0.00071621779,0.20430106
62182,uniform,0.2,48,moments,0.001889205,0.39496072,0.00025987264,0.20430106
62182,uniform,0.2,48,diag,0.0017663213,0.39496072,0.00020368959,0.20430106
62296,uniform,0.2,64,2b,0.031313967,0.72985699,0.005998641,0.26011857
62296,uniform,0.2,64,b1,0.005398284,0.72985699,0.0013272224,0.26011857
62296,uniform,0.2,64,moments,0.0019209081,0.72985699,0.0004413958,0.26011857
62296,uniform,0.2,64,diag,0.0015637719,0.72985699,0.00031258206,0.26011857
62304,uniform,0.2,64,2b,0.036936369,0.86701766,0.0046894588,0.25015304
62304,uniform,0.2,64,b1,0.008616501,0.86701766,0.00085735353,0.25015304
62304,uniform,0.2,64,moments,0.0030368721,0.86701766,0.00040028,0.25015304
62304,uniform,0.2,64,diag,0.0025997613,0.86701766,0.00018704317,0.25015304
62300,uniform,0.2,64,2b,0.042981442,3.1442551,0.0049023496,0.25622698
62300,uniform,0.2,64,b1,0.011004517,3.1442551,0.0016652376,0.25622698
62300,uniform,0.2,64,moments,0.0041701813,3.1442551,0.00045830991,0.25622698
62300,uniform,0.2,64,diag,0.0034775942,3.1442551,0.00032988369,0.25622698
62380,uniform,0.2,64,2b,0.07427158,1.7067243,0.010290613,0.27257286
62380,uniform,0.2,64,b1,0.015033444,1.7067243,0.0013427344,0.27257286
62380,uniform,0.2,64,moments,0.0041987121,1.7067243,0.00044625641,0.27257286
62380,uniform,0.2,64,diag,0.0038073974,1.7067243,0.0003517873,0.27257286
62391,uniform,0.2,64,2b,0.053757112,2.0180734,0.0069016368,0.32108865
62391,uniform,0.2,64,b1,0.012882225,2.0180734,0.0013087433,0.32108865
62391,uniform,0.2,64,moments,0.0039028361,2.0180734,0.00055487791,0.32108865
62391,uniform,0.2,64,diag,0.0032839271,2.0180734,0.00031691003,0.32108865
62409,uniform,0.2,64,2b,0.05384273,2.6557342,0.0066737518,0.26209861
62409,uniform,0.2,64,b1,0.01354945,2.6557342,0.0017206664,0.26209861
62409,uniform,0.2,64,moments,0.0032321251,2.6557342,0.00046482554,0.26209861
62409,uniform,0.2,64,diag,0.0025454961,2.6557342,0.00032990386,0.26209861
