op,table,P,S_over_R,M_par,M_perp,M_o,N_tz,N_zt,res_par,res_perp,Rc,M_par_ref,M_par_relerr,M_perp_ref,M_perp_relerr,M_o_ref,M_o_relerr,N_tz_ref,N_tz_relerr,N_zt_ref,N_zt_relerr
rpy,B10,3,0.1,2.017438721520355,1.8222654141021488,-0.09758665370910273,-0.29456646387225804,0.29456646387225816,2.7977574272913506e-16,9.702399017824596e-17,1.2124355652982142,1.90508,0.058978479392127754,1.77827,0.02474057038703279,-0.02784,2.505267733803977,-0.2097,0.4047041672496807,0.17773,0.6573817806349977
rpy,B10,3,0.2,1.9757700976709243,1.775732531930879,-0.10001878287002255,-0.26839630282575566,0.2683963028257558,1.8950942267355685e-16,4.3022497392083305e-17,1.2701705922171769,1.87988,0.051008626971362145,1.74703,0.016429329737256318,-0.04235,1.3617186037785727,-0.21541,0.24597884418437246,0.18439,0.4555903401798133
rpy,B10,3,0.5,1.8680000000000005,1.664,-0.10199999999999988,-0.20784609690826528,0.20784609690826528,2.815651327348376e-16,3.658803123748871e-17,1.4433756729740645,1.80381,0.035585787860140834,1.65357,0.006307564844548425,-0.06475,0.5752895752895735,-0.19041,0.09157132980550013,0.16643,0.24884994837628602
rpy,B10,3,1,1.7314814814814818,1.537037037037037,-0.0972222222222222,-0.14433756729740643,0.14433756729740646,1.5303599563448312e-16,1.0093299908465746e-16,1.7320508075688774,1.6961,0.020860492589754084,1.53416,0.0018753174616969622,-0.07683,0.2654200471459352,-0.14019,0.02958532917759058,0.12721,0.13464010138673432
rpy,B10,3,2,1.5546875000000004,1.3906249999999998,-0.08203124999999994,-0.08118988160479111,0.08118988160479113,2.9212550802989424e-16,1.100103660660751e-16,2.3094010767585034,1.5421,0.008162570520718771,1.39019,0.00031290686884507954,-0.07471,0.0979955829206257,-0.0807,0.00607040402467308,0.07681,0.05702228361920482
rpy,B10,3,5,1.31997084548105,1.217201166180758,-0.05138483965014573,-0.02651098174850322,0.02651098174850322,2.8084342614706407e-16,9.052491817174445e-18,4.041451884327381,1.31853,0.0010927665514246518,1.21719,9.17373685129401e-06,-0.05053,0.01691746784377067,-0.0265,0.00041440560389514696,0.02623,0.01071222830740453
rpy,B10,3,10,1.1872106481481486,1.125578703703704,-0.030815972222222213,-0.009021097956087902,0.009021097956087904,4.4064431569142944e-16,1.1621827834221446e-16,6.92820323027551,1.18704,0.00014375939155250787,1.12558,1.1516696246226336e-06,-0.03072,0.003124095775462649,-0.00902,0.00012172462171860398,0.009,0.002344217343100496
rpy,B10,3,1000,1.0022455084850241,1.001497006982048,-0.00037425075148803566,-1.2938575002456745e-06,1.293857500245675e-06,2.6114522107993854e-16,4.942902913299305e-22,578.504969728005,1.00225,4.481431754498509e-06,1.0015,2.9885351494223257e-06,-0.00037,0.011488517535231533,0.0,,0.0,
rpy,B10,4,0.1,2.3867017784810973,2.0938918447328736,-0.09763662633001811,-0.3255465242131113,0.3255465242131113,1.1210284115317175e-16,1.541292623299403e-16,1.48492424049175,2.24243,0.06433724953782155,2.05466,0.01909408112917633,-0.02645,2.6913658347832934,-0.25621,0.2706238016201995,0.17821,0.826757893570009
rpy,B10,4,0.2,2.329057858368936,2.033393530334692,-0.09562676229419864,-0.2966240024338473,0.29662400243384734,2.007379395091008e-17,2.6386180653701323e-17,1.5556349186104048,2.206,0.05578325402036996,2.00837,0.012459621650737529,-0.03828,1.4980867892946352,-0.25416,0.1670758673034596,0.19188,0.545882856128035
rpy,B10,4,0.5,2.180541197284454,1.887445742854949,-0.08909545442950498,-0.22970562748477136,0.22970562748477136,8.600355652239645e-17,1.218073594087979e-16,1.7677669529663689,2.0979,0.03939234343126643,1.87879,0.004607083737378295,-0.05305,0.6794619119605085,-0.21603,0.06330429794367151,0.18135,0.2666425557472917
rpy,B10,4,1,1.9933728819209433,1.7203610173446602,-0.07856742013183864,-0.15951779686442455,0.15951779686442455,6.679700798249487e-17,1.3721925104736959e-17,2.121320343559643,1.94707,0.023780799827917448,1.71813,0.0012985148648008281,-0.05866,0.33936958970062464,-0.15631,0.02052201947683798,0.14134,0.12861042071900775
rpy,B10,4,2,1.7521802142767116,1.5259696573364878,-0.062148056940223906,-0.08972876073623881,0.08972876073623881,2.2548667786439552e-17,1.2981470567552509e-17,2.8284271247461903,1.73525,0.009756642718174094,1.52566,0.0002029661500516503,-0.05469,0.13636966429372652,-0.08936,0.004126686842421841,0.08554,0.048968444426453185
rpy,B10,4,5,1.4333553147675224,1.2934779909734762,-0.03710764449375468,-0.029299187179180026,0.029299187179180026,1.293875303457576e-16,1.4301745226566985e-16,4.949747468305833,1.43137,0.0013870031980007928,1.29347,6.177934916354708e-06,-0.03619,0.025356299910325456,-0.02929,0.0003136626555147068,0.02905,0.008577871916696261
rpy,B10,4,10,1.2534507582202388,1.1698751788561594,-0.021943634919634657,-0.009969862304026534,0.009969862304026534,1.8097876965863512e-16,1.2665383113310752e-18,8.485281374238571,1.25322,0.00018413225151112274,1.16987,4.4268646597239215e-06,-0.02183,0.005205447532508381,-0.00997,1.3811030437850652e-05,0.00995,0.001996211459953147
rpy,B10,4,1000,1.0030394157113702,1.0020262787005725,-0.00026463550782176174,-1.4299347131882153e-06,1.4299347131882153e-06,1.035287065887824e-19,1.8211812268823084e-22,708.5209947489207,1.00304,5.825177756633739e-07,1.00203,3.713760493692688e-06,-0.00026,0.017828876237545227,0.0,,0.0,
rpy,B10,5,0.1,2.6668727205076053,2.2892088125559162,-0.08732612830468675,-0.3234886109847461,0.3234886109847461,1.7627119456831139e-16,9.176849746805644e-17,1.786366697539284,2.51123,0.06197867997260523,2.25601,0.01471572047815231,-0.0257,2.3979038250850877,-0.27513,0.1757664049167526,0.17193,0.881513470509778
rpy,B10,5,0.2,2.596765228093206,2.219289513131482,-0.08173547084370623,-0.294748920339407,0.294748920339407,9.604744654998346e-17,9.63861435059766e-17,1.871431778374488,2.46383,0.05395470795193089,2.19789,0.009736389506063505,-0.03581,1.2824761475483448,-0.26633,0.10670566717758781,0.18715,0.5749341188319902
rpy,B10,5,0.5,2.416676414594912,2.0499287438099234,-0.06862616460750562,-0.22825356391083682,0.22825356391083684,1.8355156232957582e-17,1.0133965110590149e-16,2.1266270208801,2.32716,0.03846594759058762,2.04229,0.003740283608069111,-0.04449,0.5425076333446981,-0.21971,0.03888563975620967,0.17928,0.2731680271688802
rpy,B10,5,1,2.1906353438309436,1.8547972898379028,-0.05430319522570169,-0.1585094193825256,0.1585094193825256,7.994942788273347e-17,9.19034613930306e-17,2.5519524250561196,2.14,0.023661375621936206,1.85276,0.0010995972699663506,-0.04292,0.2652189008784178,-0.15664,0.01193449554727787,0.14063,0.1271380173684534
rpy,B10,5,2,1.9004873375975988,1.626076307929645,-0.038575735166023035,-0.08916154840267067,0.08916154840267067,8.84514433978265e-17,8.766545538853466e-18,3.4026032334081595,1.88156,0.010059385614914701,1.62578,0.00018225585850789637,-0.03466,0.11297562510164547,-0.08896,0.002265607044409515,0.08523,0.046128691806531355
rpy,B10,5,5,1.5182805051630497,1.3503252657452394,-0.02097864851266919,-0.029113974988627146,0.029113974988627143,1.1066144317900743e-16,5.721897854765579e-18,5.95455565846428,1.516,0.00150429100465018,1.35032,3.899627672997708e-06,-0.0205,0.02334870793508244,-0.02911,0.00013655062271198092,0.02889,0.007752682195470535
rpy,B10,5,10,1.3030237143323011,1.2029695657103454,-0.012038897911244512,-0.00990683871140785,0.00990683871140785,9.059551016469091e-17,2.2632952307770703e-18,10.207809700224479,1.30275,0.0002101050334300948,1.20297,3.610145345958162e-07,-0.01198,0.004916353192363322,-0.00991,0.0003189998579364244,0.00989,0.0017025997379020177
rpy,B10,5,1000,1.0036333092406367,1.002422207798666,-0.00014295152750865218,-1.4208955088253936e-06,1.4208955088253936e-06,1.0175064395479179e-16,2.7544748886475963e-22,852.352109968744,1.00363,3.2972715409350357e-06,1.00242,2.2024686916536927e-06,-0.00014,0.021082339347515643,0.0,,0.0,
rpy,B10,6,0.1,2.8901207214306366,2.4407593262519436,-0.06908869888510291,-0.310773855304358,0.31077385530435814,2.898382762761553e-16,1.7411159851978233e-16,2.1000000000000005,2.73213,0.05782694140858466,2.41042,0.01258673851525618,-0.02376,1.9077735221002907,-0.2782,0.11708790547936025,0.16373,0.8980874323847686
rpy,B10,6,0.2,2.809952046075327,2.3637784601846876,-0.06126062840737837,-0.2831637813826897,0.2831637813826898,1.7446559674589796e-16,1.2542121927229258e-16,2.2000000000000006,2.67463,0.050594678918327786,2.34352,0.008644457988277378,-0.0316,0.9386274812461508,-0.26496,0.06870388504940272,0.17851,0.5862628501635193
rpy,B10,6,0.5,2.6044568393993077,2.1767269672564877,-0.04436493607140988,-0.219282032302755,0.21928203230275506,2.4838517859175165e-16,1.5497605662367722e-16,2.5000000000000004,2.51299,0.0363976137586333,2.16893,0.003594845041789135,-0.03422,0.2964621879430122,-0.21437,0.022913804649694447,0.17124,0.28055379761010896
rpy,B10,6,1,2.3472728854157405,1.960154767547771,-0.028628503378428996,-0.15227918909913546,0.15227918909913551,2.2050284480539545e-16,1.2114782537889783e-16,3.0000000000000004,2.2953,0.02264317754356311,1.9579,0.0011516254904597259,-0.02653,0.07909926040064058,-0.15135,0.0061393399348229055,0.13445,0.1326083235339199
rpy,B10,6,2,2.0180802288431496,1.7048649460981389,-0.015250219497505402,-0.08565704386826366,0.08565704386826367,1.080069831600264e-16,1.5696297420610392e-16,4.000000000000001,1.99848,0.009807568173386575,1.7045,0.00021410742043940985,-0.01514,0.007280019650290713,-0.08558,0.0009002555300730811,0.08163,0.04933289070517797
rpy,B10,6,5,1.585533213216593,1.3952338043007795,-0.005636220492892086,-0.027969646977392223,0.02796964697739223,9.908341643339046e-17,7.749348260548264e-17,7.000000000000001,1.58313,0.0015180138185701623,1.39522,9.893995770970932e-06,-0.00564,0.0006701253737436967,-0.02797,1.2621473284763634e-05,0.02773,0.008642155693913784
rpy,B10,6,10,1.34226505334061,1.2291450279135931,-0.0027134415329528074,-0.009517449318695966,0.00951744931869597,1.608635885684733e-16,5.359946039769257e-18,12.000000000000002,1.34198,0.0002124125103280375,1.22914,4.090594719273143e-06,-0.00271,0.0012699383589694394,-0.00952,0.00026792870840698435,0.0095,0.001836770389049463
rpy,B10,6,1000,1.004103330819066,1.0027355555426445,-2.8948962891260403e-05,-1.365047053490045e-06,1.3650470534900454e-06,1.3132183015525194e-16,8.71696966506579e-22,1002.0000000000001,1.0041,3.31721847038773e-06,1.00274,4.432312818356861e-06,-3e-05,0.03503457029131993,0.0,,0.0,
rpy,B10,7,0.1,3.074880618245999,2.564524477793715,-0.04659493785064777,-0.2951590062024204,0.2951590062024205,7.017780672878139e-17,2.0523961337525614e-16,2.420003114510611,2.91814,0.0537125080517038,2.53477,0.0117385316197189,-0.02038,1.2863070584223637,-0.27334,0.07982368552872023,0.15489,0.9056040170599815
rpy,B10,7,0.2,2.9863325888031738,2.4818802769391057,-0.037526125031309025,-0.2689362019323707,0.2689362019323707,1.690813158483487e-16,1.810901082957763e-16,2.535241358058735,2.85162,0.04724072239750518,2.46123,0.00839022640675829,-0.02538,0.4785707262139096,-0.25747,0.04453412798528274,0.16849,0.5961552729086042
rpy,B10,7,0.5,2.759710041956876,2.2805799160862463,-0.018870576456972096,-0.2082641947764279,0.20826419477642788,3.1272997730882726e-16,3.1468289549697835e-17,2.8809560887031083,2.66833,0.03424615469483751,2.27205,0.0037542818539408034,-0.02195,0.14029264432928953,-0.20568,0.012564151966296703,0.1612,0.29196150605724486
rpy,B10,7,1,2.4766840520583773,2.046631895883244,-0.00335559434033078,-0.14462791303918604,0.14462791303918604,1.6317562751052212e-16,1.2033207475349706e-16,3.45714730644373,2.42473,0.02142673702159723,2.04399,0.0012925189865137059,-0.00933,0.6403435862453611,-0.1443,0.0022724396339988116,0.12655,0.14285194025433462
rpy,B10,7,2,2.115163584462128,1.7696728310757435,0.0067080061925526985,-0.08135320108454215,0.08135320108454215,2.0454833562669666e-16,1.7710006873168689e-16,4.609529741924973,2.09557,0.009350002367913265,1.76922,0.00025594955728708356,0.00369,0.8178878570603518,-0.08135,3.9349533400681065e-05,0.07706,0.055712445945265344
rpy,B10,7,5,1.6410217766926418,1.43224216090043,0.00839747205754664,-0.026564310558217834,0.026564310558217834,8.590038344966668e-17,1.196937107168771e-16,8.066677048368703,1.63862,0.0014657313426187004,1.43223,8.490885144295032e-06,0.00801,0.04837354026799512,-0.02656,0.00016229511362324898,0.0263,0.010049831110944232
rpy,B10,7,10,1.3746356883134119,1.250728623373176,0.005750174234774962,-0.009039244564949128,0.009039244564949128,1.9035674839662396e-16,2.0915846804924407e-16,13.82858922577492,1.37435,0.00020787158541267777,1.25073,1.1006586744285065e-06,0.0057,0.008802497328940645,-0.00904,8.35658242114952e-05,0.00902,0.0021335437859342867
rpy,B10,7,1000,1.0044910173383035,1.002994013227585,7.412434435043658e-05,-1.2964601907489158e-06,1.296460190748916e-06,5.1086239854908235e-17,1.3040463547206567e-16,1154.6872003522058,1.00449,1.0127908723604589e-06,1.00299,4.0012638061399285e-06,7e-05,0.0589192050062369,0.0,,0.0,
rpy,B10,8,0.1,3.2321930291069196,2.6691893095056938,-0.022254694374671036,-0.27943067552248557,0.27943067552248557,1.7258555330247154e-16,2.9938116790527553e-17,2.743782226240391,3.07791,0.05012590657521483,2.63882,0.011508670354815346,-0.01561,0.42566908229795225,-0.26482,0.05517210000183359,0.146,0.9139087364553807
rpy,B10,8,0.2,3.136487753705222,2.5818009799582002,-0.012605611777552287,-0.25460522294507465,0.25460522294507465,1.9674605602122808e-16,2.951285157221901e-17,2.8744385227280285,3.00349,0.04428107092256735,2.56007,0.008488431940611064,-0.01734,0.27303276946065247,-0.24754,0.028541742526761893,0.15818,0.6095917495579383
rpy,B10,8,0.5,2.891832982424626,2.3685373440351554,0.006493595080904246,-0.19716628464866578,0.19716628464866578,1.836557391033606e-16,8.340089925082473e-17,3.2664074121909414,2.80143,0.03227029853490046,2.35909,0.004004656047524781,-0.0081,1.801678405049907,-0.19605,0.005693877320406952,0.1508,0.3074687310919483
rpy,B10,8,1,2.586774611337126,2.119953534729422,0.020782800218783003,-0.13692103100601793,0.13692103100601796,1.7613455788104282e-16,2.0817564704178722e-17,3.9196888946291293,2.53549,0.0202267062134444,2.11689,0.0014471865469729973,0.00832,1.4979327186037266,-0.13696,0.0002845282854998807,0.11845,0.15593947662319935
rpy,B10,8,2,2.197722636260255,1.824681795532245,0.027050199975117647,-0.07701807994088508,0.07701807994088508,2.3067136019747665e-16,1.0928373912843225e-17,5.226251859505506,2.17849,0.008828425313063104,1.82414,0.0002970142271124315,0.02166,0.2488550311688665,-0.07706,0.0005439924619117847,0.07242,0.06349185226298099
rpy,B10,8,5,1.6881939900561738,1.4636846302035118,0.02112912825546248,-0.025148760797023707,0.025148760797023707,2.4558142857948257e-16,6.684108322640166e-18,9.145940754134635,1.68585,0.001390390637466972,1.46366,1.6827817602342057e-05,0.02047,0.03219971936797669,-0.02515,4.927248414680419e-05,0.02485,0.012022567284656178
rpy,B10,8,10,1.4021519940895746,1.269071701171769,0.013383628491146072,-0.008557564437876121,0.008557564437876123,2.4760459506807537e-16,1.0308424355404089e-16,15.678755578516517,1.40187,0.0002011556632031737,1.26907,1.3404869463532547e-06,0.0133,0.00628785647714829,-0.00856,0.0002845282854998807,0.00854,0.002056725746618494
rpy,B10,8,1000,1.0048205488780297,1.0032137009188016,0.00016681930654217027,-1.2273748700743837e-06,1.2273748700743837e-06,1.1297504654593125e-16,2.3947210165992647e-22,1309.1760908061292,1.00482,5.462451281758039e-07,1.00321,3.6890768649049064e-06,0.00017,0.01870996151664553,0.0,,0.0,
rpy,B10,9,0.1,3.3690568989954754,2.75993215974195,0.0025595720045825583,-0.2645788821191177,0.26457888211911773,1.0109626021619762e-16,1.1635292619033302e-16,3.069994620171242,3.21748,0.0471104401567299,2.72843,0.011545892598289137,-0.00958,1.2671787061150896,-0.25485,0.03817493474246676,0.13732,0.926732319539162
rpy,B10,9,0.2,3.267114646321788,2.668450939737829,0.01236103151860292,-0.24107290705481588,0.24107290705481588,7.276300232463564e-17,1.3242253930114805e-16,3.2161848401793964,3.13615,0.04175968825527724,2.6454,0.008713593308319688,-0.00777,2.590866347310543,-0.23691,0.017571681460537197,0.14811,0.6276612453906953
rpy,B10,9,0.5,3.006752290198533,2.444854024098572,0.031071012943032196,-0.1866868592232494,0.18668685922324937,1.4969163506409929e-16,2.091483455066296e-16,3.6547555002038594,2.90386,0.03543293760667972,2.43311,0.004826754276860389,7e-05,442.87161347188857,-0.18401,0.014547357335195885,0.14683,0.2714490173891534
rpy,B10,9,1,2.68251241894694,2.1836073325191503,0.043542424911199154,-0.1296436522383677,0.1296436522383677,1.335336327935191e-16,8.637163628004841e-17,4.385706600244631,2.63222,0.0191064648649961,2.18015,0.0015858232319567371,0.02604,0.6721361333025788,-0.12991,0.0020502483383287285,0.11074,0.1707030182261848
rpy,B10,9,2,2.2695049008370307,1.8724643261357101,0.04581904157516506,-0.07292455438408181,0.07292455438408181,2.1899699850240953e-16,1.5642022773737818e-16,5.847608800326175,2.25081,0.00830585470876295,1.87183,0.000338880205846694,0.03871,0.18364871028584495,-0.073,0.001033501587920341,0.06804,0.07178945302883315
rpy,B10,9,5,1.7292019911957834,1.4910098049283032,0.03269489622513286,-0.023812099390720595,0.023812099390720595,9.169292910037128e-17,1.359260081279149e-17,10.233315400570806,1.72694,0.0013098261640725904,1.49099,1.328307252437186e-05,0.03184,0.02684975581447417,-0.02381,8.817264681197943e-05,0.02349,0.013712192027270927
rpy,B10,9,10,1.4260713808987537,1.2850152808057502,0.02028719400763238,-0.008102728264897982,0.008102728264897982,2.6953134124224738e-17,3.535091641757383e-18,17.542826400978523,1.4258,0.00019033588073627533,1.28501,4.109544478440403e-06,0.02019,0.004813967688577474,-0.0081,0.0003368228269114166,0.00808,0.0028129040715323835
rpy,B10,9,1000,1.0051069965740018,1.0034046660448495,0.00025046558839503583,-1.1621396629349179e-06,1.1621396629349176e-06,1.2277234957827653e-16,8.878908013063003e-22,1464.8260044817068,1.00511,2.9881565183184777e-06,1.0034,4.650234053606223e-06,0.00025,0.00186235358014329,0.0,,0.0,
rpy,B10,10,0.1,3.4901419059747094,2.84007423602092,0.027103748569488443,-0.2509055410172354,0.25090554101723533,8.292675991538809e-17,1.8178016530883918e-16,3.3978713763747797,3.34113,0.044599254136986365,2.80726,0.0116890619397278,-0.00243,12.153805995674256,-0.24454,0.02603067398885819,0.12902,0.9447026896390897
rpy,B10,10,0.2,3.38267730420978,2.744987164643035,0.036780616422003753,-0.22861434625743962,0.22861434625743962,5.4221084777838956e-17,1.2369260305557513e-16,3.5596747752497695,3.25377,0.039617829228796246,2.7206,0.008963892024933726,0.00303,11.138817300991338,-0.2264,0.00978068134911498,0.13853,0.6502876363057796
rpy,B10,10,0.5,3.1084097921754115,2.512281175944261,0.05457809665180116,-0.17703894974176132,0.17703894974176132,1.6152880629299635e-16,2.3837199235113943e-16,4.045084971874737,3.02088,0.028974931866016344,2.50105,0.004490584332284811,0.0225,1.4256931845244962,-0.17746,0.002372648812344678,0.13141,0.34722585603653694
rpy,B10,10,1,2.767194107421355,2.2398624187365277,0.06489535782237879,-0.12294371509844533,0.12294371509844533,1.355602117337046e-16,1.9619765641468356e-16,4.854101966249685,2.71805,0.018080648781793933,2.23606,0.0017004994215394644,0.04355,0.49013450797655095,-0.12335,0.0032937568022267613,0.10364,0.1862573822698315
rpy,B10,10,2,2.33299163499708,1.9147047051902695,0.06314899787187778,-0.06915583974287552,0.06915583974287552,2.5209918344814434e-16,1.3751710624255307e-16,6.47213595499958,2.31491,0.00781094513267482,1.914,0.00036818452992139504,0.05482,0.15193356205541364,-0.06924,0.0012154860936521416,0.06403,0.08005372080080458
rpy,B10,10,5,1.7654679866222804,1.5151714411465402,0.04324850925958654,-0.022581498691551186,0.022581498691551186,8.219781780931206e-17,1.7269760983767633e-16,11.326237921249264,1.76331,0.0012238271332213314,1.51515,1.4151170867726181e-05,0.04227,0.023149024357381955,-0.02258,6.637252219605518e-05,0.02223,0.015811906952370065
rpy,B10,10,10,1.4472242800203838,1.2991140983540417,0.02656489624494723,-0.007683982193652833,0.007683982193652833,8.392853784875622e-18,2.205086205150323e-18,19.41640786499874,1.44697,0.0001757327521536354,1.29911,3.1547398154835133e-06,0.02645,0.004343903400651376,-0.00768,0.000518514798545957,0.00766,0.0031308346805265013
rpy,B10,10,1000,1.005360310718785,1.0035735421360208,0.00032639761859482036,-1.1020807047442124e-06,1.102080704744212e-06,1.3010446751443018e-16,1.3032933131886454e-16,1621.2700567273948,1.00536,3.0906221147035466e-07,1.00357,3.529535578701769e-06,0.00033,0.01091630728842315,0.0,,0.0,
2b,B10,3,0.1,1.9287426478248821,1.784452673591146,-0.07214496084476586,-0.23872608302333873,0.23872608994166947,2.2683298567866245e-08,3.842769052685183e-09,1.2124355652982142,1.90508,0.012420815831819153,1.77827,0.003476791258439878,-0.02784,1.5914138234470496,-0.2097,0.1384171817994217,0.17773,0.34319523964254467
2b,B10,3,0.2,1.8970288309085397,1.7486043458958342,-0.0742122437746746,-0.23337926310052023,0.23337926938394607,6.655625893650833e-10,3.5618112509757225e-09,1.2701705922171769,1.87988,0.009122300842894063,1.74703,0.0009011556160078313,-0.04235,0.7523552249037686,-0.21541,0.08341889002609092,0.18439,0.2656828970331692
2b,B10,3,0.5,1.8124030225667995,1.6528692546935853,-0.07976689549475782,-0.19649742650972685,0.19649742285562236,6.352480276255764e-09,2.1953056056941283e-09,1.4433756729740645,1.80381,0.004763818011209392,1.65357,0.00042377722528512824,-0.06475,0.23192116594220571,-0.19041,0.03197009878539389,0.16643,0.18066107586145744
2b,B10,3,1,1.6988587996913038,1.5336783786923216,-0.08259021135173099,-0.1417074715871561,0.14170747578092346,5.001953933275642e-10,2.722852223414707e-09,1.7320508075688774,1.6961,0.0016265548560249288,1.53416,0.000313931602752236,-0.07683,0.07497346546571643,-0.14019,0.010824392518411398,0.12721,0.11396490669698511
2b,B10,3,2,1.5423145458747787,1.390106041848206,-0.0761042507080461,-0.08090513139904229,0.08090513204321452,8.446785441722534e-10,4.6261505006254403e-10,2.3094010767585034,1.5421,0.00013912578612194335,1.39019,6.039329285490571e-05,-0.07471,0.01866216983062652,-0.0807,0.0025419008555427076,0.07681,0.05331508974371197
2b,B10,3,5,1.31997084548105,1.217201166180758,-0.05138483965014573,-0.02651098174850322,0.02651098174850322,2.8084342614706407e-16,9.052491817174445e-18,4.041451884327381,1.31853,0.0010927665514246518,1.21719,9.17373685129401e-06,-0.05053,0.01691746784377067,-0.0265,0.00041440560389514696,0.02623,0.01071222830740453
2b,B10,3,10,1.1872106481481486,1.125578703703704,-0.030815972222222213,-0.009021097956087902,0.009021097956087904,4.4064431569142944e-16,1.1621827834221446e-16,6.92820323027551,1.18704,0.00014375939155250787,1.12558,1.1516696246226336e-06,-0.03072,0.003124095775462649,-0.00902,0.00012172462171860398,0.009,0.002344217343100496
2b,B10,3,1000,1.0022455084850241,1.001497006982048,-0.00037425075148803566,-1.2938575002456745e-06,1.293857500245675e-06,2.6114522107993854e-16,4.942902913299305e-22,578.504969728005,1.00225,4.481431754498509e-06,1.0015,2.9885351494223257e-06,-0.00037,0.011488517535231533,0.0,,0.0,
2b,B10,4,0.1,2.2811870369826543,2.054294297486471,-0.08260278866913644,-0.27830854023351925,0.27830854023351925,1.0835846676314642e-08,1.185903870064348e-17,1.48492424049175,2.24243,0.017283499142739887,2.05466,0.0001779868754582636,-0.02645,2.1229787776611126,-0.25621,0.08625166946457695,0.17821,0.5616886832025096
2b,B10,4,0.2,2.2357568123800187,2.004926745906934,-0.08240562827375744,-0.26688405119197955,0.26688405119197955,9.034996007419653e-18,1.1555092295834446e-17,1.5556349186104048,2.206,0.013489035530380193,2.00837,0.001714452064642474,-0.03828,1.1527071126895883,-0.25416,0.050063153887234646,0.19188,0.3908904064622658
2b,B10,4,0.5,2.115433901110656,1.87575872179169,-0.08014143485244175,-0.220028991193516,0.220028991193516,8.400750114746101e-18,1.2964001821600769e-17,1.7677669529663689,2.0979,0.008357834553913968,1.87879,0.0016134204505612395,-0.05305,0.510677377048855,-0.21603,0.01851127710742021,0.18135,0.2132836569810641
2b,B10,4,1,1.955692849448955,1.7167925661332315,-0.07371989742677539,-0.15724395144173994,0.15724395144173994,7.38290819806963e-18,8.307002294679766e-18,2.121320343559643,1.94707,0.004428628374406087,1.71813,0.000778424139482131,-0.05866,0.25673197113493673,-0.15631,0.005974994829121225,0.14134,0.11252265064199767
2b,B10,4,2,1.73812422460243,1.5254316198217128,-0.060484147567523856,-0.08948786192864518,0.08948786192864518,5.950105606265956e-18,5.470149534030868e-18,2.8284271247461903,1.73525,0.0016563749329664493,1.52566,0.0001496927089175772,-0.05469,0.10594528373603682,-0.08936,0.0014308631227079403,0.08554,0.046152232039340324
2b,B10,4,5,1.4333553147675224,1.2934779909734762,-0.03710764449375468,-0.029299187179180026,0.029299187179180026,1.293875303457576e-16,1.4301745226566985e-16,4.949747468305833,1.43137,0.0013870031980007928,1.29347,6.177934916354708e-06,-0.03619,0.025356299910325456,-0.02929,0.0003136626555147068,0.02905,0.008577871916696261
2b,B10,4,10,1.2534507582202388,1.1698751788561594,-0.021943634919634657,-0.009969862304026534,0.009969862304026534,1.8097876965863512e-16,1.2665383113310752e-18,8.485281374238571,1.25322,0.00018413225151112274,1.16987,4.4268646597239215e-06,-0.02183,0.005205447532508381,-0.00997,1.3811030437850652e-05,0.00995,0.001996211459953147
2b,B10,4,1000,1.0030394157113702,1.0020262787005725,-0.00026463550782176174,-1.4299347131882153e-06,1.4299347131882153e-06,1.035287065887824e-19,1.8211812268823084e-22,708.5209947489207,1.00304,5.825177756633739e-07,1.00203,3.713760493692688e-06,-0.00026,0.017828876237545227,0.0,,0.0,
2b,B10,5,0.1,2.5562119955595315,2.2497791893825907,-0.08658825589028281,-0.28443191094482334,0.28443190971995935,5.068215351893147e-09,7.858233834967886e-09,1.786366697539284,2.51123,0.017912336010453698,2.25601,0.002761871896582531,-0.0257,2.3691928361977745,-0.27513,0.03380914820202579,0.17193,0.6543471745475447
2b,B10,5,0.2,2.4994888005913514,2.1911315994122056,-0.08352261530544129,-0.27025404055353913,0.27025404485532767,1.272215658634738e-08,3.4256081737134247e-09,1.871431778374488,2.46383,0.014472914361522985,2.19789,0.0030749494232170547,-0.03581,1.3323824436034988,-0.26633,0.014733753439489058,0.18715,0.44405046676637805
2b,B10,5,0.5,2.3491578313750687,2.0382969898543966,-0.07312756119466766,-0.22025462273834034,0.22025462217072653,1.1149366697490857e-08,2.2924609888555264e-09,2.1266270208801,2.32716,0.009452651031759143,2.04229,0.00195516314803646,-0.04449,0.6436853493968906,-0.21971,0.0024788254441780334,0.17928,0.22855099381262012
2b,B10,5,1,2.1519119992395774,1.8512735985737412,-0.0585442757665564,-0.15664731077486152,0.15664731777740215,8.568464295841841e-09,5.2926387169678405e-09,2.5519524250561196,2.14,0.00556635478484921,1.85276,0.0008022633402376868,-0.04292,0.36403252019003735,-0.15664,4.667246464197302e-05,0.14063,0.11389687675035302
2b,B10,5,2,1.8881143787910386,1.625557349777851,-0.042238819030170606,-0.0889682861427006,0.08896828596992648,3.012258185787906e-09,1.7210608131790573e-09,3.4026032334081595,1.88156,0.0034834811491734024,1.62578,0.00013694978542543075,-0.03466,0.2186618300683959,-0.08896,9.314458970995478e-05,0.08523,0.043861151823612346
2b,B10,5,5,1.5182805051630497,1.3503252657452394,-0.02097864851266919,-0.029113974988627146,0.029113974988627143,1.1066144317900743e-16,5.721897854765579e-18,5.95455565846428,1.516,0.00150429100465018,1.35032,3.899627672997708e-06,-0.0205,0.02334870793508244,-0.02911,0.00013655062271198092,0.02889,0.007752682195470535
2b,B10,5,10,1.3030237143323011,1.2029695657103454,-0.012038897911244512,-0.00990683871140785,0.00990683871140785,9.059551016469091e-17,2.2632952307770703e-18,10.207809700224479,1.30275,0.0002101050334300948,1.20297,3.610145345958162e-07,-0.01198,0.004916353192363322,-0.00991,0.0003189998579364244,0.00989,0.0017025997379020177
2b,B10,5,1000,1.0036333092406367,1.002422207798666,-0.00014295152750865218,-1.4208955088253936e-06,1.4208955088253936e-06,1.0175064395479179e-16,2.7544748886475963e-22,852.352109968744,1.00363,3.2972715409350357e-06,1.00242,2.2024686916536927e-06,-0.00014,0.021082339347515643,0.0,,0.0,
2b,B10,6,0.1,2.778880448505225,2.4017641361199615,-0.08133770543337358,-0.2777940569076196,0.2777940496860005,3.689742400893771e-09,2.986885176921907e-09,2.1000000000000005,2.73213,0.017111355793913468,2.41042,0.0035910189427727332,-0.02376,2.4233041007312113,-0.2782,0.0014591771832509015,0.16373,0.6966594374030449
2b,B10,6,0.2,2.7120329920403434,2.335705853738777,-0.07582627845033106,-0.2623905108695021,0.26239050629225374,2.7301863920231803e-09,1.9474354929224994e-09,2.2000000000000006,2.67463,0.013984361216446148,2.34352,0.0033343629502726236,-0.0316,1.3995657737446536,-0.26496,0.00969764919420996,0.17851,0.46989247824913866
2b,B10,6,0.5,2.5367514435459997,2.1651611988750656,-0.059428830309650654,-0.21250543952578402,0.21250544366720753,1.860205087079661e-09,1.903608560611681e-09,2.5000000000000004,2.51299,0.009455446916223244,2.16893,0.0017376315164317818,-0.03422,0.7366695005742447,-0.21437,0.008697861054326572,0.17124,0.24098016624157628
2b,B10,6,1,2.3096712705509232,1.9566702274304077,-0.040725156767652315,-0.1507014668476543,0.15069996189190651,0.00030749390317430405,4.6851482670060666e-06,3.0000000000000004,2.2953,0.006261173071460433,1.9579,0.0006281079572972187,-0.02653,0.5350605641783759,-0.15135,0.0042849894439757254,0.13445,0.12086249082860936
2b,B10,6,2,2.005707274717928,1.7043459879463452,-0.02117722464113155,-0.08549264326032281,0.08549264288840981,2.26559268229801e-09,2.179404764580123e-10,4.000000000000001,1.99848,0.003616385812181286,1.7045,9.035614764137782e-05,-0.01514,0.3987598838263902,-0.08558,0.0010207611553773226,0.08163,0.047318913247700815
2b,B10,6,5,1.585533213216593,1.3952338043007795,-0.005636220492892086,-0.027969646977392223,0.02796964697739223,9.908341643339046e-17,7.749348260548264e-17,7.000000000000001,1.58313,0.0015180138185701623,1.39522,9.893995770970932e-06,-0.00564,0.0006701253737436967,-0.02797,1.2621473284763634e-05,0.02773,0.008642155693913784
2b,B10,6,10,1.34226505334061,1.2291450279135931,-0.0027134415329528074,-0.009517449318695966,0.00951744931869597,1.608635885684733e-16,5.359946039769257e-18,12.000000000000002,1.34198,0.0002124125103280375,1.22914,4.090594719273143e-06,-0.00271,0.0012699383589694394,-0.00952,0.00026792870840698435,0.0095,0.001836770389049463
2b,B10,6,1000,1.004103330819066,1.0027355555426445,-2.8948962891260403e-05,-1.365047053490045e-06,1.3650470534900454e-06,1.3132183015525194e-16,8.71696966506579e-22,1002.0000000000001,1.0041,3.31721847038773e-06,1.00274,4.432312818356861e-06,-3e-05,0.03503457029131993,0.0,,0.0,
2b,B10,7,0.1,2.964232195898875,2.5256683586224544,-0.06920438431332918,-0.2666352119314052,0.26663521975336063,3.9543075354615734e-09,6.764088428798206e-09,2.420003114510611,2.91814,0.015795059832247493,2.53477,0.0035907168609165896,-0.02038,2.3957008985931885,-0.27334,0.024529114175001143,0.15489,0.7214488976264486
2b,B10,7,0.2,2.8891379826532684,2.454067342964181,-0.06198338182245865,-0.251048661180981,0.25104866229385014,1.0764687912779883e-08,2.884241180302088e-09,2.535241358058735,2.85162,0.013156725879769512,2.46123,0.002910194104500269,-0.02538,1.4422136257863927,-0.25747,0.0249401437799315,0.16849,0.4899914671128859
2b,B10,7,0.5,2.692567438351695,2.2691193584525475,-0.04177702415861074,-0.2024365599775708,0.20243655629028798,6.787323404424846e-09,2.180003090805911e-09,2.8809560887031083,2.66833,0.009083373627585338,2.27205,0.0012898666611441626,-0.02195,0.9032812828524254,-0.20568,0.015769350556345835,0.1612,0.2558099025452107
2b,B10,7,1,2.439962883820213,2.0431618483110388,-0.02071419187432366,-0.14326796673095474,0.14326796769008937,1.0197225365556946e-08,2.806572044102038e-09,3.45714730644373,2.42473,0.006282301048039638,2.04399,0.0004051642566554732,-0.00933,1.2201706188985701,-0.1443,0.007151997706481453,0.12655,0.13210563168778644
2b,B10,7,2,2.1027906236492804,1.76915387292395,-0.0006828402513243743,-0.08121054046823278,0.08121053959710221,3.928670357352327e-09,6.701600354536692e-10,4.609529741924973,2.09557,0.0034456609176884783,1.76922,3.737640092810761e-05,0.00369,1.1850515586244919,-0.08135,0.0017143150801133622,0.07706,0.053861141929693865
2b,B10,7,5,1.6410217766926418,1.43224216090043,0.00839747205754664,-0.026564310558217834,0.026564310558217834,8.590038344966668e-17,1.196937107168771e-16,8.066677048368703,1.63862,0.0014657313426187004,1.43223,8.490885144295032e-06,0.00801,0.04837354026799512,-0.02656,0.00016229511362324898,0.0263,0.010049831110944232
2b,B10,7,10,1.3746356883134119,1.250728623373176,0.005750174234774962,-0.009039244564949128,0.009039244564949128,1.9035674839662396e-16,2.0915846804924407e-16,13.82858922577492,1.37435,0.00020787158541267777,1.25073,1.1006586744285065e-06,0.0057,0.008802497328940645,-0.00904,8.35658242114952e-05,0.00902,0.0021335437859342867
2b,B10,7,1000,1.0044910173383035,1.002994013227585,7.412434435043658e-05,-1.2964601907489158e-06,1.296460190748916e-06,5.1086239854908235e-17,1.3040463547206567e-16,1154.6872003522058,1.00449,1.0127908723604589e-06,1.00299,4.0012638061399285e-06,7e-05,0.0589192050062369,0.0,,0.0,
2b,B10,8,0.1,3.122608648130145,2.630564509088164,-0.05277199821126161,-0.2543688743540514,0.2543688743540514,4.206710104778103e-09,3.7064541411673855e-09,2.743782226240391,3.07791,0.014522402581669059,2.63882,0.003128478225811442,-0.01561,2.380653312700936,-0.26482,0.03946501641095302,0.146,0.7422525640688454
2b,B10,8,0.2,3.0400679559447195,2.5540553915706052,-0.0445240148782206,-0.23885683353963696,0.23885683353963696,7.458892179814288e-09,1.2878173756727158e-09,2.8744385227280285,3.00349,0.012178484344785313,2.56007,0.002349392176540028,-0.01734,1.5677055869792733,-0.24754,0.035077831705433646,0.15818,0.5100318215933556
2b,B10,8,0.5,2.8288935474251486,2.357172629631867,-0.02494876848503286,-0.19206657756290957,0.1920665775629096,3.4979629221124083e-09,8.124006620139188e-10,3.2664074121909414,2.80143,0.009803403056706319,2.35909,0.0008127584653969199,-0.0081,2.080094874695415,-0.19605,0.02031840059724781,0.1508,0.2736510448468807
2b,B10,8,1,2.550462014235921,2.116515456432115,9.002244838834082e-05,-0.13573360645787547,0.13573360645787547,3.925798581464324e-09,1.3482618731881262e-09,3.9196888946291293,2.53549,0.005904978617908607,2.11689,0.00017693104879575405,0.00832,0.9891799941840936,-0.13696,0.008954392100792435,0.11845,0.14591478647425468
2b,B10,8,2,2.1853496704316884,1.824162837380451,0.018668160902475073,-0.07689225326269729,0.07689225326269729,4.4028859758760576e-10,7.455460858231301e-10,5.226251859505506,2.17849,0.003148818875316543,1.82414,1.2519532739233993e-05,0.02166,0.13812738215719877,-0.07706,0.0021768328225112285,0.07242,0.06175439467960909
2b,B10,8,5,1.6881939900561738,1.4636846302035118,0.02112912825546248,-0.025148760797023707,0.025148760797023707,2.4558142857948257e-16,6.684108322640166e-18,9.145940754134635,1.68585,0.001390390637466972,1.46366,1.6827817602342057e-05,0.02047,0.03219971936797669,-0.02515,4.927248414680419e-05,0.02485,0.012022567284656178
2b,B10,8,10,1.4021519940895746,1.269071701171769,0.013383628491146072,-0.008557564437876121,0.008557564437876123,2.4760459506807537e-16,1.0308424355404089e-16,15.678755578516517,1.40187,0.0002011556632031737,1.26907,1.3404869463532547e-06,0.0133,0.00628785647714829,-0.00856,0.0002845282854998807,0.00854,0.002056725746618494
2b,B10,8,1000,1.0048205488780297,1.0032137009188016,0.00016681930654217027,-1.2273748700743837e-06,1.2273748700743837e-06,1.1297504654593125e-16,2.3947210165992647e-22,1309.1760908061292,1.00482,5.462451281758039e-07,1.00321,3.6890768649049064e-06,0.00017,0.01870996151664553,0.0,,0.0,
2b,B10,9,0.1,3.2630450732063925,2.721446454403604,-0.03644815932878421,-0.24224150491882443,0.24224150376233455,6.602742028884531e-09,3.3439117434382116e-09,3.069994620171242,3.21748,0.014161726943568369,2.72843,0.0025595472841143164,-0.00958,2.8046095332760137,-0.25485,0.049474181209243046,0.13732,0.764065713387231
2b,B10,9,0.2,3.1736842504198974,2.6407814771953317,-0.027248939017819607,-0.2270322016288927,0.22703219931861154,7.702257862164128e-09,5.540265749045769e-09,3.2161848401793964,3.13615,0.01196825739199248,2.6454,0.0017458693598957568,-0.00777,2.506941958535342,-0.23691,0.04169430742099238,0.14811,0.5328620573804035
2b,B10,9,0.5,2.9442644637080244,2.4335143167984534,-0.004152376608855313,-0.18213853597794769,0.18213853344515174,7.098883020584607e-09,2.282072579382924e-09,3.6547555002038594,2.90386,0.013914053607276015,2.43311,0.0001661728398852987,7e-05,60.31966584079018,-0.18401,0.010170447378144239,0.14683,0.24047220217361406
2b,B10,9,1,2.646472184704348,2.180203472048583,0.02053929363211515,-0.12859218011831397,0.12859218331188363,7.557132401862543e-09,2.6692044736770574e-09,4.385706600244631,2.63222,0.005414511212720894,2.18015,2.4526775030705173e-05,0.02604,0.21124064392798972,-0.12991,0.010144098850635268,0.11074,0.16120808481021873
2b,B10,9,2,2.257131938909579,1.8719453679839164,0.03673834941275092,-0.07281209775111026,0.07281209725309352,5.126808039518025e-09,1.3667403703156537e-09,5.847608800326175,2.25081,0.002808739480266756,1.87183,6.163379362245216e-05,0.03871,0.050933882388248024,-0.073,0.002574003409448383,0.06804,0.07013664393141565
2b,B10,9,5,1.7292019911957834,1.4910098049283032,0.03269489622513286,-0.023812099390720595,0.023812099390720595,9.169292910037128e-17,1.359260081279149e-17,10.233315400570806,1.72694,0.0013098261640725904,1.49099,1.328307252437186e-05,0.03184,0.02684975581447417,-0.02381,8.817264681197943e-05,0.02349,0.013712192027270927
2b,B10,9,10,1.4260713808987537,1.2850152808057502,0.02028719400763238,-0.008102728264897982,0.008102728264897982,2.6953134124224738e-17,3.535091641757383e-18,17.542826400978523,1.4258,0.00019033588073627533,1.28501,4.109544478440403e-06,0.02019,0.004813967688577474,-0.0081,0.0003368228269114166,0.00808,0.0028129040715323835
2b,B10,9,1000,1.0051069965740018,1.0034046660448495,0.00025046558839503583,-1.1621396629349179e-06,1.1621396629349176e-06,1.2277234957827653e-16,8.878908013063003e-22,1464.8260044817068,1.00511,2.9881565183184777e-06,1.0034,4.650234053606223e-06,0.00025,0.00186235358014329,0.0,,0.0,
2b,B10,10,0.1,3.3851910685775906,2.8016468190661907,-0.01658878577356856,-0.23075112727201522,0.23075112869364253,6.63313996657032e-09,6.498879672727239e-09,3.3978713763747797,3.34113,0.013187475069090517,2.80726,0.0019995229988704778,-0.00243,5.826660812168133,-0.24454,0.05638698261218938,0.12902,0.7884911540353631
2b,B10,10,0.2,3.290203733843751,2.717403141189284,-0.0071620613303923965,-0.21595627489609845,0.21595627279026272,7.889776007789768e-09,2.754369839839592e-09,3.5596747752497695,3.25377,0.011197390671052736,2.7206,0.0011750565355863767,0.00303,3.3637166106905596,-0.2264,0.04612952784408808,0.13853,0.5589133963059463
2b,B10,10,0.5,3.0462247326897005,2.5009583234013175,0.016627723410412576,-0.17293446642519253,0.17293446693525458,6.695767893857202e-09,1.8837610686544718e-09,4.045084971874737,3.02088,0.008389850867859861,2.50105,3.66552442704862e-05,0.0225,0.2609900706483299,-0.17746,0.02550171066610773,0.13141,0.3159916820276583
2b,B10,10,1,2.7313362314587386,2.2364830052743514,0.04022696938208038,-0.12199959872519078,0.12199959602454066,4.722610881409022e-09,2.6479313793116942e-09,4.854101966249685,2.71805,0.004888148289670445,2.23606,0.00018917438456536955,0.04355,0.07630380293730461,-0.12335,0.010947720103844491,0.10364,0.17714778101640938
2b,B10,10,2,2.3206186761905196,1.914185747038476,0.053558923322901464,-0.06905423576001078,0.06905423585084353,3.2331842060243435e-09,1.5442409298764985e-09,6.47213595499958,2.31491,0.002466046710463839,1.914,9.704651957997364e-05,0.05482,0.023003952519126902,-0.06924,0.0026829035238188042,0.06403,0.07846690380826991
2b,B10,10,5,1.7654679866222804,1.5151714411465402,0.04324850925958654,-0.022581498691551186,0.022581498691551186,8.219781780931206e-17,1.7269760983767633e-16,11.326237921249264,1.76331,0.0012238271332213314,1.51515,1.4151170867726181e-05,0.04227,0.023149024357381955,-0.02258,6.637252219605518e-05,0.02223,0.015811906952370065
2b,B10,10,10,1.4472242800203838,1.2991140983540417,0.02656489624494723,-0.007683982193652833,0.007683982193652833,8.392853784875622e-18,2.205086205150323e-18,19.41640786499874,1.44697,0.0001757327521536354,1.29911,3.1547398154835133e-06,0.02645,0.004343903400651376,-0.00768,0.000518514798545957,0.00766,0.0031308346805265013
2b,B10,10,1000,1.005360310718785,1.0035735421360208,0.00032639761859482036,-1.1020807047442124e-06,1.102080704744212e-06,1.3010446751443018e-16,1.3032933131886454e-16,1621.2700567273948,1.00536,3.0906221147035466e-07,1.00357,3.529535578701769e-06,0.00033,0.01091630728842315,0.0,,0.0,
nemo,B10,3,0.1,1.878441780569001,1.7641184148847937,-0.029722624472524793,-0.20435946853532563,0.20057080783601466,2.314000814890267e-08,3.9377076928407854e-09,1.2124355652982142,1.90508,0.013982730085350267,1.77827,0.007958063238544378,-0.02784,0.06762300547862043,-0.2097,0.025467484333211082,0.17773,0.12851408223718375
nemo,B10,3,0.2,1.8652636813854169,1.7397047171791473,-0.042138952571701,-0.21091272275203354,0.20737234879121413,3.4865678385195785e-09,8.41653483644489e-09,1.2701705922171769,1.87988,0.007775133846087582,1.74703,0.004192992004059898,-0.04235,0.0049834103494450855,-0.21541,0.020877755201552606,0.18439,0.12463988714796971
nemo,B10,3,0.5,1.8023045674798968,1.6517711939606625,-0.06636362488066155,-0.1848405239600675,0.1795636294766199,1.2477292689995507e-08,5.1110835175158385e-09,1.4433756729740645,1.80381,0.000834584862099199,1.65357,0.0010878318059335038,-0.06475,0.02492084757778458,-0.19041,0.029249913554605808,0.16643,0.0789138345047162
nemo,B10,3,1,1.6950172389434506,1.5350772505152335,-0.07679237000522703,-0.13744217656195654,0.133512050189329,3.387640502202198e-09,4.1574236150636586e-09,1.7320508075688774,1.6961,0.0006383827937912647,1.53416,0.0005978845200197522,-0.07683,0.000489782568957044,-0.14019,0.019600709309105305,0.12721,0.049540525032065096
nemo,B10,3,2,1.5400538290439911,1.3908717446570875,-0.07355729099260966,-0.08015439608256134,0.07850259118708017,7.210422276130909e-10,2.024020378258122e-09,2.3094010767585034,1.5421,0.0013268730666032662,1.39019,0.000490396749428121,-0.07471,0.015429112667518941,-0.0807,0.006760891170243599,0.07681,0.022036078467389194
nemo,B10,3,5,1.3165257523395184,1.2165846052024425,-0.04972009518180308,-0.026355067985863356,0.026197626893603918,5.687888670050487e-09,2.6390748989717744e-09,4.041451884327381,1.31853,0.0015200622363401462,1.21719,0.0004973708275269279,-0.05053,0.01602819747074847,-0.0265,0.005469132608929949,0.02623,0.0012342015400717366
nemo,B10,3,10,1.1873730691022046,1.12574112465776,-0.030815972222222213,-0.009021097956087902,0.009021097956087904,2.2047013170166102e-16,1.162015115464842e-16,6.92820323027551,1.18704,0.00028058793486701524,1.12558,0.00014314811720177162,-0.03072,0.003124095775462649,-0.00902,0.00012172462171860398,0.009,0.002344217343100496
nemo,B10,3,1000,1.0024079294390804,1.001659427936104,-0.00037425075148803566,-1.2938575002456745e-06,1.293857500245675e-06,2.61102907517968e-16,4.942101412325429e-22,578.504969728005,1.00225,0.0001575748955653068,1.0015,0.00015918915237534336,-0.00037,0.011488517535231533,0.0,,0.0,
nemo,B10,4,0.1,2.207164736010986,2.037207507055922,-0.023528940120513254,-0.24265180504451872,0.2304723972661549,1.1216990107128066e-08,8.0436838012178e-09,1.48492424049175,2.24243,0.015726361130119593,2.05466,0.008494102646704575,-0.02645,0.1104370464834309,-0.25621,0.052918289510484655,0.17821,0.29326298898016323
nemo,B10,4,0.2,2.189445104980086,2.0034477539009803,-0.0345197967909527,-0.24754129066550648,0.23716608189070162,7.860965940469525e-18,8.548321337640802e-10,1.5556349186104048,2.206,0.007504485503134142,2.00837,0.002450866174569388,-0.03828,0.09822892395630366,-0.25416,0.02604150666703461,0.19188,0.23601251767094866
nemo,B10,4,0.5,2.097329211206223,1.8762913957968432,-0.05381926619989126,-0.2128202364570888,0.2037867683083095,7.63863846065046e-18,9.744316209898979e-10,1.7677669529663689,2.0979,0.00027207626377670236,1.87879,0.001329900735663235,-0.05305,0.014500776623774947,-0.21603,0.01485795279781138,0.18135,0.123720806773143
nemo,B10,4,1,1.9453769145717172,1.7176112442116025,-0.059146739070520295,-0.15461857246559613,0.14975703309011024,7.264852331851552e-18,3.0118666222193596e-09,2.121320343559643,1.94707,0.0008695555004611219,1.71813,0.00030193046416594803,-0.05866,0.008297631614734024,-0.15631,0.010820980963494835,0.14134,0.059551670370102186
nemo,B10,4,2,1.7325726186400439,1.526003591272334,-0.054542251876575264,-0.08888913896800207,0.0877627802834989,5.741624542535961e-18,3.9343147384431024e-09,2.8284271247461903,1.73525,0.0015429369600669064,1.52566,0.00022520828515787603,-0.05469,0.0027015564714708137,-0.08936,0.00526925953444406,0.08554,0.02598527336332591
nemo,B10,4,5,1.4289502937897147,1.292712370799104,-0.03686985626892065,-0.029117535486892058,0.028993544379129016,1.2942687159842767e-16,2.1141871306655395e-18,4.949747468305833,1.43137,0.0016904826916068596,1.29347,0.0005857338793292063,-0.03619,0.018785749348456733,-0.02929,0.005888170471421721,0.02905,0.0019433948664710325
nemo,B10,4,10,1.2536131791742948,1.1700375998102157,-0.021943634919634657,-0.009969862304026534,0.009969862304026534,1.8095532956445842e-16,1.2663625072160688e-18,8.485281374238571,1.25322,0.00031373515766970053,1.16987,0.00014326361921901246,-0.02183,0.005205447532508381,-0.00997,1.3811030437850652e-05,0.00995,0.001996211459953147
nemo,B10,4,1000,1.0032018366654265,1.0021886996546285,-0.00026463550782176174,-1.4299347131882153e-06,1.4299347131882153e-06,1.0351194502644114e-19,1.8208860748889959e-22,708.5209947489207,1.00304,0.00016134617306046966,1.00203,0.0001583781469901679,-0.00026,0.017828876237545227,0.0,,0.0,
nemo,B10,5,0.1,2.4972607672408187,2.260849737463926,-0.032154831325881726,-0.2786171969657652,0.2449273397090202,1.1308712753191978e-08,9.396226019731275e-09,1.786366697539284,2.51123,0.0055627054308769654,2.25601,0.0021452641893989675,-0.0257,0.2511607519798337,-0.27513,0.012674724551176592,0.17193,0.4245759303729436
nemo,B10,5,0.2,2.461689165120238,2.1998404818155426,-0.03745111084674338,-0.2687407034141716,0.24010640881263126,9.241467626301068e-09,8.62353247131353e-09,1.871431778374488,2.46383,0.000868905273400365,2.19789,0.0008874337730925892,-0.03581,0.045828283907941296,-0.26633,0.009051565404466638,0.18715,0.28296237677067193
nemo,B10,5,0.5,2.3294939122984815,2.0417316280980087,-0.043398684440827485,-0.2219732088011916,0.2054090767321967,1.3934860654629387e-08,5.722710887113958e-09,2.1266270208801,2.32716,0.0010029015187960192,2.04229,0.0002734048063650419,-0.04449,0.024529457387559368,-0.21971,0.010300891180153848,0.17928,0.14574451546294453
nemo,B10,5,1,2.1389497762389604,1.8528803013256456,-0.0427413839900465,-0.15740177664254779,0.14992610834813327,1.3062276867916288e-08,8.668808707408421e-09,2.5519524250561196,2.14,0.0004907587668409778,1.85276,6.493087374817376e-05,-0.04292,0.004161603214200904,-0.15664,0.004863231885519564,0.14063,0.06610330902462681
nemo,B10,5,2,1.876263197419982,1.6250946949774028,-0.03418685846800626,-0.08900177591868617,0.08692522004545905,1.3632047634511381e-08,2.2612376705089408e-09,3.4026032334081595,1.88156,0.00281511223666424,1.62578,0.00042152383631071044,-0.03466,0.013650938603397115,-0.08896,0.0004696034024974886,0.08523,0.019889945388467094
nemo,B10,5,5,1.5161049495657097,1.3501408552737273,-0.02140970327942947,-0.029113618419167056,0.029119588268249817,4.6589084157699265e-09,1.4646513326186632e-09,5.95455565846428,1.516,6.922794571881407e-05,1.35032,0.00013266834992644195,-0.0205,0.04437576972826685,-0.02911,0.00012430158595175551,0.02889,0.00794698055554924
nemo,B10,5,10,1.303186135286357,1.2031319866644017,-0.012038897911244512,-0.00990683871140785,0.00990683871140785,1.7994041261880173e-16,2.2629897101440483e-18,10.207809700224479,1.30275,0.0003347804923100263,1.20297,0.00013465561435579618,-0.01198,0.004916353192363322,-0.00991,0.0003189998579364244,0.00989,0.0017025997379020177
nemo,B10,5,1000,1.0037957301946927,1.002584628752722,-0.00014295152750865218,-1.4208955088253936e-06,1.4208955088253936e-06,1.0173418001114805e-16,2.754028657549985e-22,852.352109968744,1.00363,0.0001651307699975902,1.00242,0.00016423131294461435,-0.00014,0.021082339347515643,0.0,,0.0,
nemo,B10,6,0.1,2.7250331296168264,2.4071460178969395,-0.05056519831335715,-0.2901773029757964,0.23514811192279672,1.5910051641558917e-09,7.519669138333218e-09,2.1000000000000005,2.73213,0.002597559553598748,2.41042,0.001358262088374761,-0.02376,1.1281649121783313,-0.2782,0.04305285038028904,0.16373,0.4361944171672677
nemo,B10,6,0.2,2.6722067622380137,2.340435575047797,-0.03858097279709695,-0.2750507100824333,0.2319094555639542,7.3475844508811316e-09,6.678929851031856e-09,2.2000000000000006,2.67463,0.0009060085925852866,2.34352,0.001316150471172691,-0.0316,0.22091686066762484,-0.26496,0.038083899767637916,0.17851,0.29913985526835585
nemo,B10,6,0.5,2.5109991513853784,2.1667160287599714,-0.03530350856035815,-0.22318383161774225,0.19791329531818308,7.660971123655884e-10,3.2241891254401225e-09,2.5000000000000004,2.51299,0.0007922230548555303,2.16893,0.00102076657154848,-0.03422,0.03166302046633994,-0.21437,0.04111504229949266,0.17124,0.15576556481069304
nemo,B10,6,1,2.2939977383255012,1.9578776582607256,-0.02850545531965625,-0.15502008970808628,0.1433842211639657,1.4040382557571056e-09,4.684619848012584e-09,3.0000000000000004,2.2953,0.0005673601161063357,1.9579,1.1411072717912432e-05,-0.02653,0.07446118807599875,-0.15135,0.024249023508994196,0.13445,0.0664501388171493
nemo,B10,6,2,1.9918180359297153,1.7026600183643388,-0.020203689169953857,-0.08636478978807245,0.08358485439180982,8.65052037295472e-10,2.807178154163917e-09,4.000000000000001,1.99848,0.003333515506927636,1.7045,0.0010794846791793052,-0.01514,0.33445767304847135,-0.08558,0.009170247582057122,0.08163,0.023947744601369923
nemo,B10,6,5,1.5833519179401725,1.3950426131993985,-0.006496442263250032,-0.027969861478527147,0.027976324716140345,5.095059437397927e-09,3.5981163604205385e-09,7.000000000000001,1.58313,0.0001401767006958158,1.39522,0.0001271389462603891,-0.00564,0.15185146511525385,-0.02797,4.952501710805611e-06,0.02773,0.008882968486849769
nemo,B10,6,10,1.342427474294666,1.2293074488676492,-0.0027134415329528074,-0.009517449318695966,0.00951744931869597,1.6084412617321261e-16,5.359237904983507e-18,12.000000000000002,1.34198,0.00033344334093360004,1.22914,0.00013623254279357944,-0.00271,0.0012699383589694394,-0.00952,0.00026792870840698435,0.0095,0.001836770389049463
nemo,B10,6,1000,1.0042657517731224,1.0028979764967005,-2.8948962891260403e-05,-1.365047053490045e-06,1.3650470534900454e-06,2.6101116216989683e-16,8.715557937689072e-22,1002.0000000000001,1.0041,0.00016507496576276387,1.00274,0.00015754482388313388,-3e-05,0.03503457029131993,0.0,,0.0,
nemo,B10,7,0.1,2.9083319809717696,2.528718936434122,-0.050681935158562216,-0.2977720047124542,0.2293518302603291,1.7671749468467308e-08,1.0982762076335934e-08,2.420003114510611,2.91814,0.003361051569914598,2.53477,0.0023872239161257807,-0.02038,1.4868466711757713,-0.27334,0.08938320301622213,0.15489,0.48074007528135515
nemo,B10,7,0.2,2.8476410750384606,2.4552675763187177,-0.036164112316981016,-0.27907640676603346,0.22400641917173725,2.0276143090520722e-08,5.286744802870517e-09,2.535241358058735,2.85162,0.0013953208918226828,2.46123,0.002422538194838476,-0.02538,0.42490592265488636,-0.25747,0.08391815266257616,0.16849,0.32949385228641015
nemo,B10,7,0.5,2.6664247907312015,2.270471974962618,-0.0229257287545056,-0.21944057888874619,0.1877382125341777,7.282043119969356e-09,4.381239539829128e-09,2.8809560887031083,2.66833,0.0007140081132388264,2.27205,0.0006945379887688417,-0.02195,0.04445233505720268,-0.20568,0.06690285340697288,0.1612,0.16462911001350916
nemo,B10,7,1,2.417948817832836,2.042043424203935,-0.009233856149268912,-0.15055483364655445,0.13651027386086304,1.0320810332139177e-08,3.195932370272662e-09,3.45714730644373,2.42473,0.002796675162662946,2.04399,0.000952341154342649,-0.00933,0.010304807152313819,-0.1443,0.04334604051666276,0.12655,0.07870623359038356
nemo,B10,7,2,2.0888157704650223,1.7672099610554988,-0.0032736618034444618,-0.08234349655921087,0.07977573417269866,6.995253695514908e-09,2.010595344606051e-09,4.609529741924973,2.09557,0.003223098982605028,1.76922,0.0011361158841191297,0.00369,1.8871712204456534,-0.08135,0.0122126190437722,0.07706,0.035241813816489206
nemo,B10,7,5,1.6388333310155212,1.432050196895018,0.007251865348035965,-0.026564463472188334,0.026571047638788328,2.898804664924678e-09,1.780201675559616e-09,8.066677048368703,1.63862,0.00013018943716129074,1.43223,0.00012554066384728814,0.00801,0.09464852084444876,-0.02656,0.00016805241672941497,0.0263,0.010305993870278621
nemo,B10,7,10,1.3747981092674681,1.250891044327232,0.005750174234774962,-0.009039244564949128,0.009039244564949128,1.9033426021069447e-16,2.0913131145226861e-16,13.82858922577492,1.37435,0.00032605178263774774,1.25073,0.00012876026579052623,0.0057,0.008802497328940645,-0.00904,8.35658242114952e-05,0.00902,0.0021335437859342867
nemo,B10,7,1000,1.0046534382923593,1.003156434181641,7.412434435043658e-05,-1.2964601907489158e-06,1.296460190748916e-06,2.830038741918663e-16,1.3038352167108214e-16,1154.6872003522058,1.00449,0.0001627077346307162,1.00299,0.00016593802694042124,7e-05,0.0589192050062369,0.0,,0.0,
nemo,B10,8,0.1,3.0772901301462525,2.626132314960917,-0.04541794788554708,-0.3004067903760514,0.2186232952404991,6.2880316734421314e-09,5.859060724129348e-09,2.743782226240391,3.07791,0.00020139310562934695,2.63882,0.0048080903733801125,-0.01561,1.909541824826847,-0.26482,0.1343810527001412,0.146,0.49741983041437743
nemo,B10,8,0.2,3.0093848412298323,2.5492186950170654,-0.030961757338613578,-0.2771942653053521,0.21039625099592976,4.276031535961242e-09,3.1802336997706913e-09,2.8744385227280285,3.00349,0.0019626638443384467,2.56007,0.004238675107686363,-0.01734,0.7855684739684876,-0.24754,0.11979585240911415,0.15818,0.33010653050910216
nemo,B10,8,0.5,2.7922321100955214,2.359908745634944,-0.013316180089493472,-0.21322933085644175,0.17752267132398658,5.419149518859361e-09,5.0479817250608874e-09,3.2664074121909414,2.80143,0.0032832838601994166,2.35909,0.00034705994046169234,-0.0081,0.6439728505547497,-0.19605,0.08762729332538507,0.1508,0.17720604326251055
nemo,B10,8,1,2.5289640575129697,2.1138472545318865,0.008384854142831065,-0.14478905335587205,0.12821000036747737,9.512701196133546e-09,5.927763594792257e-09,3.9196888946291293,2.53549,0.0025738387794982786,2.11689,0.0014373658849130904,0.00832,0.00779496909027236,-0.13696,0.057163064806308825,0.11845,0.08239763923577352
nemo,B10,8,2,2.1739764162859645,1.8231171597973834,0.013702697961012698,-0.07858993873085644,0.07620526286238291,6.14712856002893e-09,2.687371888615936e-09,5.226251859505506,2.17849,0.0020718863589162862,1.82414,0.0005607246168696868,0.02166,0.36737313199387356,-0.07706,0.019853863623883198,0.07242,0.05226819749216947
nemo,B10,8,5,1.6859989334408236,1.4634940044571085,0.019786375220626144,-0.0251487356579762,0.025155215662485752,1.3129836579650326e-09,1.006409275559769e-10,9.145940754134635,1.68585,8.834323387226745e-05,1.46366,0.00011341127235247829,0.02047,0.033396423027545405,-0.02515,5.027204865999969e-05,0.02485,0.012282320421961824
nemo,B10,8,10,1.4023144150436309,1.269234122125825,0.013383628491146077,-0.008557564437876121,0.008557564437876123,9.609083706899995e-17,1.0307105270157043e-16,15.678755578516517,1.40187,0.00031701587424718986,1.26907,0.00012932472269068008,0.0133,0.006287856477148681,-0.00856,0.0002845282854998807,0.00854,0.002056725746618494
nemo,B10,8,1000,1.0049829698320858,1.0033761218728579,0.00016681930654217027,-1.2273748700743837e-06,1.2273748700743837e-06,2.347435781886456e-16,2.3943333724609057e-22,1309.1760908061292,1.00482,0.00016218808551357104,1.00321,0.00016559032790534,0.00017,0.01870996151664553,0.0,,0.0,
nemo,B10,9,0.1,3.2245519648937178,2.7181012667664386,-0.03348011852474725,-0.2977662989956488,0.20458741841024083,1.3135494702282076e-08,7.576135399674984e-09,3.069994620171242,3.21748,0.002197982549609521,2.72843,0.0037855958311414683,-0.00958,2.4947931654224687,-0.25485,0.16839826955326193,0.13732,0.4898588582161436
nemo,B10,9,0.2,3.1463030427310734,2.640571316738536,-0.01668230688258035,-0.2720256927897008,0.19783988980725076,1.1664268483700681e-08,1.1696215974531187e-08,3.2161848401793964,3.13615,0.0032374225502840113,2.6454,0.0018253130949815257,-0.00777,1.147015042803134,-0.23691,0.14822376763201545,0.14811,0.3357632152268636
nemo,B10,9,0.5,2.907283877754881,2.4333220212344515,0.002534951541150865,-0.2060837775234314,0.16697391402524736,8.583452037917096e-09,4.0888948468239365e-09,3.6547555002038594,2.90386,0.00117907810806339,2.43311,8.714001194003123e-05,7e-05,35.21359344501236,-0.18401,0.11995966264567902,0.14683,0.13719208625789944
nemo,B10,9,1,2.628724230344722,2.176543221915054,0.015581407489355823,-0.13859343129679555,0.12123047193106289,7.823309198454723e-09,7.1508104038897595e-09,4.385706600244631,2.63222,0.001328068951408985,2.18015,0.001654371527163638,0.02604,0.4016356570907902,-0.12991,0.06684190052186553,0.11074,0.09473064774302764
nemo,B10,9,2,2.2465151264207277,1.8703544600366449,0.031176189965523876,-0.07488774453696892,0.07148640216443415,5.760654020052912e-09,4.0788193305846135e-09,5.847608800326175,2.25081,0.0019081457694217964,1.87183,0.0007882873783170771,0.03871,0.1946218040422662,-0.073,0.025859514205053762,0.06804,0.05065258913042545
nemo,B10,9,5,1.727001271536926,1.4908210872347112,0.031211170156119274,-0.02381191052819527,0.02381817035131622,5.998676983382807e-09,2.146302381871146e-09,10.233315400570806,1.72694,3.547982959810073e-05,1.49099,0.0001132889994492608,0.03184,0.01974968102640473,-0.02381,8.024057938973426e-05,0.02349,0.013970640754202568
nemo,B10,9,10,1.4262338018528096,1.2851777017598063,0.02028719400763238,-0.008102728264897982,0.008102728264897982,1.8536280196374952e-16,3.534644894095575e-18,17.542826400978523,1.4258,0.0003042515449639586,1.28501,0.00013050619046255947,0.02019,0.004813967688577474,-0.0081,0.0003368228269114166,0.00808,0.0028129040715323835
nemo,B10,9,1000,1.005269417528058,1.0035670869989055,0.00025046558839503583,-1.1621396629349179e-06,1.1621396629349176e-06,1.2275251330298104e-16,8.877471018238107e-22,1464.8260044817068,1.00511,0.0001586070460528179,1.0034,0.00016652082808993552,0.00025,0.00186235358014329,0.0,,0.0,
nemo,B10,10,0.1,3.349870066242702,2.8008600656399305,-0.012057925578332086,-0.29308273164512233,0.19282314411035484,4.447318387043527e-09,7.398099002907694e-09,3.3978713763747797,3.34113,0.002615901279717329,2.80726,0.0022797796998031386,-0.00243,3.962109291494686,-0.24454,0.1985063042656511,0.12902,0.4945213463831564
nemo,B10,10,0.2,3.2671860858396036,2.7168215320919713,0.005467474340332874,-0.26677757665199725,0.1860485864710752,4.142965887038592e-09,6.774032833966112e-09,3.5596747752497695,3.25377,0.004123243449784018,2.7206,0.001388836252307883,0.00303,0.8044469770075491,-0.2264,0.17834618662542961,0.13853,0.34302018675431467
nemo,B10,10,0.5,3.0120368020032613,2.4979070184335175,0.01067218442673212,-0.19828927165029395,0.15623789724847845,5.7751146650267075e-09,4.382848654834137e-09,4.045084971874737,3.02088,0.0029273582521446456,2.50105,0.0012566648273656018,0.0225,0.5256806921452392,-0.17746,0.1173744598799388,0.13141,0.188934611129126
nemo,B10,10,1,2.719265334844121,2.2322352419200504,0.03148305001883095,-0.13238277399409984,0.11482512704512812,3.2796516412028817e-09,4.3257103442452e-09,4.854101966249685,2.71805,0.0004471348371520256,2.23606,0.0017104899152749714,0.04355,0.2770826631726533,-0.12335,0.07322881227482642,0.10364,0.10792287770289587
nemo,B10,10,2,2.310863748713124,1.9123535375296419,0.04781977261176579,-0.07106918837460181,0.06758722395309802,5.150179630825212e-09,2.358933185522948e-09,6.47213595499958,2.31491,0.0017479086819254177,1.914,0.0008602207264148618,0.05482,0.127694771766403,-0.06924,0.026418087443700423,0.06403,0.055555582587818446
nemo,B10,10,5,1.7632625648940397,1.5149846558206774,0.04166090974288031,-0.02258118777234061,0.022587173947050468,2.518184159217295e-09,2.507624123533358e-09,11.326237921249264,1.76331,2.69011722047063e-05,1.51515,0.0001091272674801627,0.04227,0.014409516373780297,-0.02258,5.2602849451342805e-05,0.02223,0.016067204095837524
nemo,B10,10,10,1.44738670097444,1.2992765193080977,0.02656489624494723,-0.007683982193652833,0.007683982193652833,8.391912296984079e-18,2.2048105596869932e-18,19.41640786499874,1.44697,0.0002879817649571316,1.29911,0.00012817952913744457,0.02645,0.004343903400651376,-0.00768,0.000518514798545957,0.00766,0.0031308346805265013
nemo,B10,10,1000,1.005522731672841,1.0037359630900768,0.00032639761859482036,-1.1020807047442124e-06,1.102080704744212e-06,1.3008345188857884e-16,1.303082418938437e-16,1621.2700567273948,1.00536,0.000161864081364861,1.00357,0.00016537270950384183,0.00033,0.01091630728842315,0.0,,0.0,
b1_paper,B10,3,0.1,1.9057287110991845,1.7925651278045693,-0.05658176505183948,-0.21665423542317708,0.21665424294527538,2.280770207920081e-08,4.165958712417636e-09,1.2124355652982142,1.90508,0.00034051646082285624,1.77827,0.008038783651846636,-0.02784,1.0323909860574527,-0.2097,0.03316278218014821,0.17773,0.21900772489323908
b1_paper,B10,3,0.2,1.876235128378794,1.7578224852969124,-0.05920632241144172,-0.21421290675810925,0.21421291354624733,4.622283640257372e-10,3.8333159243475295e-09,1.2701705922171769,1.87988,0.001938885259275103,1.74703,0.006177618756925952,-0.04235,0.39802414194667585,-0.21541,0.005557277943877907,0.18439,0.1617382371400148
b1_paper,B10,3,0.5,1.8016447303264593,1.6591916589385283,-0.0712265472710228,-0.1869061005242042,0.18690609703038122,6.4036315866638664e-09,2.092503219132103e-09,1.4433756729740645,1.80381,0.001200386777731902,1.65357,0.00339971028654867,-0.06475,0.10002389607757221,-0.19041,0.018401866896674526,0.16643,0.12303128660927251
b1_paper,B10,3,1,1.6948122300382924,1.5356467174129587,-0.07958275717324967,-0.1375748458666244,0.13757485005745204,5.063842617543145e-10,2.7181450521478496e-09,1.7320508075688774,1.6961,0.0007592535591695897,1.53416,0.0009690758545123673,-0.07683,0.035829196580107685,-0.14019,0.018654355755585966,0.12721,0.08147826473903036
b1_paper,B10,3,2,1.5410919771898854,1.3912551230377643,-0.07491842578097442,-0.07903010386305982,0.07903010446795672,8.388277675778638e-10,4.3408523251913936e-10,2.3094010767585034,1.5421,0.000653668899626862,1.39019,0.0007661708383489256,-0.07471,0.0027897976304968844,-0.0807,0.020692641102108694,0.07681,0.02890384673814237
b1_paper,B10,3,5,1.31997084548105,1.217201166180758,-0.05138483965014573,-0.02651098174850322,0.02651098174850322,2.8084342614706407e-16,9.052491817174445e-18,4.041451884327381,1.31853,0.0010927665514246518,1.21719,9.17373685129401e-06,-0.05053,0.01691746784377067,-0.0265,0.00041440560389514696,0.02623,0.01071222830740453
b1_paper,B10,3,10,1.1872106481481486,1.125578703703704,-0.030815972222222213,-0.009021097956087902,0.009021097956087904,4.4064431569142944e-16,1.1621827834221446e-16,6.92820323027551,1.18704,0.00014375939155250787,1.12558,1.1516696246226336e-06,-0.03072,0.003124095775462649,-0.00902,0.00012172462171860398,0.009,0.002344217343100496
b1_paper,B10,3,1000,1.0022455084850241,1.001497006982048,-0.00037425075148803566,-1.2938575002456745e-06,1.293857500245675e-06,2.6114522107993854e-16,4.942902913299305e-22,578.504969728005,1.00225,4.481431754498509e-06,1.0015,2.9885351494223257e-06,-0.00037,0.011488517535231533,0.0,,0.0,
b1_paper,B10,4,0.1,2.2274973601349655,2.039501106022097,-0.0570824493931408,-0.24120698621058634,0.24120698621058634,1.1109331473079945e-08,9.961434377750796e-18,1.48492424049175,2.24243,0.006659133112308826,2.05466,0.007377811403299458,-0.02645,1.158126631120635,-0.25621,0.05855748717619787,0.17821,0.3534986039536857
b1_paper,B10,4,0.2,2.189398841338734,1.994649301672986,-0.05652550111972396,-0.23757979987800212,0.23757979987800212,7.827567965427636e-18,9.999619097621494e-18,1.5556349186104048,2.206,0.007525457235388029,2.00837,0.006831758255209034,-0.03828,0.4766327356249727,-0.25416,0.06523528533993497,0.19188,0.23816864643528315
b1_paper,B10,4,0.5,2.093824748294133,1.8758692130683807,-0.05999771011688009,-0.20954949310321394,0.20954949310321394,7.607924900299899e-18,1.2327415671824786e-17,1.7677669529663689,2.0979,0.0019425385890019012,1.87879,0.0015546106438820916,-0.05305,0.1309653179430743,-0.21603,0.02999818033044512,0.18135,0.15549761843514712
b1_paper,B10,4,1,1.9475516675474793,1.7185098330014323,-0.06343539497882457,-0.1529277926849745,0.1529277926849745,6.918744562111306e-18,8.014297386841972e-18,2.121320343559643,1.94707,0.0002473807040729134,1.71813,0.00022107349352633727,-0.05866,0.081408028960528,-0.15631,0.021637817894091894,0.14134,0.08198523195821783
b1_paper,B10,4,2,1.7359843174095633,1.5255450603412515,-0.057125933170128936,-0.08824630118408522,0.08824630118408522,5.7710304646013615e-18,5.376870107537363e-18,2.8284271247461903,1.73525,0.00042317672356335516,1.52566,7.533766287936781e-05,-0.05469,0.044540741819874434,-0.08936,0.012463057474426774,0.08554,0.03163784409732538
b1_paper,B10,4,5,1.4333553147675224,1.2934779909734762,-0.03710764449375468,-0.029299187179180026,0.029299187179180026,1.293875303457576e-16,1.4301745226566985e-16,4.949747468305833,1.43137,0.0013870031980007928,1.29347,6.177934916354708e-06,-0.03619,0.025356299910325456,-0.02929,0.0003136626555147068,0.02905,0.008577871916696261
b1_paper,B10,4,10,1.2534507582202388,1.1698751788561594,-0.021943634919634657,-0.009969862304026534,0.009969862304026534,1.8097876965863512e-16,1.2665383113310752e-18,8.485281374238571,1.25322,0.00018413225151112274,1.16987,4.4268646597239215e-06,-0.02183,0.005205447532508381,-0.00997,1.3811030437850652e-05,0.00995,0.001996211459953147
b1_paper,B10,4,1000,1.0030394157113702,1.0020262787005725,-0.00026463550782176174,-1.4299347131882153e-06,1.4299347131882153e-06,1.035287065887824e-19,1.8211812268823084e-22,708.5209947489207,1.00304,5.825177756633739e-07,1.00203,3.713760493692688e-06,-0.00026,0.017828876237545227,0.0,,0.0,
b1_paper,B10,5,0.1,2.49901389437303,2.2340081413419934,-0.06038398565657127,-0.26402490445788196,0.2654953955779592,0.0014889908901326637,0.0017620859822315524,1.786366697539284,2.51123,0.004864590510216047,2.25601,0.009752553693470514,-0.0257,1.3495714263257304,-0.27513,0.04036308487666931,0.17193,0.5442063373347247
b1_paper,B10,5,0.2,2.4532998663694143,2.1805860058053312,-0.05770107978167672,-0.25613405512703086,0.25713752740647733,0.0010535685530030858,0.0016813205929107067,1.871431778374488,2.46383,0.004273888064755222,2.19789,0.007873002832111198,-0.03581,0.6113119179468505,-0.26633,0.03828312571985564,0.18715,0.3739648806116875
b1_paper,B10,5,0.5,2.323870475262043,2.0377893408962082,-0.051425645790955044,-0.21537505408080954,0.21539469687413057,0.0009589267881233743,0.0011025939741895864,2.1266270208801,2.32716,0.0014135361289972254,2.04229,0.0022037316462361935,-0.04449,0.15589224074971997,-0.21971,0.019730307765647687,0.17928,0.2014429767633343
b1_paper,B10,5,1,2.1387675402961017,1.8507962144647767,-0.04720865043939124,-0.15349705235264002,0.15345695510244808,0.000458566021867415,0.0006690730350320876,2.5519524250561196,2.14,0.000575915749485235,1.85276,0.0010599244020937683,-0.04292,0.09992195804732627,-0.15664,0.02006478324412652,0.14063,0.09121065990505638
b1_paper,B10,5,2,1.885603210419368,1.6228516301251954,-0.04217869938612127,-0.08819979954549755,0.08819979938835142,3.01021735213241e-09,1.704840752194485e-09,3.4026032334081595,1.88156,0.0021488607428772778,1.62578,0.0018012091886999496,-0.03466,0.21692727599888237,-0.08896,0.008545418778130082,0.08523,0.034844531131660396
b1_paper,B10,5,5,1.5182805051630497,1.3503252657452394,-0.02097864851266919,-0.029113974988627146,0.029113974988627143,1.1066144317900743e-16,5.721897854765579e-18,5.95455565846428,1.516,0.00150429100465018,1.35032,3.899627672997708e-06,-0.0205,0.02334870793508244,-0.02911,0.00013655062271198092,0.02889,0.007752682195470535
b1_paper,B10,5,10,1.3030237143323011,1.2029695657103454,-0.012038897911244512,-0.00990683871140785,0.00990683871140785,9.059551016469091e-17,2.2632952307770703e-18,10.207809700224479,1.30275,0.0002101050334300948,1.20297,3.610145345958162e-07,-0.01198,0.004916353192363322,-0.00991,0.0003189998579364244,0.00989,0.0017025997379020177
b1_paper,B10,5,1000,1.0036333092406367,1.002422207798666,-0.00014295152750865218,-1.4208955088253936e-06,1.4208955088253936e-06,1.0175064395479179e-16,2.7544748886475963e-22,852.352109968744,1.00363,3.2972715409350357e-06,1.00242,2.2024686916536927e-06,-0.00014,0.021082339347515643,0.0,,0.0,
b1_paper,B10,6,0.1,2.7171442774944707,2.3980730416624896,-0.06254389080023146,-0.2646279996693662,0.2652685720256212,0.004782104073054863,0.002383287512313562,2.1000000000000005,2.73213,0.005484996140567773,2.41042,0.005122326539569953,-0.02376,1.6323186363733777,-0.2782,0.048785047917447255,0.16373,0.6201586271643634
b1_paper,B10,6,0.2,2.6687746942500343,2.3340903942655484,-0.06114816880491792,-0.2535472960230467,0.25387650104478116,0.0033271384854152665,0.002281040340974168,2.2000000000000006,2.67463,0.002189202151312792,2.34352,0.004023693305135607,-0.0316,0.9350686330670226,-0.26496,0.043073309091762026,0.17851,0.42219764183956726
b1_paper,B10,6,0.5,2.5184276009701203,2.16751989095263,-0.049185316922998906,-0.209715759581725,0.20940830070481645,0.0007991553163586905,0.0012589622972164656,2.5000000000000004,2.51299,0.002163797297291462,2.16893,0.0006501404136464321,-0.03422,0.43732661960838415,-0.21437,0.021711248860731454,0.17124,0.22289360374221234
b1_paper,B10,6,1,2.297981741600836,1.953812095120582,-0.038251282285247684,-0.14870942560030156,0.148659370402831,0.0015359195855401085,0.001349424087249857,3.0000000000000004,2.2953,0.00116836213167594,1.9579,0.002087902793512444,-0.02653,0.44181237411412294,-0.15135,0.01744680805879384,0.13445,0.10568516476631476
b1_paper,B10,6,2,2.001924438473329,1.7017474241171597,-0.02176936085989788,-0.08504214642092119,0.08504214605460844,2.2643515044908016e-09,2.1498855712998785e-10,4.000000000000001,1.99848,0.0017235291187947747,1.7045,0.001614887581601742,-0.01514,0.43787059840805015,-0.08558,0.006284804616485364,0.08163,0.04180014767375288
b1_paper,B10,6,5,1.585533213216593,1.3952338043007795,-0.005636220492892086,-0.027969646977392223,0.02796964697739223,9.908341643339046e-17,7.749348260548264e-17,7.000000000000001,1.58313,0.0015180138185701623,1.39522,9.893995770970932e-06,-0.00564,0.0006701253737436967,-0.02797,1.2621473284763634e-05,0.02773,0.008642155693913784
b1_paper,B10,6,10,1.34226505334061,1.2291450279135931,-0.0027134415329528074,-0.009517449318695966,0.00951744931869597,1.608635885684733e-16,5.359946039769257e-18,12.000000000000002,1.34198,0.0002124125103280375,1.22914,4.090594719273143e-06,-0.00271,0.0012699383589694394,-0.00952,0.00026792870840698435,0.0095,0.001836770389049463
b1_paper,B10,6,1000,1.004103330819066,1.0027355555426445,-2.8948962891260403e-05,-1.365047053490045e-06,1.3650470534900454e-06,1.3132183015525194e-16,8.71696966506579e-22,1002.0000000000001,1.0041,3.31721847038773e-06,1.00274,4.432312818356861e-06,-3e-05,0.03503457029131993,0.0,,0.0,
b1_paper,B10,7,0.1,2.920515517598035,2.5263118954495702,-0.07116571857312912,-0.2567330434211177,0.25897738123482517,0.00758996524304554,0.0038646836304793183,2.420003114510611,2.91814,0.0008140519639341817,2.53477,0.0033368331447940934,-0.02038,2.4919390860220374,-0.27334,0.06075567636965806,0.15489,0.6720084010254062
b1_paper,B10,7,0.2,2.861341753925913,2.4544453676834888,-0.06495670929755207,-0.24507253279303248,0.2470731273841431,0.0062265924119527475,0.0033921774749831757,2.535241358058735,2.85162,0.0034092038651409107,2.46123,0.0027566023153103424,-0.02538,1.5593660085717915,-0.25747,0.04815111355485103,0.16849,0.46639638782208503
b1_paper,B10,7,0.5,2.6804827273798737,2.267549468459512,-0.039045740509623644,-0.20126899450829244,0.20195899614268684,0.002162481543301039,0.0017355211240716165,2.8809560887031083,2.66833,0.004554431940529697,2.27205,0.0019808241634155233,-0.02195,0.7788492259509633,-0.20568,0.021445962133934068,0.1612,0.25284737061220114
b1_paper,B10,7,1,2.432037910800623,2.037145061864059,-0.024538170904688746,-0.14148883027490872,0.14183351238036354,0.0010599982745686427,0.0008544327701608137,3.45714730644373,2.42473,0.0030139070332050656,2.04399,0.00334881194914897,-0.00933,1.6300290358723202,-0.1443,0.019481425676308346,0.12655,0.1207705442936669
b1_paper,B10,7,2,2.0980680278484947,1.7667842265158085,-0.0021498801521983293,-0.08092755977253481,0.08092755890235605,3.9389481485735425e-09,6.731100674710121e-10,4.609529741924973,2.09557,0.0011920517322230862,1.76922,0.0013767499147599226,0.00369,1.582623347479222,-0.08135,0.005192873109590603,0.07706,0.05018892943623208
b1_paper,B10,7,5,1.6410217766926418,1.43224216090043,0.00839747205754664,-0.026564310558217834,0.026564310558217834,8.590038344966668e-17,1.196937107168771e-16,8.066677048368703,1.63862,0.0014657313426187004,1.43223,8.490885144295032e-06,0.00801,0.04837354026799512,-0.02656,0.00016229511362324898,0.0263,0.010049831110944232
b1_paper,B10,7,10,1.3746356883134119,1.250728623373176,0.005750174234774962,-0.009039244564949128,0.009039244564949128,1.9035674839662396e-16,2.0915846804924407e-16,13.82858922577492,1.37435,0.00020787158541267777,1.25073,1.1006586744285065e-06,0.0057,0.008802497328940645,-0.00904,8.35658242114952e-05,0.00902,0.0021335437859342867
b1_paper,B10,7,1000,1.0044910173383035,1.002994013227585,7.412434435043658e-05,-1.2964601907489158e-06,1.296460190748916e-06,5.1086239854908235e-17,1.3040463547206567e-16,1154.6872003522058,1.00449,1.0127908723604589e-06,1.00299,4.0012638061399285e-06,7e-05,0.0589192050062369,0.0,,0.0,
b1_paper,B10,8,0.1,3.081824906877906,2.6242184143478458,-0.056568264009541375,-0.24628436717808197,0.24868932964370372,0.006979882355293161,0.003959863732606115,2.743782226240391,3.07791,0.0012719367616030465,2.63882,0.005533376907918764,-0.01561,2.623847790489518,-0.26482,0.06999332687077271,0.146,0.7033515729020804
b1_paper,B10,8,0.2,3.0130154936496503,2.548326601446359,-0.04591058246289747,-0.23487318551259803,0.23648291731138255,0.007044813901155224,0.0032433940695034595,2.8744385227280285,3.00349,0.0031714750672218158,2.56007,0.004587139630416848,-0.01734,1.6476691155073508,-0.24754,0.05117077840915399,0.15818,0.49502413270566803
b1_paper,B10,8,0.5,2.822573086849739,2.343186047308858,-0.03971064934233766,-0.1905665490425302,0.19047231415608457,0.0031499809946465567,0.0015513432994122504,3.2664074121909414,2.80143,0.007547247958984988,2.35909,0.006741562505517889,-0.0081,3.9025493015231683,-0.19605,0.02796965548314103,0.1508,0.2630790063400834
b1_paper,B10,8,1,2.548654771871308,2.1125283434271402,-0.006769489609250863,-0.13559492088704986,0.13559479675433456,0.0009898827440754268,0.00046281982919088544,3.9196888946291293,2.53549,0.005192200273441575,2.11689,0.0020604077551785484,0.00832,1.8136405780349596,-0.13696,0.0099669911868439,0.11845,0.14474290210497726
b1_paper,B10,8,2,2.179909421149183,1.822035801306575,0.016325365441354642,-0.0767121567466793,0.0767121567466793,4.441740168200727e-10,7.51124099226755e-10,5.226251859505506,2.17849,0.000651561930136434,1.82414,0.0011535291663058494,0.02166,0.2462896841479851,-0.07706,0.004513927502215133,0.07242,0.05926756071084379
b1_paper,B10,8,5,1.6881939900561738,1.4636846302035118,0.02112912825546248,-0.025148760797023707,0.025148760797023707,2.4558142857948257e-16,6.684108322640166e-18,9.145940754134635,1.68585,0.001390390637466972,1.46366,1.6827817602342057e-05,0.02047,0.03219971936797669,-0.02515,4.927248414680419e-05,0.02485,0.012022567284656178
b1_paper,B10,8,10,1.4021519940895746,1.269071701171769,0.013383628491146072,-0.008557564437876121,0.008557564437876123,2.4760459506807537e-16,1.0308424355404089e-16,15.678755578516517,1.40187,0.0002011556632031737,1.26907,1.3404869463532547e-06,0.0133,0.00628785647714829,-0.00856,0.0002845282854998807,0.00854,0.002056725746618494
b1_paper,B10,8,1000,1.0048205488780297,1.0032137009188016,0.00016681930654217027,-1.2273748700743837e-06,1.2273748700743837e-06,1.1297504654593125e-16,2.3947210165992647e-22,1309.1760908061292,1.00482,5.462451281758039e-07,1.00321,3.6890768649049064e-06,0.00017,0.01870996151664553,0.0,,0.0,
b1_paper,B10,9,0.1,3.1991874833462184,2.6974006220781703,-0.06752684042464559,-0.23750658870181554,0.23922025630364846,0.008099596582295693,0.0035922833244736653,3.069994620171242,3.21748,0.005685355201518496,2.72843,0.011372612792642503,-0.00958,6.048730733261544,-0.25485,0.0680534090570315,0.13732,0.7420642026190538
b1_paper,B10,9,0.2,3.1278878828707,2.621351740478332,-0.04952186352093567,-0.22441558162004385,0.22535330128329273,0.008364848854454767,0.004175445477297652,3.2161848401793964,3.13615,0.0026344776650671204,2.6454,0.009090594814269215,-0.00777,5.373470208614629,-0.23691,0.05273909239777197,0.14811,0.5215265767557407
b1_paper,B10,9,0.5,2.937070458966946,2.420309526674513,-0.018790792711884222,-0.18282039090875699,0.18304826522750386,0.002309235592661154,0.0011730592985998327,3.6547555002038594,2.90386,0.01143665981381547,2.43311,0.00526095134436469,7e-05,269.4398958840604,-0.18401,0.006464915446133477,0.14683,0.24666801898456636
b1_paper,B10,9,1,2.646009840813489,2.1754090018634646,0.014444958714660098,-0.12857528954377936,0.12864026917836358,0.0009256906146587671,0.0004999561932679433,4.385706600244631,2.63222,0.005238863322020617,2.18015,0.0021746201575740974,0.02604,0.44527808315437417,-0.12991,0.010274116359176612,0.11074,0.1616423079137039
b1_paper,B10,9,2,2.2511199786815896,1.870044791628711,0.03358884665692447,-0.07270092455270631,0.07270092405406264,5.105485954989418e-09,1.3650299993418874e-09,5.847608800326175,2.25081,0.00013771872418803105,1.87183,0.0009537235599862367,0.03871,0.13229535890146032,-0.073,0.004096923935529919,0.06804,0.0685027050861646
b1_paper,B10,9,5,1.7292019911957834,1.4910098049283032,0.03269489622513286,-0.023812099390720595,0.023812099390720595,9.169292910037128e-17,1.359260081279149e-17,10.233315400570806,1.72694,0.0013098261640725904,1.49099,1.328307252437186e-05,0.03184,0.02684975581447417,-0.02381,8.817264681197943e-05,0.02349,0.013712192027270927
b1_paper,B10,9,10,1.4260713808987537,1.2850152808057502,0.02028719400763238,-0.008102728264897982,0.008102728264897982,2.6953134124224738e-17,3.535091641757383e-18,17.542826400978523,1.4258,0.00019033588073627533,1.28501,4.109544478440403e-06,0.02019,0.004813967688577474,-0.0081,0.0003368228269114166,0.00808,0.0028129040715323835
b1_paper,B10,9,1000,1.0051069965740018,1.0034046660448495,0.00025046558839503583,-1.1621396629349179e-06,1.1621396629349176e-06,1.2277234957827653e-16,8.878908013063003e-22,1464.8260044817068,1.00511,2.9881565183184777e-06,1.0034,4.650234053606223e-06,0.00025,0.00186235358014329,0.0,,0.0,
b1_paper,B10,10,0.1,3.3312365913330453,2.781355543754841,-0.0593072958074686,-0.22706803200937947,0.22785130090102348,0.009930905147855293,0.003658485864052505,3.3978713763747797,3.34113,0.002961096595150405,2.80726,0.009227665497730417,-0.00243,23.406294570974733,-0.24454,0.07144830289776942,0.12902,0.7660153534415091
b1_paper,B10,10,0.2,3.261798450590259,2.7033201554906876,-0.04458596764254455,-0.21710613305004953,0.2174328339250353,0.004935573329038455,0.002385451285496672,3.5596747752497695,3.25377,0.00246743027019711,2.7206,0.006351482948361584,0.00303,15.714840806120312,-0.2264,0.041050649072219364,0.13853,0.5695721787701964
b1_paper,B10,10,0.5,3.0361008195869403,2.4878977980660135,0.0015516302449886251,-0.17415145314772837,0.17441915824724732,0.0021086309818543906,0.0010714616566569412,4.045084971874737,3.02088,0.005038538302395436,2.50105,0.005258672131299532,0.0225,0.9310386557782834,-0.17746,0.018643902018886722,0.13141,0.32728984283728274
b1_paper,B10,10,1,2.7315852185431932,2.2312243367485567,0.03528340827593048,-0.12205487765694832,0.12216410123386652,0.0008346914728818112,0.0005184364195327121,4.854101966249685,2.71805,0.004979753331687569,2.23606,0.00216258206463309,0.04355,0.18981840927828972,-0.12335,0.01049957310945829,0.10364,0.17873505628971947
b1_paper,B10,10,2,2.314137145481892,1.9124873342584807,0.049689299650954234,-0.06899152508771751,0.06899152517748966,3.2279160232078534e-09,1.5445688834508808e-09,6.47213595499958,2.31491,0.0003338594235230847,1.914,0.0007903164793726246,0.05482,0.09359176120112671,-0.06924,0.00358860358582444,0.06403,0.07748750862860622
b1_paper,B10,10,5,1.7654679866222804,1.5151714411465402,0.04324850925958654,-0.022581498691551186,0.022581498691551186,8.219781780931206e-17,1.7269760983767633e-16,11.326237921249264,1.76331,0.0012238271332213314,1.51515,1.4151170867726181e-05,0.04227,0.023149024357381955,-0.02258,6.637252219605518e-05,0.02223,0.015811906952370065
b1_paper,B10,10,10,1.4472242800203838,1.2991140983540417,0.02656489624494723,-0.007683982193652833,0.007683982193652833,8.392853784875622e-18,2.205086205150323e-18,19.41640786499874,1.44697,0.0001757327521536354,1.29911,3.1547398154835133e-06,0.02645,0.004343903400651376,-0.00768,0.000518514798545957,0.00766,0.0031308346805265013
b1_paper,B10,10,1000,1.005360310718785,1.0035735421360208,0.00032639761859482036,-1.1020807047442124e-06,1.102080704744212e-06,1.3010446751443018e-16,1.3032933131886454e-16,1621.2700567273948,1.00536,3.0906221147035466e-07,1.00357,3.529535578701769e-06,0.00033,0.01091630728842315,0.0,,0.0,
rpy,B9,20,0.5,3.758237669559026,2.943213710837414,0.23332158332146055,-0.11669524658962509,0.11669524658962509,1.3299432471001952e-16,4.450988034942463e-16,7.990566526874577,3.685,0.019874537193765474,2.92746,0.005381358186760519
rpy,B9,20,1,3.308499052547267,2.5994094365350193,0.220618993119475,-0.08103836568723966,0.08103836568723966,1.791257129492056e-16,6.77741472398372e-17,9.588679832249491,3.2702,0.011711532183740091,2.59384,0.0021471781355130535
rpy,B9,20,2,2.738807559517327,2.1846905371875103,0.18499091910748344,-0.0455840806990723,0.0455840806990723,1.9599358543605556e-16,1.7086515875462293e-16,12.784906442999324,2.7261,0.004661442910137903,2.1836,0.0004994216832341388
rpy,B9,20,5,1.9972822559536618,1.6696101487910555,0.11537077469625359,-0.014884597779288916,0.014884597779288916,1.224007194309436e-16,1.614850690890373e-16,22.373586275248815,1.996,0.0006424128024357846,1.66957,2.4047384090224725e-05
rpy,B9,20,10,1.5824342417845858,1.3892334018382164,0.06910237275692376,-0.0050648978554524784,0.0050648978554524784,1.7037263132583738e-16,1.0330488937397433e-16,38.354719328997966,1.5823,8.483965403890832e-05,1.3892,2.4043937673790074e-05
rpy,B9,20,100,1.0685627421005712,1.0457100317291386,0.008237569953924285,-7.010239246301009e-05,7.010239246301008e-05,7.74567059966125e-17,1.2507781805111208e-16,326.01511429648275,1.06856,2.5661643438586077e-06,1.04571,3.034219683257711e-08
rpy,B9,20,1000,1.006979498877366,1.0046530008729018,0.0008387075571918375,-7.264366388830691e-07,7.26436638883069e-07,4.114579052978837e-17,1.3018929776684665e-16,3202.6190639713304,1.00698,4.976490437304234e-07,1.00465,2.9869834287822883e-06
rpy,B9,50,0.5,4.59281654107659,3.498234979565156,0.49822795066686615,-0.06080551066486191,0.060805510664861895,4.0541088044669767e-16,5.574686599310756e-16,19.90746388738582,4.5395,0.011745025019625387,3.48019,0.005185055863374205
rpy,B9,50,1,4.00385114077553,3.062187769880887,0.44392428582687676,-0.04222604907282078,0.042226049072820765,4.0182269929088336e-16,4.782104516534925e-16,23.88895666486298,3.9783,0.006422627950514039,3.05577,0.0021002136551137476
rpy,B9,50,2,3.260224452436967,2.531968633700026,0.35437151215759544,-0.023752152603461685,0.023752152603461682,3.412040380585402e-16,3.527414845837835e-16,31.85194221981731,3.253,0.0022208584189876727,2.5307,0.0005012975461436891
rpy,B9,50,5,2.2951866854675713,1.8681509368214058,0.21310059660628788,-0.007755804931742593,0.007755804931742591,2.503247390117853e-16,3.4679988405095626e-16,55.74089888468029,2.295,8.134443031433127e-05,1.8681,2.7266646006994876e-05
rpy,B9,50,10,1.7562028543762538,1.5050668041054798,0.1262869984477463,-0.0026391280670512987,0.002639128067051298,2.355548244593084e-16,1.8390935187434064e-16,95.55582665945192,1.75616,2.4402318839879325e-05,1.5051,2.2055607282129133e-05
rpy,B9,50,100,1.0890055714346436,1.0593385645257698,0.014975678878171464,-3.6527724111436656e-05,3.6527724111436635e-05,8.245350819133234e-17,5.2389874861145896e-17,812.2245266053415,1.08901,4.066597511895303e-06,1.05934,1.3550646913637031e-06
rpy,B9,50,1000,1.009060504697218,1.006040338064941,0.0015246376913721107,-3.785188521712931e-07,3.78518852171293e-07,1.7582852163672341e-16,1.3000976608810746e-16,7978.911526064237,1.00906,5.001657166252e-07,1.00604,3.3603528779187547e-07
rpy,B9,100,0.5,5.218491282568557,3.915044537352658,0.7044908024006928,-0.035657578836468896,0.03565757883646888,6.393890872987535e-16,8.977330566085437e-16,39.79528151137203,5.174,0.008599010933234796,3.897,0.004630366269606902
rpy,B9,100,1,4.5252174505088965,3.409587684390355,0.616271659183654,-0.024762207525325625,0.024762207525325618,7.565905208672426e-16,7.740390222551192e-16,47.75433781364644,4.505,0.004487780357135752,3.403,0.00193584613292835
rpy,B9,100,2,3.6512273284973324,2.7925622820614424,0.4839763225427335,-0.013928741732995664,0.01392874173299566,5.89547805318346e-16,6.249578783294141e-16,63.67245041819525,3.646,0.001433715989394553,2.7913,0.00045222013450445996
rpy,B9,100,5,2.51860608602655,2.0170832216932473,0.2873308360586264,-0.004548160565876137,0.004548160565876133,5.390289271593023e-16,4.216594016056659e-16,111.42678823184168,2.5183,0.00012154470339118578,2.017,4.1260135472171846e-05
rpy,B9,100,10,1.8865288202098391,1.5919480059323576,0.16961975633519422,-0.0015476379703328515,0.0015476379703328507,3.858779194268072e-16,3.1346124859482415e-16,191.01735125458575,1.88651,9.976204652629486e-06,1.5919,3.0156374368705406e-05
rpy,B9,100,100,1.1043379172541068,1.0695601238861439,0.020075552440511898,-2.1420594745091373e-05,2.142059474509137e-05,1.5777367990437946e-16,1.507741759921254e-16,1623.6474856639788,1.10434,1.8859643708513013e-06,1.06956,1.158290734395443e-07
rpy,B9,100,1000,1.0106212822446377,1.0070808564251206,0.0020437891864535447,-2.2197109546170193e-07,2.2197109546170188e-07,9.948061117609366e-17,1.2987553018809242e-17,15949.94882975791,1.01062,1.2687702970249061e-06,1.00708,8.504042584490941e-07
rpy,B9,200,0.5,5.842869638025051,4.331197966589868,0.911965604600777,-0.020446116369820213,0.020446116369820203,1.1323380138538566e-15,1.562575002632294e-15,79.58074413250071,5.803,0.006870521803386343,4.3125,0.004335760368665069
rpy,B9,200,1,5.0455233119563925,3.7564010782871904,0.7893017577884243,-0.014198691923486257,0.014198691923486256,1.0563928652319202e-15,1.3337343983057615e-15,95.49689295900085,5.027,0.003684764662103111,3.7497,0.0017870971776917024
rpy,B9,200,2,4.041449688713241,3.0526863992235005,0.6138491462192762,-0.00798676420696102,0.00798676420696102,1.0314380404792233e-15,1.073595538944595e-15,127.32919061200113,4.037,0.001102226582422901,3.0514,0.0004215767265846426
rpy,B9,200,5,2.7415868105592462,2.165732536967211,0.36159348110448203,-0.0026079230063546185,0.002607923006354618,8.741898959907371e-16,7.655393924500892e-16,222.826083571002,2.7414,6.814421800765543e-05,2.1657,1.5023764699971302e-05
rpy,B9,200,10,2.0166002599504886,1.6786614056490174,0.21294888793136185,-0.0008874182452178911,0.000887418245217891,7.165248335729721e-16,5.400580337959379e-16,381.9875718360034,2.01659,5.08777217419293e-06,1.6787,2.2990618325272384e-05
rpy,B9,200,100,1.1196404007054581,1.079761778065554,0.025173651183946443,-1.2282605470143823e-05,1.2282605470143822e-05,1.5466255617396615e-16,1.3706578818834627e-16,3246.894360606029,1.11964,3.57887765842462e-07,1.07976,1.6467229327845761e-06
rpy,B9,200,1000,1.012179020026042,1.0081193482778554,0.002562758105110003,-1.2727860378183383e-07,1.2727860378183383e-07,1.7863465577854724e-16,2.5302012597853084e-20,31895.962248306285,1.01218,9.681815072238963e-07,1.00812,6.464727854556105e-07
2b,B9,20,0.5,3.696919765541283,2.931937627325732,0.18652096377320315,-0.11462251228808935,0.11462251228808935,4.055431807901922e-09,1.1407181487946709e-09,7.990566526874577,3.685,0.0032346717886792523,2.92746,0.0015295263900213392
2b,B9,20,1,3.2730714862813053,2.596041404599027,0.19052565978271796,-0.0805610760208755,0.0805610760208755,7.354566432742804e-09,1.7514584890778718e-09,9.588679832249491,3.2702,0.000878076656261174,2.59384,0.0008487048542034466
2b,B9,20,2,2.726434607732774,2.184171579035717,0.17371709947563807,-0.04553264529145725,0.04553264529145725,5.047521379190869e-09,2.251743835833631e-09,12.784906442999324,2.7261,0.00012274228119802625,2.1836,0.00026175995407427415
2b,B9,20,5,1.9972822559536618,1.6696101487910555,0.11537077469625359,-0.014884597779288916,0.014884597779288916,1.224007194309436e-16,1.614850690890373e-16,22.373586275248815,1.996,0.0006424128024357846,1.66957,2.4047384090224725e-05
2b,B9,20,10,1.5824342417845858,1.3892334018382164,0.06910237275692376,-0.0050648978554524784,0.0050648978554524784,1.7037263132583738e-16,1.0330488937397433e-16,38.354719328997966,1.5823,8.483965403890832e-05,1.3892,2.4043937673790074e-05
2b,B9,20,100,1.0685627421005712,1.0457100317291386,0.008237569953924285,-7.010239246301009e-05,7.010239246301008e-05,7.74567059966125e-17,1.2507781805111208e-16,326.01511429648275,1.06856,2.5661643438586077e-06,1.04571,3.034219683257711e-08
2b,B9,20,1000,1.006979498877366,1.0046530008729018,0.0008387075571918375,-7.264366388830691e-07,7.26436638883069e-07,4.114579052978837e-17,1.3018929776684665e-16,3202.6190639713304,1.00698,4.976490437304234e-07,1.00465,2.9869834287822883e-06
2b,B9,50,0.5,4.531715166102208,3.4869683470844155,0.4489125198552624,-0.059973824781911884,0.05997382471268919,5.862337166117656e-09,2.75064106770208e-09,19.90746388738582,4.5395,0.0017149099896007509,3.48019,0.0019476945466815328
2b,B9,50,1,3.9684996367654803,3.0587990646526446,0.4122770440278555,-0.042033341992252365,0.04203334147067815,4.743465657101368e-09,1.1190080661454746e-09,23.88895666486298,3.9783,0.0024634550522885665,3.05577,0.0009912606814795426
2b,B9,50,2,3.24785150767442,2.5314496755482323,0.3426109940573373,-0.023731507131591528,0.023731507118125515,4.228011074187106e-09,1.135952351894431e-09,31.85194221981731,3.253,0.0015826905396802988,2.5307,0.00029623248438469734
2b,B9,50,5,2.2951866854675713,1.8681509368214058,0.21310059660628788,-0.007755804931742593,0.007755804931742591,2.503247390117853e-16,3.4679988405095626e-16,55.74089888468029,2.295,8.134443031433127e-05,1.8681,2.7266646006994876e-05
2b,B9,50,10,1.7562028543762538,1.5050668041054798,0.1262869984477463,-0.0026391280670512987,0.002639128067051298,2.355548244593084e-16,1.8390935187434064e-16,95.55582665945192,1.75616,2.4402318839879325e-05,1.5051,2.2055607282129133e-05
2b,B9,50,100,1.0890055714346436,1.0593385645257698,0.014975678878171464,-3.6527724111436656e-05,3.6527724111436635e-05,8.245350819133234e-17,5.2389874861145896e-17,812.2245266053415,1.08901,4.066597511895303e-06,1.05934,1.3550646913637031e-06
2b,B9,50,1000,1.009060504697218,1.006040338064941,0.0015246376913721107,-3.785188521712931e-07,3.78518852171293e-07,1.7582852163672341e-16,1.3000976608810746e-16,7978.911526064237,1.00906,5.001657166252e-07,1.00604,3.3603528779187547e-07
2b,B9,100,0.5,5.157420013055642,3.903779145877765,0.6548147961572414,-0.03524154820319596,0.03524154820319595,4.378294046383403e-09,2.218963830645412e-09,39.79528151137203,5.174,0.0032044814349359023,3.897,0.0017395806717385917
2b,B9,100,1,4.489875935817295,3.4061955713745466,0.5844011832761845,-0.024665713904977588,0.024665713904977578,4.721454935166067e-09,1.796187935864459e-09,47.75433781364644,4.505,0.003357172959534877,3.403,0.0009390453642511385
2b,B9,100,2,3.6388543795215824,2.7920433239096494,0.4721457227085144,-0.013918413884280794,0.013918413884280795,5.491581737461638e-09,1.2655612873812124e-09,63.67245041819525,3.646,0.0019598520237019998,2.7913,0.0002663002578186733
2b,B9,100,5,2.51860608602655,2.0170832216932473,0.2873308360586264,-0.004548160565876137,0.004548160565876133,5.390289271593023e-16,4.216594016056659e-16,111.42678823184168,2.5183,0.00012154470339118578,2.017,4.1260135472171846e-05
2b,B9,100,10,1.8865288202098391,1.5919480059323576,0.16961975633519422,-0.0015476379703328515,0.0015476379703328507,3.858779194268072e-16,3.1346124859482415e-16,191.01735125458575,1.88651,9.976204652629486e-06,1.5919,3.0156374368705406e-05
2b,B9,100,100,1.1043379172541068,1.0695601238861439,0.020075552440511898,-2.1420594745091373e-05,2.142059474509137e-05,1.5777367990437946e-16,1.507741759921254e-16,1623.6474856639788,1.10434,1.8859643708513013e-06,1.06956,1.158290734395443e-07
2b,B9,100,1000,1.0106212822446377,1.0070808564251206,0.0020437891864535447,-2.2197109546170193e-07,2.2197109546170188e-07,9.948061117609366e-17,1.2987553018809242e-17,15949.94882975791,1.01062,1.2687702970249061e-06,1.00708,8.504042584490941e-07
2b,B9,200,0.5,5.781805762163446,4.319932762525396,0.8621994221238447,-0.020238076592841932,0.020238076592841932,5.499716173349619e-09,1.6129274710885517e-09,79.58074413250071,5.803,0.003652289821911683,4.3125,0.0017235391363237713
2b,B9,200,1,5.010184336914352,3.753008132767183,0.7573754624164563,-0.014150428293545387,0.014150428293545382,5.442018347662289e-09,2.122829425970266e-09,95.49689295900085,5.027,0.0033450692432162262,3.7497,0.000882239317060862
2b,B9,200,2,4.029076730608881,3.0521674410717066,0.6020010002600623,-0.007981599661888428,0.007981599661888428,4.262640076061922e-09,1.0031545926297887e-09,127.32919061200113,4.037,0.0019626627176415885,3.0514,0.0002515045787856243
2b,B9,200,5,2.7415868105592462,2.165732536967211,0.36159348110448203,-0.0026079230063546185,0.002607923006354618,8.741898959907371e-16,7.655393924500892e-16,222.826083571002,2.7414,6.814421800765543e-05,2.1657,1.5023764699971302e-05
2b,B9,200,10,2.0166002599504886,1.6786614056490174,0.21294888793136185,-0.0008874182452178911,0.000887418245217891,7.165248335729721e-16,5.400580337959379e-16,381.9875718360034,2.01659,5.08777217419293e-06,1.6787,2.2990618325272384e-05
2b,B9,200,100,1.1196404007054581,1.079761778065554,0.025173651183946443,-1.2282605470143823e-05,1.2282605470143822e-05,1.5466255617396615e-16,1.3706578818834627e-16,3246.894360606029,1.11964,3.57887765842462e-07,1.07976,1.6467229327845761e-06
2b,B9,200,1000,1.012179020026042,1.0081193482778554,0.002562758105110003,-1.2727860378183383e-07,1.2727860378183383e-07,1.7863465577854724e-16,2.5302012597853084e-20,31895.962248306285,1.01218,9.681815072238963e-07,1.00812,6.464727854556105e-07
nemo,B9,20,0.5,3.705769898492512,2.921925188741861,0.1940145517766918,-0.1333066185817149,0.1000979208556882,7.95623584705468e-09,5.999461821747069e-09,7.990566526874577,3.685,0.005636336090233917,2.92746,0.0018906530774592365
nemo,B9,20,1,3.2666417950234274,2.591655147432096,0.18652783961490804,-0.08440749717335562,0.07774825848818477,9.865582783486517e-09,2.9453167429847785e-09,9.588679832249491,3.2702,0.001088069529867456,2.59384,0.0008423235696511798
nemo,B9,20,2,2.7196282205639575,2.181973199701083,0.16906882514331714,-0.047752148294114574,0.04359682480313434,1.4234734166605603e-08,9.310247678715768e-09,12.784906442999324,2.7261,0.0023740066160605673,2.1836,0.0007450083801599485
nemo,B9,20,5,1.9950572578802732,1.6694331909008306,0.11343290403725036,-0.014884106780181006,0.014887763392757311,4.7487513039437814e-09,1.4456129832815617e-09,22.373586275248815,1.996,0.000472315691245882,1.66957,8.194271529157502e-05
nemo,B9,20,10,1.5825966719275961,1.3893958319812267,0.06910237275692376,-0.0050648978554524784,0.0050648978554524784,1.7035517846054874e-16,1.0329281246646335e-16,38.354719328997966,1.5823,0.00018749410832085044,1.3892,0.00014096744977450774
nemo,B9,20,100,1.0687251722435813,1.0458724618721489,0.008237569953924285,-7.010239246301009e-05,7.010239246301008e-05,9.483205200157233e-17,1.2505839273060428e-16,326.01511429648275,1.06856,0.00015457460842757404,1.04571,0.00015536035052640483
nemo,B9,20,1000,1.0071419290203762,1.004815431015912,0.0008387075571918375,-7.264366388830691e-07,7.26436638883069e-07,4.1139154611044186e-17,1.3016825244289768e-16,3202.6190639713304,1.00698,0.00016080659037544077,1.00465,0.00016466532216398062
nemo,B9,50,0.5,4.5481613581657365,3.476163348479048,0.4738248619919834,-0.07252781235092856,0.04875201072469665,1.1055299544879071e-08,5.925301377577315e-09,19.90746388738582,4.5395,0.0019079982742011697,3.48019,0.0011570205997235613
nemo,B9,50,1,3.960494169018986,3.0545405621013773,0.4077202573254242,-0.04544170551682566,0.03905313243413382,5.973166905365006e-09,4.12860817982304e-09,23.88895666486298,3.9783,0.004475738627306601,3.05577,0.0004023332576151414
nemo,B9,50,2,3.2432475421802525,2.527972416299704,0.34085915862957394,-0.024757382488015792,0.022851713421901843,7.685331933840661e-09,5.44470640402023e-09,31.85194221981731,3.253,0.002997988877881233,2.5307,0.0010777981192143674
nemo,B9,50,5,2.2929547075959027,1.8679778596651726,0.21105942552890986,-0.007755557449842006,0.007757106871389658,4.612130600142657e-09,1.9995588762771124e-09,55.74089888468029,2.295,0.0008911949473190553,1.8681,6.538211810261328e-05
nemo,B9,50,10,1.756365281039119,1.505229230768345,0.1262869984477463,-0.0026391280670512987,0.002639128067051298,2.355331526890872e-16,1.8388950659772028e-16,95.55582665945192,1.75616,0.00011689199111646914,1.5051,8.586191505210512e-05
nemo,B9,50,100,1.089167998097509,1.059500991188635,0.014975678878171464,-3.6527724111436656e-05,3.6527724111436635e-05,8.244121429675955e-17,5.2381843238143856e-17,812.2245266053415,1.08901,0.00014508415671945062,1.05934,0.00015197310460768662
nemo,B9,50,1000,1.0092229313600831,1.0062027647278065,0.0015246376913721107,-3.785188521712931e-07,3.78518852171293e-07,1.0997329908135205e-16,1.299887792123148e-16,7978.911526064237,1.00906,0.0001614684558728438,1.00604,0.0001617875311184527
nemo,B9,100,0.5,5.174763764160298,3.891930388248451,0.6834916685462434,-0.04575544386030045,0.025371842095354907,8.050266235788814e-09,6.467050781551471e-09,39.79528151137203,5.174,0.00014761580214491207,3.897,0.0013009011423014477
nemo,B9,100,1,4.481644970021447,3.4019571777605546,0.5797385414643553,-0.027938871308663415,0.0216082072748259,8.19185905177897e-09,5.3516233623295485e-09,47.75433781364644,4.505,0.0051842463881359695,3.403,0.0003064420333368812
nemo,B9,100,2,3.63442549582435,2.7886221255477905,0.47052078439248085,-0.014882965542290736,0.013034048760283452,9.353418764302659e-09,5.3651074761653746e-09,63.67245041819525,3.646,0.0031745760218458833,2.7913,0.00095936461584551
nemo,B9,100,5,2.516373046914677,2.0169107417984633,0.2852747147666888,-0.004548032931196728,0.004548814088712744,6.155948697259665e-09,9.257136499852264e-10,111.42678823184168,2.5183,0.000765180115682485,2.017,4.425295068745746e-05
nemo,B9,100,10,1.8866912500271225,1.59211043574964,0.16961975633519424,-0.0015476379703328515,0.0015476379703328507,6.20976945823428e-16,3.134292687747828e-16,191.01735125458575,1.88651,9.607689708644435e-05,1.5919,0.0001321915633142597
nemo,B9,100,100,1.1045003470713894,1.0697225537034263,0.020075552440511898,-2.1420594745091373e-05,2.142059474509137e-05,1.577504850853449e-16,1.5075128199801199e-16,1623.6474856639788,1.10434,0.00014519719596260572,1.06956,0.00015198184620424836
nemo,B9,100,1000,1.01078371206192,1.007243286242403,0.0020437891864535447,-2.2197109546170193e-07,2.2197109546170188e-07,9.946462501482558e-17,1.2985458623251976e-17,15949.94882975791,1.01062,0.00016199170996022955,1.00708,0.00016213830321625572
nemo,B9,200,0.5,5.799305167956352,4.307766727959272,0.8918571118356406,-0.029723781989421112,0.011073562140287275,9.18038400306536e-09,5.691205201710464e-09,79.58074413250071,5.803,0.0006367106744179945,4.3125,0.0010975703282846605
nemo,B9,200,1,5.00189698827336,3.7487748763736337,0.7526852270401136,-0.0173572413423667,0.011051647357252262,8.278118645822622e-09,5.244077864329338e-09,95.49689295900085,5.027,0.004993636707109559,3.7497,0.00024671937124732586
nemo,B9,200,2,4.024694873215989,3.04876223100216,0.6004092014652386,-0.00891643431292504,0.007087817910766124,9.121923057991572e-09,5.121036849562808e-09,127.32919061200113,4.037,0.003048086892249517,3.0514,0.0008644454997181861
nemo,B9,200,5,2.7393535028264693,2.1655602098399895,0.3595336079642384,-0.002607858687320848,0.0026082500742568696,4.1951559712397116e-09,7.185862402576322e-10,222.826083571002,2.7414,0.0007465153474614363,2.1657,6.45473334305972e-05
nemo,B9,200,10,2.0167626894591866,1.6788238351577156,0.21294888793136185,-0.0008874182452178911,0.000887418245217891,7.048195541970923e-16,5.400057821333459e-16,381.9875718360034,2.01659,8.563439230914184e-05,1.6787,7.376848615924459e-05
nemo,B9,200,100,1.119802830214156,1.0799242075742521,0.025173651183946436,-1.2282605470143823e-05,1.2282605470143822e-05,1.9153304226756534e-16,1.3704517236320243e-16,3246.894360606029,1.11964,0.00014543086541753104,1.07976,0.00015207784531012642
nemo,B9,200,1000,1.0123414495347403,1.0082817777865536,0.002562758105110003,-1.2727860378183383e-07,1.2727860378183383e-07,1.786059941511625e-16,2.5297936561207488e-20,31895.962248306285,1.01218,0.00015950674261512452,1.00812,0.00016047473173202113
