run,seed,x,y,force_x,force_y,error_base_x,error_base_y,error_full_x,error_full_y,parallel_error_base,parallel_error_full,parallel_error_gap,rmse_base,rmse_full
0,42,0.0,0.0,0.0,-1.0,-0.0027521921792343544,-0.0019266857889071315,-0.004160549119608133,-0.003288320371188244,0.0019266857889071315,0.003288320371188244,-0.0013616345822811127,0.002375571501830185,0.00374988132080494
0,42,5.821277564366515,-1.2987687961113608,0.0,-1.0,0.003469594151988161,-0.0632511368573806,0.0028362351966048603,-0.050319074708332745,0.0632511368573806,0.050319074708332745,0.012932062149047852,0.04479254624003083,0.03563743473928246
0,42,4.193862794935923,-8.623304038387584,0.0,-1.0,0.007151884519587898,-0.024438669047352785,0.00831975557757511,-0.020828385910984987,0.024438669047352785,0.020828385910984987,0.003610283136367798,0.01800552688742487,0.015859381963486314
0,42,5.548943695073273,6.078565270058817,0.0,-1.0,0.0005643650381255139,-0.03868850210113367,0.0009543582288908947,-0.03189992049140772,0.03868850210113367,0.03189992049140772,0.006788581609725952,0.02735981270701321,0.02256674242095196
0,42,-1.054246577609776,-2.7454059392780996,0.0,1.0,-0.006631765133230466,0.018326048831180303,-0.00481898671993472,0.01578529653950092,0.018326048831180303,0.01578529653950092,0.0025407522916793823,0.013780863081555092,0.011670437434965472
0,42,3.0569823160863283,6.858344423771349,0.0,-1.0,0.006098522639594053,-0.0509634924522579,0.0064487744334554425,-0.04418909674798849,0.0509634924522579,0.04418909674798849,0.006774395704269409,0.03629372908173662,0.031577388770263094
0,42,-5.795889952682883,1.1598692479538144,0.0,1.0,-0.0040936613697056656,0.04595533821646153,-0.0027292691412811165,0.04172501776281773,0.04595533821646153,0.04172501776281773,0.004230320453643799,0.03262400323380923,0.029567093341694953
0,42,6.961817419110272,2.7977298427068824,0.0,-1.0,-0.005212535792545034,-0.06913289606151063,-0.006220370241955472,-0.06227961360988099,0.06913289606151063,0.06227961360988099,0.006853282451629639,0.04902309581840071,0.04425744726790667
0,42,-3.0911699974769666,10.001837387583567,0.0,1.0,0.0014101012837429983,0.017113808293688804,-4.249371175565897e-05,0.010990444321978599,0.017113808293688804,0.010990444321978599,0.006123363971710205,0.012142298380939774,0.007771475796463963
0,42,5.915356183400121,-6.488605921924686,0.0,-1.0,0.00025031237817238483,-0.056352201083265774,0.001182543923620688,-0.048943522551619045,0.056352201083265774,0.048943522551619045,0.0074086785316467285,0.03984741662401395,0.03461839691473404
0,42,-9.693689616160478,-7.345984270837629,0.0,1.0,0.034645292215280704,0.023403965069656807,0.034144791081779174,0.01754184825599714,0.023403965069656807,0.01754184825599714,0.005862116813659668,0.029563844926395362,0.02714390537721844
0,42,5.2009380858809315,9.934089540594009,0.0,-1.0,-0.01013226998581479,-0.023302818145868376,-0.010433064825673799,-0.01918416699421127,0.023302818145868376,0.01918416699421127,0.0041186511516571045,0.017967807721100196,0.01544152040633462
0,42,-2.7525948447406394,-0.6469069535775418,0.0,1.0,-0.018512520815134034,0.05636509583345217,-0.01697209651291369,0.04641326592317385,0.05636509583345217,0.04641326592317385,0.00995182991027832,0.04195078935636979,0.03494455117539005
0,42,-7.86377833013995,-0.5162447357197539,0.0,1.0,-0.007516785510787275,0.07891207374681863,-0.0068345470213978556,0.06669109500994119,0.07891207374681863,0.06669109500994119,0.012220978736877441,0.05605183961048256,0.047404710665780364
0,42,3.6083685779940584,-1.3354555468310867,0.0,-1.0,0.0022859193812050337,-0.04402427501198164,0.00197481852573533,-0.03145437068458906,0.04402427501198164,0.03145437068458906,0.012569904327392578,0.031171799897888153,0.022285391441178717
0,42,4.255422544441895,-3.9870112983701276,0.0,-1.0,-0.007817371739096093,-0.04980224630042379,-0.007608982725090432,-0.03853258749648397,0.04980224630042379,0.03853258749648397,0.01126965880393982,0.035646704177772826,0.02777280069856943
0,42,6.4759216891402005,-2.390965963739223,0.0,-1.0,0.010904040774715618,-0.0637395873273695,0.01108913834245272,-0.05866052653444653,0.0637395873273695,0.05866052653444653,0.005079060792922974,0.04572544749852113,0.04221389796309126
0,42,3.877837297212544,-7.65488039354419,0.0,-1.0,-0.0028677958723214853,-0.03779825610738291,-0.003112249421706556,-0.033010349103026526,0.03779825610738291,0.033010349103026526,0.004787907004356384,0.026804219984217163,0.023445353957304602
0,42,-10.468033035135157,6.096840899213902,0.0,1.0,-0.023502426873688188,0.03376986063652948,-0.02404216416159698,0.031990602385339295,0.03376986063652948,0.031990602385339295,0.0017792582511901855,0.02909267567931561,0.028296857586577122
0,42,1.4606780315951244,-7.653934506901746,0.0,-1.0,-0.006903772447083706,-0.01184417781554227,-0.006300379726861233,-0.006934573027715732,0.01184417781554227,0.006934573027715732,0.004909604787826538,0.00969398324032221,0.006625069349801803
0,42,3.578385614813268,-0.6141751846361814,0.0,-1.0,-0.002200793643227516,-0.05984839707925915,0.0028751146227803843,-0.04898714930132031,0.05984839707925915,0.04898714930132031,0.010861247777938843,0.042347810602301195,0.03469875416181374
0,42,5.6309466842946705,2.8626224456890803,0.0,-1.0,-0.005005304759183329,-0.08680048268877272,-0.004621957486310405,-0.07103249114595656,0.08680048268877272,0.07103249114595656,0.015767991542816162,0.061479170743985456,0.05033377240683266
0,42,1.2580898224873867,-4.165853981541993,0.0,-1.0,-0.015226635821050542,-0.020050319773459634,-0.014727066941446203,-0.01490748573591729,0.020050319773459634,0.01490748573591729,0.005142834037542343,0.017802608817879557,0.014817550939079223
0,42,-1.3446888441338238,-6.064775168862893,0.0,1.0,-0.0176058388975473,0.039070316837019003,-0.017457870366892392,0.02561689286012081,0.039070316837019003,0.02561689286012081,0.013453423976898193,0.030302270715504474,0.021920338016943625
0,42,7.5094431841825084,-5.6535057716731645,0.0,-1.0,0.0042118238185041845,-0.019494091263628166,0.00474179851752457,-0.015189175597047966,0.019494091263628166,0.015189175597047966,0.0043049156665802,0.014102465282226069,0.011251571190255067
0,42,-4.645362098371445,-4.385915307916827,0.0,1.0,0.006743162059785632,0.09110857242205733,0.006936534428598193,0.07960076325991744,0.09110857242205733,0.07960076325991744,0.011507809162139893,0.0645996989286707,0.056499544340819906
0,42,1.2118731841176942,6.032538007268702,0.0,-1.0,0.011552678790904186,-0.012490196772627818,0.009927975383616588,-0.011498800166659343,0.012490196772627818,0.011498800166659343,0.0009913966059684753,0.012030573607787157,0.010742138997668524
0,42,-1.9891806225900144,6.672602520169253,0.0,1.0,0.012182580928806891,0.030500517078677458,0.013582656781677832,0.019672767111102385,0.030500517078677458,0.019672767111102385,0.010827749967575073,0.023223875862500045,0.01690423513585472
0,42,-0.8100687150324948,-7.197618024946345,0.0,1.0,-0.01137316265290328,0.008152712721983812,-0.009905934717112264,0.002485294480482958,0.008152712721983812,0.002485294480482958,0.0056674182415008545,0.009894835861614649,0.007221642170393417
0,42,-7.388001712486904,4.1716012509743425,0.0,1.0,-0.010750608850590263,0.06738141220956528,-0.010469289828411613,0.06049498957544053,0.06738141220956528,0.06049498957544053,0.006886422634124756,0.0482484730432671,0.04341226666072586
0,42,-2.528173664393096,-4.217659103830348,0.0,1.0,-0.0066480572771500795,0.05645583503522694,-0.005772889728493616,0.03995023601331532,0.05645583503522694,0.03995023601331532,0.01650559902191162,0.04019613149971665,0.02854249124846098
0,42,-2.9363365185915926,-8.762005022347784,0.0,1.0,-0.0011081824611262892,0.014020491414541314,2.8224795000114655e-05,0.00682460146474273,0.014020491414541314,0.00682460146474273,0.007195889949798584,0.00994490442066626,0.004825763244898231
0,42,9.814839007382272,8.681909454405417,0.0,-1.0,-0.025121382240816656,-0.029272561739809966,-0.02328596989499003,-0.02779150552643106,0.029272561739809966,0.02779150552643106,0.0014810562133789062,0.027276058334189387,0.025637903320825887
0,42,-4.975016787123603,9.969503990079406,0.0,1.0,-0.013970115691277374,0.03447942493056555,-0.014130087107273925,0.02770943997000952,0.03447942493056555,0.02770943997000952,0.00676998496055603,0.02630584417929008,0.021994004013715988
0,42,4.608688140807935,-1.0760147586351518,0.0,-1.0,-0.006405209331858517,-0.060043100675798156,-0.006621218660000325,-0.05215126689360211,0.060043100675798156,0.05215126689360211,0.007891833782196045,0.042697778896266726,0.037172538083585685
0,42,-8.576267066107263,8.554876998388657,0.0,1.0,-0.02319645061074943,0.03810188955359278,-0.022974296649090953,0.033305444183872324,0.03810188955359278,0.033305444183872324,0.004796445369720459,0.03154226774101,0.028610058710228703
0,42,-6.324465095710886,-4.123217414982524,0.0,1.0,0.005310836048230905,0.08047937210108524,0.003650436909303445,0.07527242954279667,0.08047937210108524,0.07527242954279667,0.005206942558288574,0.057031282263842395,0.05328819915752499
0,42,-6.8682380140408075,7.577678032888915,0.0,1.0,-0.012740189134205326,0.05108637191769072,-0.010819820611799702,0.04505086519237944,0.05108637191769072,0.04505086519237944,0.006035506725311279,0.03722989265958164,0.032761631313576796
0,42,1.7869932867734963,3.184082499092735,0.0,-1.0,0.010057345935505346,-0.02187192835468818,0.012248248764675573,-0.015329655488915933,0.02187192835468818,0.015329655488915933,0.006542272865772247,0.017022506531340187,0.013874760091803877
0,42,-1.789004051611018,-9.740216138999687,0.0,1.0,-0.010467382702143868,0.02626912420151184,-0.006629052194865426,0.016935573271488646,0.02626912420151184,0.016935573271488646,0.009333550930023193,0.019995411810557886,0.012859976186529481
0,42,1.8623548716880887,-6.99955256293267,0.0,-1.0,0.0020921840293374183,-0.026841928505719703,0.0015263496859040382,-0.019454126500905555,0.026841928505719703,0.019454126500905555,0.007387802004814148,0.01903767790355198,0.013798419860203108
0,42,1.72246386370073,-3.2538554121622747,0.0,-1.0,-0.0066953433365485315,-0.03309061302260341,-0.008811583897556985,-0.025245941415585893,0.03309061302260341,0.025245941415585893,0.007844671607017517,0.023872749031122867,0.01890769114332684
0,42,6.0078258674107765,-8.866548128936534,0.0,-1.0,0.008363895520791004,-0.03826186925111991,0.010108434066399524,-0.03281227618395072,0.03826186925111991,0.03281227618395072,0.0054495930671691895,0.02769409130909067,0.02427782844126103
0,42,-0.1974665847120658,9.303351150180383,0.0,1.0,0.012087669589418593,0.0080238756049585,0.008205604174036207,0.006916831086964573,0.0080238756049585,0.006916831086964573,0.001107044517993927,0.010259004235957873,0.007588626099188177
0,42,-0.5633223126794658,-4.9515217917060905,0.0,1.0,-0.022944885548784308,0.014235638131222694,-0.02047075634880262,0.01185002182873246,0.014235638131222694,0.01185002182873246,0.0023856163024902344,0.019093469640821342,0.016725353252375248
0,42,0.4392667851045271,-1.2980671441298757,0.0,-1.0,0.0018599929862801248,0.005706520198599409,0.001525866111475628,0.006340410473511528,-0.005706520198599409,-0.006340410473511528,0.0006338902749121189,0.004244051524547876,0.004611348629347191
0,42,6.933359813585504,8.41799925626339,0.0,-1.0,-0.0151183422757699,-0.028812916016782486,-0.013225213076026629,-0.022518695330823624,0.028812916016782486,0.022518695330823624,0.006294220685958862,0.0230081333723261,0.01846615688643367
0,42,1.14821115177714,-8.317353342945328,0.0,-1.0,-0.019015091810250462,-0.0011725144181424368,-0.015347185883546055,0.0012088028993433725,0.0011725144181424368,-0.0012088028993433725,0.0023813173174858093,0.013471238001999038,0.010885708957012774
0,42,-4.64855173920056,3.3875631199819534,0.0,1.0,-0.00972854063719171,0.08495543756414364,-0.008653634198602614,0.07343576707769345,0.08495543756414364,0.07343576707769345,0.011519670486450195,0.060465158871223515,0.05228621840950285
0,42,-5.732668616961716,-9.829496090644517,0.0,1.0,0.0249143173854523,0.048842861969386364,0.023067273751991302,0.046010389645015026,0.048842861969386364,0.046010389645015026,0.002832472324371338,0.03877079039782127,0.03639405908685793
0,42,-2.742765552985266,7.007684782921448,0.0,1.0,0.005284422920731696,0.032691020490291434,0.005438135849026832,0.024914819718959647,0.032691020490291434,0.024914819718959647,0.007776200771331787,0.023416104995299804,0.018032215104372664
0,42,-3.88560598029248,9.623635255843247,0.0,1.0,0.00177743946601841,0.040915246035635455,0.002086519351501198,0.03636821630197762,0.040915246035635455,0.03636821630197762,0.004547029733657837,0.028958734858518447,0.025758500732686478
0,42,0.3199481414714658,-5.185484864046839,0.0,-1.0,-0.013638113034787736,-0.0009592519365097113,-0.012225542558255753,-0.0010254242680812903,0.0009592519365097113,0.0010254242680812903,-6.617233157157898e-05,0.009667427047238183,0.008675119185731476
0,42,-7.126730718540365,-9.670170142535527,0.0,1.0,0.03414960092989694,0.044451339608659046,0.034058249361198056,0.03995923555516173,0.044451339608659046,0.03995923555516173,0.0044921040534973145,0.039636579296626735,0.037126169043563126
0,42,8.303928938474769,8.360326806147139,0.0,-1.0,-0.028545877009685083,-0.03939417527631173,-0.026085933715159937,-0.035605346426519247,0.03939417527631173,0.035605346426519247,0.0037888288497924805,0.03440034985252939,0.031210708354218467
0,42,-3.9113138274447934,5.779977761480225,0.0,1.0,0.01474930946463529,0.061504647361802334,0.015621668144406714,0.04427365981297421,0.061504647361802334,0.04427365981297421,0.017230987548828125,0.044723393077802355,0.03319784231579621
0,42,-2.6846402268367573,-8.617156289338345,0.0,1.0,-0.004968127628529384,0.019972826416136624,-0.0035426676475647234,0.014959151918532254,0.019972826416136624,0.014959151918532254,0.00501367449760437,0.014553282914560582,0.01087029714825747
0,42,-8.015996711748642,7.035795631007634,0.0,1.0,-0.011879016979579951,0.032781221991030784,-0.013838264494185473,0.02346126092001638,0.032781221991030784,0.02346126092001638,0.009319961071014404,0.024654812508173623,0.01926043000776621
0,42,-6.815210730860234,2.11177967273907,0.0,1.0,-0.00404763654244469,0.05428017668593077,-0.005425776023393138,0.04302628331053404,0.05428017668593077,0.04302628331053404,0.011253893375396729,0.03848844594573543,0.030665127596134083
0,42,-6.45044370843372,-4.030422227427358,0.0,1.0,0.008136711670747435,0.06181271003053135,0.006947189225545561,0.054503809674238624,0.06181271003053135,0.054503809674238624,0.007308900356292725,0.04408524241813482,0.038851825614384994
0,42,10.025814734814546,0.015749426353082185,0.0,-1.0,0.0001233986102382352,-0.026557991013111515,0.00013583456057707569,-0.02285380075890009,0.026557991013111515,0.02285380075890009,0.0037041902542114258,0.01877953825137243,0.01616036293149615
0,42,-10.328342075787164,-5.7445246984862814,0.0,1.0,0.025363280431587303,0.01714324998879868,0.022781845175880992,0.013586909055952612,0.01714324998879868,0.013586909055952612,0.0035563409328460693,0.021647020746857815,0.018756553085689
0,42,3.7750597450538717,-8.03566107768892,0.0,-1.0,-0.016556933316818845,-0.030517610391198935,-0.01627601662599243,-0.025406780322610678,0.030517610391198935,0.025406780322610678,0.005110830068588257,0.02455052529831693,0.02133557127862972
0,42,4.1278722049318795,1.7236425326037814,0.0,-1.0,-0.008117799548815884,-0.0576677183438703,-0.005285599170636333,-0.051984266452924865,0.0576677183438703,0.051984266452924865,0.005683451890945435,0.041179269107784744,0.036947946608988445
0,42,-7.839634294358781,-7.994835496545244,0.0,1.0,0.014908814837045335,0.021726034014340756,0.014682671089477205,0.014919123976346371,0.021726034014340756,0.014919123976346371,0.006806910037994385,0.018631872072306564,0.014801369709310062
0,42,-2.176355534150481,-4.229630704637337,0.0,1.0,-0.001931605966445038,0.06460351337887071,-0.0020855126098356935,0.046427822012675035,0.06460351337887071,0.046427822012675035,0.01817569136619568,0.04570199690660975,0.03286253200596704
0,42,9.026731812430551,-10.096235499432176,0.0,-1.0,0.02502185342406965,-0.02775060104646704,0.02378560093736387,-0.024046679013157102,0.02775060104646704,0.024046679013157102,0.0037039220333099365,0.02642147807386827,0.023916496226593635
0,42,9.201287498626208,6.467348973920913,0.0,-1.0,-0.019320494882714145,-0.05166599452585008,-0.018944864548694484,-0.04336479604333665,0.05166599452585008,0.04336479604333665,0.008301198482513428,0.03900420818872083,0.03346201898158991
0,42,6.050923449294647,-10.245460637180264,0.0,-1.0,0.014084170384402073,-0.02287302000924238,0.012610937280649936,-0.018961256579600655,0.02287302000924238,0.018961256579600655,0.003911763429641724,0.018993931922591367,0.01610225124282216
0,42,7.000011187872957,6.307050587477338,0.0,-1.0,-0.006337844178714178,-0.050693027373555966,-0.006007511512078664,-0.041998617049459286,0.050693027373555966,0.041998617049459286,0.00869441032409668,0.036124446661019986,0.029999783571176726
0,42,0.6538214007799983,2.2527245584169204,0.0,-1.0,0.016866560551148636,-0.011552670237807868,0.016011759164553864,-0.012378883746652244,0.011552670237807868,0.012378883746652244,-0.0008262135088443756,0.014455882097767247,0.014311065550070088
0,42,2.1909185247243084,-1.857762093436424,0.0,-1.0,0.0020496572817736945,-0.048440567951873126,-0.0025993373726433434,-0.042202509742453875,0.048440567951873126,0.042202509742453875,0.0062380582094192505,0.03428330292192371,0.029898230577567082
0,42,-1.5749276206376734,3.2283743147916972,0.0,1.0,0.0007994791562870515,0.03397839213301909,0.0029183311457947267,0.02875630999495757,0.03397839213301909,0.02875630999495757,0.0052220821380615234,0.024033001257297758,0.020438224252642547
0,42,-9.21016788926552,2.0066159190278565,0.0,1.0,-0.00832725378133059,0.046542003521407915,-0.007989400684905057,0.03530682600447066,0.046542003521407915,0.03530682600447066,0.011235177516937256,0.033432777683924435,0.02559689908772083
0,42,6.8987721856071325,-4.030188467251535,0.0,-1.0,0.00575874949590862,-0.04226775028451002,0.005557397555276754,-0.03509957649453199,0.04226775028451002,0.03509957649453199,0.007168173789978027,0.030163934672637824,0.025128320056093074
0,42,8.94517927116095,-7.107098706877821,0.0,-1.0,0.01484110338165473,-0.031048225739454816,0.013598543978473654,-0.029735731461500714,0.031048225739454816,0.029735731461500714,0.0013124942779541016,0.024333625615114447,0.023120706346097707
0,42,-7.360350617532178,-8.170431269757572,0.0,1.0,0.01499726534469565,0.01788335844674238,0.0147573641000553,0.014020649639750804,0.01788335844674238,0.014020649639750804,0.003862708806991577,0.01650352200522484,0.014393721052984273
0,42,-9.447379400049059,-6.9135261499054215,0.0,1.0,0.02093237070949902,0.019720335341707307,0.019949832843860288,0.01577733907820328,0.019720335341707307,0.01577733907820328,0.003942996263504028,0.020335385040727443,0.01798499734343276
0,42,1.936710120671636,3.8399934075490183,0.0,-1.0,0.01831379696498997,-0.05205014434761407,0.020859049407349894,-0.042121500644153376,0.05205014434761407,0.042121500644153376,0.009928643703460693,0.03901674439187832,0.03323643150741124
0,42,-3.8674975398893485,0.0961777707314635,0.0,1.0,0.00032872289247544775,0.0499604614990522,0.0013778908347311832,0.044067916514234695,0.0499604614990522,0.044067916514234695,0.005892544984817505,0.03532814580428978,0.031175951060536992
0,42,7.4611773389703835,-9.700674225252111,0.0,-1.0,0.016133218998947416,-0.028186360064518523,0.014897286887207303,-0.023370006743443084,0.028186360064518523,0.023370006743443084,0.0048163533210754395,0.022964664693335746,0.019597019821752666
0,42,-1.7793352806696792,-9.577875329736068,0.0,1.0,-0.017936119523662947,0.02341618407337598,-0.01569653460087242,0.01645996440021924,0.02341618407337598,0.01645996440021924,0.006956219673156738,0.020856918038451296,0.01608278002294488
0,42,0.5047251491119535,-8.464052635836325,0.0,-1.0,-0.010086419756454551,-0.005867771210234463,-0.007931294615310752,-0.0037476116438320273,0.005867771210234463,0.0037476116438320273,0.0021201595664024353,0.008251260584875898,0.0062028230390622436
0,42,-9.520338566989325,9.027442370972793,0.0,1.0,-0.017559304305142964,0.011890461383451456,-0.01685263908726653,0.01146768563805961,0.011890461383451456,0.01146768563805961,0.0004227757453918457,0.014995203226231423,0.014413869329555863
0,42,7.3006059474016105,8.555955326858424,0.0,-1.0,-0.007148281343585257,-0.01867782408055768,-0.008034576334363226,-0.0157393746977757,0.01867782408055768,0.0157393746977757,0.0029384493827819824,0.014141411502238901,0.012495645896665197
0,42,6.4177319316808585,5.938603459978442,0.0,-1.0,-0.011817155470881205,-0.057391185166629055,-0.009805014421972971,-0.049457389714511135,0.057391185166629055,0.049457389714511135,0.00793379545211792,0.04143303813536536,0.035652290986612135
0,42,0.30222101529342105,7.5980315499325926,0.0,-1.0,0.012691697451014339,0.0071867750131802514,0.011295711966891109,0.007385688751311775,-0.0071867750131802514,-0.007385688751311775,0.00019891373813152313,0.010313314677594103,0.009543099789120418
0,42,-2.441727210576321,2.965572557877744,0.0,1.0,0.008826241010433833,0.05700480678271769,0.006882581973082225,0.0545505259294462,0.05700480678271769,0.0545505259294462,0.0024542808532714844,0.04078878845166427,0.03887884909430434
0,42,-7.654541954241452,-0.47008463243289,0.0,1.0,-0.005544055071438025,0.07604970873061623,-0.004662893530691336,0.06900938690368141,0.07604970873061623,0.06900938690368141,0.0070403218269348145,0.05391796891875056,0.04890827157496244
0,42,-5.6826071679832,-2.815234528989734,0.0,1.0,-0.011285095345509262,0.08320704842257176,-0.01130651203943512,0.07584200049090062,0.08320704842257176,0.07584200049090062,0.007365047931671143,0.05937493698587577,0.054221057961642824
0,42,-3.66553761427108,-2.561261385117996,0.0,1.0,0.0013496538855876095,0.08377536796686025,0.0002602784194792873,0.06602444910165639,0.08377536796686025,0.06602444910165639,0.017750918865203857,0.059245817757854084,0.04668669844844922
0,42,-0.40563329788069247,-3.647143663181442,0.0,1.0,-0.017817082353171018,0.0027633819007857052,-0.020182492681082395,-0.0015082147693650516,0.0027633819007857052,-0.0015082147693650516,0.004271596670150757,0.012749209840403211,0.014310969963850726
0,42,0.6953139108282507,2.8243596636864403,0.0,-1.0,0.008225010739897558,-0.02071718475062856,0.008506922083233663,-0.014505900202584354,0.02071718475062856,0.014505900202584354,0.006211284548044205,0.015761544113174743,0.011890939071779514
0,42,4.991232363685784,-6.323589037100203,0.0,-1.0,0.006146894907480174,-0.04837330444481408,0.0039149840827044785,-0.04316591485168969,0.04837330444481408,0.04316591485168969,0.00520738959312439,0.03448014573572939,0.03064819167056316
0,42,7.66490037563732,-7.817427322737615,0.0,-1.0,0.015345876854824747,-0.04896125655345673,0.015160182309317316,-0.03922725181751008,0.04896125655345673,0.03922725181751008,0.009734004735946655,0.03628154199959571,0.029737252838872703
0,42,-8.603788998161857,4.796219429026177,0.0,1.0,-0.00855179639435626,0.03416554822880208,-0.009183071049817571,0.026641296290935867,0.03416554822880208,0.026641296290935867,0.007524251937866211,0.02490399473322629,0.019925956212531317
0,42,9.263262200917122,-7.704699688194604,0.0,-1.0,0.0135245062532432,-0.018863708964202475,0.012328041729570142,-0.01649734496197469,0.018863708964202475,0.01649734496197469,0.002366364002227783,0.016412674755812155,0.014562674954835986
0,42,-6.984713667695993,1.3801321027565319,0.0,1.0,-0.007926263342933216,0.08077730956134466,-0.009080725916983046,0.07487615170535711,0.08077730956134466,0.07487615170535711,0.005901157855987549,0.05739250556715062,0.05333337452938366
0,42,-0.7227796825420025,0.48090139907755436,0.0,1.0,-0.0033034571602708618,0.020283055075811407,-0.0026511979445583145,0.018373679885076544,0.020283055075811407,0.018373679885076544,0.0019093751907348633,0.014531262030844804,0.013126708708973788
0,42,6.358635130229882,-0.1667359065950471,0.0,-1.0,0.002694474999540124,-0.09263902126481094,0.003166592680596385,-0.08392458378006973,0.09263902126481094,0.08392458378006973,0.008714437484741211,0.06553338254822973,0.05938586983392072
0,42,9.163315929678593,-8.080260835301035,0.0,-1.0,0.016459586497669834,-0.01747661403991857,0.016003784191136974,-0.014084930938264517,0.01747661403991857,0.014084930938264517,0.0033916831016540527,0.016975718334941735,0.015074919369140365
0,42,5.829041240845427,3.638487231299287,0.0,-1.0,-0.0035712924561771345,-0.06394328271258592,-0.001947591151979823,-0.05966045056689501,0.06394328271258592,0.05966045056689501,0.004282832145690918,0.0452851936833069,0.042208781510132416
0,42,-2.8857766206389526,-3.9429550315610946,0.0,1.0,0.003845907650020186,0.04406626724873203,0.0029120518780017535,0.033319728609663424,0.04406626724873203,0.033319728609663424,0.010746538639068604,0.031278002772628856,0.02365041607204614
0,42,-2.479330905276294,4.880579457277834,0.0,1.0,0.004702482389575768,0.05601122890632032,0.005868311988479424,0.046988844024347054,0.05601122890632032,0.046988844024347054,0.009022384881973267,0.039745258234288046,0.03348423919053968
0,42,-2.6272309987910383,10.340407921317674,0.0,1.0,0.0008108733866027673,0.02339163258317356,-0.0017617226865478675,0.019901333596738624,0.02339163258317356,0.019901333596738624,0.0034902989864349365,0.01655031707483708,0.014127397951374042
0,42,9.587411430727347,-8.106928503598777,0.0,-1.0,0.020039986789628074,-0.030107213452493398,0.017907215252920196,-0.024703605368768422,0.030107213452493398,0.024703605368768422,0.005403608083724976,0.025573867251576045,0.021574712933550955
0,42,3.9543518046370494,-10.363054394320244,0.0,-1.0,0.0008054940256914112,-0.015672621039591106,0.003454369142993352,-0.012743633894167217,0.015672621039591106,0.012743633894167217,0.002928987145423889,0.011096843489841118,0.009336296669574938
0,42,6.914396977061166,-4.348405230670405,0.0,-1.0,0.0031477372135934045,-0.06998966718380178,5.856258533565306e-05,-0.06515346551601614,0.06998966718380178,0.06515346551601614,0.0048362016677856445,0.0495401946002697,0.04607047589467199
0,42,8.057601230362998,-4.591718157498593,0.0,-1.0,0.016708823139537442,-0.05068835107569308,0.016127404044140446,-0.04439725963358493,0.05068835107569308,0.04439725963358493,0.006291091442108154,0.03773919517875983,0.03340067232987165
0,42,-8.363170519383363,10.605449980365613,0.0,1.0,-0.024793843608444138,0.03263372893295585,-0.02375917030507843,0.030228741120913616,0.03263372893295585,0.030228741120913616,0.0024049878120422363,0.02898012202311807,0.02718708299304041
0,42,5.881027311424418,-6.412842389889152,0.0,-1.0,0.0029557782073951974,-0.02754551211538464,0.001328761394832255,-0.02418974081220776,0.02754551211538464,0.02418974081220776,0.00335577130317688,0.019589434173938183,0.01713051615401863
0,42,3.3205525391289115,-9.856053995326276,0.0,-1.0,0.0047394413442551075,-0.014112122889211043,0.0045435208768783986,-0.012651555772473677,0.014112122889211043,0.012651555772473677,0.0014605671167373657,0.010526497914687223,0.009505404920955285
0,42,-9.52679717276722,2.2507984890002994,0.0,1.0,-0.009350276693292116,0.043341434168251036,-0.009075380537249302,0.03790102021637726,0.043341434168251036,0.03790102021637726,0.005440413951873779,0.03135209394922419,0.027557665588163676
0,42,-5.5554772656818665,7.424569995153238,0.0,1.0,-0.00032264724478914264,0.03043113396431585,-0.000822432191230793,0.026685637691275077,0.03043113396431585,0.026685637691275077,0.0037454962730407715,0.021519270614947753,0.018878554681161026
0,42,6.395164984034594,9.09020243548921,0.0,-1.0,-0.010151769405932515,-0.029023398447435067,-0.009724746829600422,-0.027746994781892464,0.029023398447435067,0.027746994781892464,0.0012764036655426025,0.02174184996165004,0.020790219098487047
0,42,4.209858044342278,7.181723763461122,0.0,-1.0,-0.0015635183934578495,-0.01753258536006852,-0.0008747122172722416,-0.014067722655791481,0.01753258536006852,0.014067722655791481,0.0034648627042770386,0.01244660875850868,0.009966592752373157
0,42,-6.336816132786612,-7.969976870713895,0.0,1.0,0.012318481832284595,0.07486554788744093,0.011898932188291217,0.06489988969957472,0.07486554788744093,0.06489988969957472,0.009965658187866211,0.053649768196792035,0.04665608358102144
0,42,5.209989551291665,2.7626147987015184,0.0,-1.0,0.004508498647747262,-0.0549115165002918,0.005625161865291817,-0.04325409967976568,0.0549115165002918,0.04325409967976568,0.011657416820526123,0.03895896048676452,0.030842824004278846
0,42,-7.32636086031785,4.985451154696179,0.0,1.0,-0.006949641951506484,0.06729037688794826,-0.008650238835399497,0.05230243133130763,0.06729037688794826,0.05230243133130763,0.014987945556640625,0.0478345708926936,0.03748580368003068
0,42,-4.871135150383254,4.460253793919023,0.0,1.0,-0.003850600217925569,0.02244378144294168,-0.00400243559991028,0.01917840058356668,0.02244378144294168,0.01917840058356668,0.003265380859375,0.016102025454842968,0.013853348686782917
0,42,-9.724568887869856,8.162691872709125,0.0,1.0,-0.02876917518346063,0.03150392036446692,-0.028856015425608075,0.029299204158869996,0.03150392036446692,0.029299204158869996,0.002204716205596924,0.03016755242862205,0.029078454142079803
0,42,-6.945689077013185,-8.675498720781897,0.0,1.0,0.02081537931215184,0.038001148502315174,0.018640726199263505,0.03455003956982006,0.038001148502315174,0.03455003956982006,0.003451108932495117,0.03063794463899112,0.027759520056298167
0,42,10.200072111399752,-0.8805427133647594,0.0,-1.0,0.004728164504101625,-0.03835009831469455,0.005352997899806252,-0.03184928792994418,0.03835009831469455,0.03184928792994418,0.006500810384750366,0.027322935240604952,0.022836721833045765
0,42,9.477549987826528,-4.2212598788522495,0.0,-1.0,0.014238952570142408,-0.05736475945513658,0.014828410842003484,-0.05043822289507799,0.05736475945513658,0.05043822289507799,0.006926536560058594,0.04179391940007809,0.03717456184619273
0,42,4.245028464479743,3.171047410956067,0.0,-1.0,0.0010884646494554867,-0.02936588419868047,0.0022893678565191616,-0.02420829428626592,0.02936588419868047,0.02420829428626592,0.005157589912414551,0.020779074932049137,0.017194224574445312
0,42,-4.715660972398449,-4.149821529926556,0.0,1.0,-0.003889972178475129,0.07443909466542509,-0.0015771256966750496,0.06621109068669584,0.07443909466542509,0.06621109068669584,0.008228003978729248,0.05270820950363154,0.04683159112919917
0,42,-3.8876879841123086,-9.85824000661904,0.0,1.0,0.012401236454282927,0.050020422564050704,0.011107145110403227,0.04166850052883342,0.050020422564050704,0.04166850052883342,0.008351922035217285,0.03644059096036471,0.030492889407408946
0,42,-2.96088491931238,0.2706955338536723,0.0,1.0,0.006065938567229631,0.06403955250885374,0.00671236607381058,0.04871874481346494,0.06403955250885374,0.04871874481346494,0.015320807695388794,0.04548549162225049,0.03477478939194571
0,42,0.43082483915342884,6.371930474242834,0.0,-1.0,0.02464378765390414,-0.012552705671703747,0.0252951695637514,-0.011167991053378514,0.012552705671703747,0.011167991053378514,0.0013847146183252335,0.01955615874361759,0.019552105096731626
0,42,7.1690199463915825,-0.12448384283541358,0.0,-1.0,-0.0040614597008723705,-0.03842895304387023,-0.0036485461958844154,-0.0330472794694226,0.03842895304387023,0.0330472794694226,0.005381673574447632,0.027324713053843704,0.023509940128311927
0,42,-3.954569927045159,5.156961494962809,0.0,1.0,0.008626362302893167,0.02244314871716313,0.008229678490751749,0.018419388159988448,0.02244314871716313,0.018419388159988448,0.004023760557174683,0.017001603614387045,0.01426536834872245
0,42,6.952090767326759,7.576270066655621,0.0,-1.0,-0.013196100585437923,-0.05262223223714102,-0.014561151258922725,-0.04324761370686758,0.05262223223714102,0.04324761370686758,0.009374618530273438,0.03836167616437399,0.03226750081214586
0,42,-2.870321341252775,9.74113738205931,0.0,1.0,-0.0012875541815859232,0.006414531909087667,-0.0019573613772493753,0.003072022639373312,0.006414531909087667,0.003072022639373312,0.0033425092697143555,0.004626230397592799,0.0025757121983996717
0,42,5.78194242304988,-4.016868862361214,0.0,-1.0,0.003978679570026442,-0.07988993966513935,0.0020309897685718975,-0.07333319032126728,0.07988993966513935,0.07333319032126728,0.00655674934387207,0.05656072997593185,0.0518742793787791
0,42,4.364668979834152,-2.383245878463793,0.0,-1.0,-0.004218054254659841,-0.07637549003520905,-0.004296266724476049,-0.06354070266643463,0.07637549003520905,0.06354070266643463,0.012834787368774414,0.05408792591611168,0.04503264817391985
0,42,-10.396522355249408,-6.182218401201161,0.0,1.0,0.036903133708558654,0.023995150021162814,0.03596468139397321,0.02063505738123972,0.023995150021162814,0.02063505738123972,0.0033600926399230957,0.031125620492207604,0.02931948073292788
0,42,-7.144930724786795,-7.09912726764265,0.0,1.0,0.012404205197143928,0.03868314879186757,0.014547193342495338,0.031899275949078876,0.03868314879186757,0.031899275949078876,0.006783872842788696,0.02872499179309385,0.024790972552719896
0,42,10.393561264742953,1.189291411486673,0.0,-1.0,-0.0020528587399180377,-0.023684909573732205,-0.0035144852360840285,-0.022303840151964016,0.023684909573732205,0.022303840151964016,0.0013810694217681885,0.01681054982030524,0.01596578986456691
0,42,10.418819073024807,-7.6157099792053256,0.0,-1.0,0.024637585348163172,-0.026414031388948156,0.023349131765488907,-0.02430453360337992,0.026414031388948156,0.02430453360337992,0.0021094977855682373,0.02554125746712917,0.02383162088360742
0,42,1.836868902407227,-0.14258094772049823,0.0,-1.0,-0.009819305499988353,-0.030686960388666987,-0.008173482956337488,-0.026145190764910578,0.030686960388666987,0.026145190764910578,0.004541769623756409,0.02278275991180303,0.019369780894102864
0,42,-5.446796690884534,7.3008913880086475,0.0,1.0,-0.009426295362385415,0.05445431344262369,-0.00784309913960328,0.05009524695626505,0.05445431344262369,0.05009524695626505,0.004359066486358643,0.03907766175685564,0.035854204577167995
0,42,3.1692602659067255,3.6166399573272745,0.0,-1.0,0.005176357537187828,-0.04766957930571536,0.0040307711657660145,-0.0386384623432825,0.04766957930571536,0.0386384623432825,0.009031116962432861,0.03390562983146521,0.027469782383958107
0,42,-9.389729464992318,-2.8344313628387505,0.0,1.0,0.005653101453504384,0.05773822922048255,0.006121357405505002,0.05247949022588416,0.05773822922048255,0.05247949022588416,0.005258738994598389,0.04102231508313858,0.037360192122462395
0,42,-3.432629629486141,7.31981333149983,0.0,1.0,0.020189699059949273,0.03659094358412818,0.01703084660194909,0.03264639759985999,0.03659094358412818,0.03264639759985999,0.0039445459842681885,0.029550982221477576,0.026036868208631245
0,42,5.708053419270652,7.479959072013806,0.0,-1.0,-0.004952349760659003,-0.04532231883272675,-0.007261359193451666,-0.04017298416361359,0.04532231883272675,0.04017298416361359,0.005149334669113159,0.032238473541152946,0.02886690140928078
0,42,-3.387277740600833,-0.025138385498991056,0.0,1.0,-0.004167109842377655,0.07602171685884579,-0.0053692274940786286,0.06681497481058224,0.07602171685884579,0.06681497481058224,0.00920674204826355,0.053836169248029524,0.04739762368949475
0,42,-8.393765092775999,-2.155652411444775,0.0,1.0,0.005104917606920504,0.032713957498471835,0.00405657621344974,0.024672963092725375,0.032713957498471835,0.024672963092725375,0.00804099440574646,0.023412210478565117,0.017680652113970723
0,42,2.780047345351827,-6.852645547382638,0.0,-1.0,-0.009373037997391323,-0.027876200085283354,-0.008839039984848598,-0.02454163313448532,0.027876200085283354,0.02454163313448532,0.0033345669507980347,0.02079586945159174,0.018444787675132236
0,42,-6.553111311948087,-10.097008102384907,0.0,1.0,0.018847888429789655,0.01419271573880554,0.018423667271762006,0.01204030260899902,0.01419271573880554,0.01204030260899902,0.0021524131298065186,0.01668346604132872,0.015562782570235682
0,42,-10.469049020771315,-4.7167964987130295,0.0,1.0,0.016354092762767045,0.02704187261538471,0.018101946816741196,0.02147330867724384,0.02704187261538471,0.02147330867724384,0.005568563938140869,0.02234635568319679,0.019859298377640666
0,42,2.8424668221896425,10.237869058163056,0.0,-1.0,-0.0036902473989147144,-0.020040773951070817,-0.00486051009327354,-0.015675985418813737,0.020040773951070817,0.015675985418813737,0.00436478853225708,0.014409207931442925,0.011605194466653174
0,42,-0.47797649977476375,5.555166687064439,0.0,1.0,0.006407042347196815,-0.001962729712376904,0.007016157113317725,-0.0016864472826817745,-0.001962729712376904,-0.0016864472826817745,-0.0002762824296951294,0.004738274979495196,0.00510247807815103
0,42,7.794144332226111,-8.19988215058584,0.0,-1.0,0.017495198478506523,-0.04112798176738319,0.014607230504558998,-0.03387701712581215,0.04112798176738319,0.03387701712581215,0.007250964641571045,0.03160374071261614,0.02608661986877457
0,42,-1.2730520502528933,1.1283998845389966,0.0,1.0,-0.002554515290993594,0.02514630073458396,-0.004033079285162829,0.019648666323725805,0.02514630073458396,0.019648666323725805,0.005497634410858154,0.017872632556594145,0.014183367315654031
0,42,9.983076528860362,10.296773984332912,0.0,-1.0,-0.030363765251155403,-0.026125228900327258,-0.027882860679443386,-0.02385590125979381,0.026125228900327258,0.02385590125979381,0.0022693276405334473,0.028323892964436992,0.0259476197808805
0,42,-7.992371230364556,-9.754393724937607,0.0,1.0,0.024372065679645463,0.02543284701909171,0.02414779202780716,0.022365472789660557,0.02543284701909171,0.022365472789660557,0.0030673742294311523,0.024908104032517954,0.023273700102511355
0,42,-0.21886964052987423,10.317217342628386,0.0,1.0,0.007495943211628386,0.010636457938926175,0.004923585557056853,0.010105238992946103,0.010636457938926175,0.010105238992946103,0.000531218945980072,0.009201179329806134,0.007948507716616284
0,42,9.024463230389866,6.8545510053656,0.0,-1.0,-0.01379595629279843,-0.0151662302680316,-0.013627759435822874,-0.012095637387782576,0.0151662302680316,0.012095637387782576,0.0030705928802490234,0.014497291998434783,0.012884492055517421
0,42,7.765566831471791,5.08766659101857,0.0,-1.0,-0.012795718672289291,-0.043571823318744096,-0.011282943474664131,-0.039044135292315874,0.043571823318744096,0.039044135292315874,0.004527688026428223,0.032111012158294115,0.028738035024833655
0,42,-9.584046238659685,-5.640848526650874,0.0,1.0,0.02000055964987453,0.05594916046828069,0.02118767369489845,0.03679240645140447,0.05594916046828069,0.03679240645140447,0.01915675401687622,0.04201387237219162,0.030021647931841124
0,42,8.406824637818676,3.6465914850806964,0.0,-1.0,-0.005200664340297874,-0.04903958524789681,-0.007049838839809593,-0.0438041516694056,0.04903958524789681,0.0438041516694056,0.005235433578491211,0.0348706741465245,0.03137279021017717
0,42,-4.272235707458284,1.9192102267697333,0.0,1.0,-0.002068787991933368,0.07326341767437566,-0.003005274750225089,0.06736255784161199,0.07326341767437566,0.06736255784161199,0.005900859832763672,0.05182570912725454,0.04767990077217476
0,42,-4.784730569031871,8.213941162710402,0.0,1.0,0.0019192767608483818,0.04510084735361386,-0.00042762632486023633,0.03963629352060605,0.04510084735361386,0.03963629352060605,0.0054645538330078125,0.03191997850327214,0.028028723020549387
0,42,-8.822316505381192,-3.358886109743631,0.0,1.0,0.013609404579529631,0.06442425133423435,0.013707750380763876,0.05273268105225193,0.06442425133423435,0.05273268105225193,0.011691570281982422,0.04656017640100775,0.038526861223436445
0,42,10.573051855080951,4.268509943425441,0.0,-1.0,-0.013704235630249723,-0.03440196065076051,-0.014466292655235274,-0.03224388507970033,0.03440196065076051,0.03224388507970033,0.0021580755710601807,0.026184928592855476,0.02498941524145609
0,42,-7.769318091496547,-2.8605659046047265,0.0,1.0,0.0033665224604144117,0.039795529213129954,0.002925600825978758,0.03149945673006721,0.039795529213129954,0.03149945673006721,0.008296072483062744,0.02824019846627812,0.022369341904516817
0,42,5.1490012716474585,1.9282313244515894,0.0,-1.0,0.011593381746319296,-0.09069118177229296,0.0164201193141017,-0.0739480880432738,0.09069118177229296,0.0739480880432738,0.016743093729019165,0.06465020089516726,0.05356276712206488
0,42,-4.262893811973047,-5.495571363022936,0.0,1.0,-0.003642057223973566,0.0599892528497834,-0.005343687875924402,0.053236046596731645,0.0599892528497834,0.053236046596731645,0.006753206253051758,0.0424969118777938,0.037832734882404975
0,42,-7.321503953597341,7.953786120704503,0.0,1.0,-0.002373679372618974,0.0466004061730485,-0.003817765805075944,0.03676409006434489,0.0466004061730485,0.03676409006434489,0.009836316108703613,0.03299418289075435,0.026135929809379937
0,42,1.3065848848298742,6.20414909399997,0.0,-1.0,0.016442524251558344,-0.024304384543108112,0.014502273854829828,-0.017782377256559498,0.024304384543108112,0.017782377256559498,0.0065220072865486145,0.020749213380058012,0.01622542584734042
0,42,-1.3092271276764649,-0.5045071921948736,0.0,1.0,-0.0006797500305105002,0.015174992762634787,3.5406986601278084e-05,0.014462851368019614,0.015174992762634787,0.014462851368019614,0.0007121413946151733,0.01074110016362377,0.010226810923942198
0,42,3.7100125399325403,6.685735611474133,0.0,-1.0,0.001162140660735736,-0.02224597689802174,0.00022652655169642932,-0.01745343563253407,0.02224597689802174,0.01745343563253407,0.004792541265487671,0.01575173100110988,0.012342482117824466
0,42,-8.459329963633394,3.2494341671028,0.0,1.0,-0.004800006066645962,0.020569280912915044,-0.005562927824642044,0.01686401777509766,0.020569280912915044,0.01686401777509766,0.003705263137817383,0.014935450704854025,0.012556696649616622
0,42,-2.2497157526054075,-1.771957489741995,0.0,1.0,0.0007855897215828488,0.020093471655374312,-0.0006798053713813236,0.018066079267984175,0.020093471655374312,0.018066079267984175,0.0020273923873901367,0.014219084963104825,0.012783687954969147
0,42,-8.243096138090914,7.708364999360818,0.0,1.0,-0.013267164761650532,0.010075051755515263,-0.013246169025528401,0.008765150279608891,0.010075051755515263,0.008765150279608891,0.001309901475906372,0.011779735325742526,0.011231403591648639
0,42,0.1735477110445185,-0.22307130765164018,0.0,-1.0,-0.02411632481830139,-0.003571622506468794,-0.02493068957569022,-0.002460923478692076,0.003571622506468794,0.002460923478692076,0.0011106990277767181,0.017238816810769438,0.01771433638451363
0,42,-5.092341106677836,-3.771891217229542,0.0,1.0,0.0007165255187626118,0.07995503617196587,0.0018610390065784688,0.06664108706384209,0.07995503617196587,0.06664108706384209,0.01331394910812378,0.05653901846547837,0.04714073584085524
0,42,-3.596687251180983,9.145219941761525,0.0,1.0,-0.0034995197558374824,0.018102390554158188,-0.0037371187710733833,0.014669103410450912,0.018102390554158188,0.014669103410450912,0.0034332871437072754,0.013037315335159543,0.01070393973207089
0,42,-0.8336045802379992,4.495385619701199,0.0,1.0,0.0132402085258672,0.0020421787425369264,0.01302820970556233,-0.0007813677862792967,0.0020421787425369264,-0.0007813677862792967,0.002823546528816223,0.009472951383410456,0.009228888983771109
0,42,-8.273713818888602,2.553045827280087,0.0,1.0,-0.010918958860046452,0.07497594309208166,-0.009948242155431991,0.060074960712168335,0.07497594309208166,0.060074960712168335,0.01490098237991333,0.05357525410641771,0.04305791696396659
0,42,-7.166345799343146,5.799632103045749,0.0,1.0,-0.013203827175507853,0.05007237165038403,-0.012685803207764933,0.04083913533751782,0.05007237165038403,0.04083913533751782,0.009233236312866211,0.0366168230105703,0.030238754753976194
0,42,-5.221642217091956,8.898924742080418,0.0,1.0,-5.0674245415938124e-05,0.04150858824357462,-0.0018222360468495014,0.03799295728311014,0.04150858824357462,0.03799295728311014,0.0035156309604644775,0.029351026096661164,0.026895960173664277
0,42,2.197660751755313,10.298292268048822,0.0,-1.0,0.00690238242002561,-0.021071327057616607,0.004274979876004004,-0.016862985816733733,0.021071327057616607,0.016862985816733733,0.0042083412408828735,0.015678707010485977,0.012301132947732949
0,42,-3.87505074560334,-8.964752407918155,0.0,1.0,0.009255044152697664,0.015437909696457697,0.010515809049567323,0.011947640512345148,0.015437909696457697,0.011947640512345148,0.003490269184112549,0.012727625427870782,0.011254518065630199
0,42,-6.949596970445564,0.15496222962383932,0.0,1.0,-0.0009975114741351465,0.01979310084892738,-0.0015081360840227464,0.01561296750618446,0.01979310084892738,0.01561296750618446,0.00418013334274292,0.014013598223811775,0.011091420756537535
0,42,-10.539316134399582,-10.27217018280399,0.0,1.0,0.015871029226822386,0.010881573922584431,0.015383253684980402,0.010758520133445637,0.010881573922584431,0.010758520133445637,0.00012305378913879395,0.013606950792725751,0.0132738511630615
0,42,-4.361236027856588,3.4767749535104784,0.0,1.0,-0.00439769066372931,0.06684447930880133,-0.0035968873600107434,0.05450143025942389,0.06684447930880133,0.05450143025942389,0.012343049049377441,0.047368365483931474,0.03862216655628896
0,42,1.137686475016162,-2.206352540200518,0.0,-1.0,-0.0035526492095319107,-0.01890051258911432,-0.0034113675749627426,-0.011301278008120669,0.01890051258911432,0.011301278008120669,0.007599234580993652,0.013598725906077684,0.008347344288704614
0,42,4.79736700909417,1.4223576670595204,0.0,-1.0,0.010182921531904542,-0.07770541349445725,0.011341477501500451,-0.0647566322425499,0.07770541349445725,0.0647566322425499,0.012948781251907349,0.05541580630681785,0.04648682894817571
0,42,10.272103841264485,-1.7153767533697213,0.0,-1.0,0.009140367646577833,-0.05018624628686624,0.008382089462938783,-0.04413518274926859,0.05018624628686624,0.04413518274926859,0.006051063537597656,0.0360708028541132,0.03176612803030962
0,42,-10.359501739250456,6.290295112463596,0.0,1.0,-0.021081993468923133,0.02924454497456752,-0.021886438243908447,0.027203562728168595,0.02924454497456752,0.027203562728168595,0.0020409822463989258,0.02549209543557787,0.024688560145438028
0,42,-1.9557226910030359,-8.625543354383465,0.0,1.0,-0.003737003027267788,0.010967350164048428,-0.002284065305061672,0.01116006688176846,0.010967350164048428,0.01116006688176846,-0.00019271671772003174,0.00819292259351514,0.008054937837231635
0,42,4.911396124667066,6.012604814580666,0.0,-1.0,0.011661438635420296,-0.04893195818442064,0.010149760535788033,-0.037707271084963856,0.04893195818442064,0.037707271084963856,0.011224687099456787,0.03556912764469747,0.02761209817823332
0,42,-8.401512864533132,8.58400705948003,0.0,1.0,-0.021176358820729838,0.02227768152947801,-0.020989840986066446,0.019552259147123274,0.02227768152947801,0.019552259147123274,0.0027254223823547363,0.021733997184516567,0.020283789862555527
0,42,-7.163625627084553,3.921749721324753,0.0,1.0,-0.010482495303443685,0.07302680510150661,-0.008919438000015035,0.06385281580554714,0.07302680510150661,0.06385281580554714,0.009173989295959473,0.05216702488699231,0.04558913500239527
0,42,9.66611183266382,-5.448299176243917,0.0,-1.0,0.0143671373561121,-0.0204295658092411,0.013379125176379777,-0.016839667461386487,0.0204295658092411,0.016839667461386487,0.0035898983478546143,0.017660433105724006,0.0152081456906376
0,42,5.386705031104583,8.096614883796509,0.0,-1.0,-0.005031543924821746,-0.04524859375612217,-0.004588502600206268,-0.037961270281238135,0.04524859375612217,0.037961270281238135,0.007287323474884033,0.03219279167122656,0.027038050941934712
0,42,-0.6711131171829319,-5.111650100505633,0.0,1.0,0.0037264205142778367,0.008914002156028611,0.0021092198416513414,0.008858033394584519,0.008914002156028611,0.008858033394584519,5.59687614440918e-05,0.006831751030552615,0.006438694120704533
0,42,-0.0954809401816572,-8.2723834973788,0.0,1.0,-0.01831180105690461,0.002064678759541333,-0.015086832146687323,0.00048827001568299555,0.002064678759541333,0.00048827001568299555,0.0015764087438583374,0.013030444281139341,0.010673586834577519
0,42,-4.360837474706162,5.626796662757922,0.0,1.0,-0.0009867751226846633,0.043888098881602444,-0.0005323567614976821,0.032376743243098416,0.043888098881602444,0.032376743243098416,0.011511355638504028,0.031041415468564437,0.022896909253773
0,42,8.534466471541592,10.296572689214386,0.0,-1.0,-0.009125242206113326,-0.01166914383195472,-0.009372724416511047,-0.009605958855376961,0.01166914383195472,0.009605958855376961,0.002063184976577759,0.010474706752245594,0.0094900581799865
0,42,-7.111781961373666,-5.24306135446019,0.0,1.0,0.009023485966339423,0.05587641990357428,0.010026799775972678,0.04624305761033087,0.05587641990357428,0.04624305761033087,0.009633362293243408,0.04002247868526684,0.03345860943688355
0,42,-8.491171758621487,-5.0032810805649195,0.0,1.0,0.011422314735497055,0.04089927489537676,0.012557690086210785,0.033232150623983936,0.04089927489537676,0.033232150623983936,0.007667124271392822,0.030026821017919536,0.0251204241146171
0,42,9.63014019250096,-7.148637105269856,0.0,-1.0,0.02518723887863876,-0.04177887770304145,0.025887625119717136,-0.03180234166750373,0.04177887770304145,0.03180234166750373,0.00997653603553772,0.03449544625349341,0.028996190007272108
0,42,-6.2107006013723245,-5.244567230651948,0.0,1.0,0.010626495568328224,0.026395113151079008,0.009907667277627312,0.024950356166368315,0.026395113151079008,0.024950356166368315,0.0014447569847106934,0.020119945406510964,0.018982651865753642
0,42,6.76370704138186,5.134056532631389,0.0,-1.0,0.0011477683095173843,-0.07294564123213465,0.00106700401584673,-0.05816488142073328,0.07294564123213465,0.05816488142073328,0.014780759811401367,0.051586742225399516,0.04113570181884464
0,42,2.9538936696879965,-10.575414528695822,0.0,-1.0,0.012423832201929635,-0.00212918049841182,0.011618670308561868,-0.0010894519761111,0.00212918049841182,0.0010894519761111,0.0010397285223007202,0.008913052680662248,0.008251678779112452
0,42,-7.882720664732345,-7.387691319674447,0.0,1.0,0.005497199274968251,0.05271520126284934,0.009318762250613316,0.04261853206576682,0.05271520126284934,0.04261853206576682,0.01009666919708252,0.03747740415271197,0.03084784113454498
0,42,2.118421354014229,-0.5783119212163239,0.0,-1.0,-0.00045749265917551483,-0.018965376578352178,0.00015405099621999298,-0.01478405114271375,0.018965376578352178,0.01478405114271375,0.004181325435638428,0.013414447590040911,0.01045447033330269
0,42,-3.3421694736718814,-6.858405737180849,0.0,1.0,-0.013882634671097807,0.05142004999610028,-0.013676432402497343,0.03980489286871991,0.05142004999610028,0.03980489286871991,0.011615157127380371,0.0376613136189686,0.029761336491750067
0,42,8.339950128168638,5.304132811241825,0.0,-1.0,-0.009422007131628687,-0.020221541226456308,-0.007475796270422632,-0.015966872275421762,0.020221541226456308,0.015966872275421762,0.004254668951034546,0.015774741645455465,0.012466525982335597
0,42,9.50966025142812,-2.8402301234787224,0.0,-1.0,0.008211772993313922,-0.052638368888541176,0.00926865973706807,-0.04848922996108146,0.052638368888541176,0.04848922996108146,0.004149138927459717,0.03767115006832058,0.034907832040533444
0,42,3.5589845050364755,3.3045881843068585,0.0,-1.0,-0.0021087354035164013,-0.048606473810065165,-0.003467587193944563,-0.039162177450049296,0.048606473810065165,0.039162177450049296,0.00944429636001587,0.034402296880081965,0.027800182585522328
0,42,-10.204457365034212,-3.6856969522869987,0.0,1.0,0.00993909258314625,0.03616845347833819,0.010054990089621699,0.03206181266260333,0.03616845347833819,0.03206181266260333,0.004106640815734863,0.026523033276673567,0.02375986802272123
0,42,-5.435374389313778,8.768841968197222,0.0,1.0,-0.004255842968532361,0.021845478815008035,-0.00448169986874751,0.017898369831014505,0.021845478815008035,0.017898369831014505,0.00394710898399353,0.015737489380930034,0.013046786507054172
0,42,-1.9127794643904927,-5.974001027611555,0.0,1.0,-0.015143447865897067,0.021917118752222547,-0.014812604834490664,0.01857878180764247,0.021917118752222547,0.01857878180764247,0.003338336944580078,0.018837251759030133,0.016801553431733077
0,42,-2.3360541984004772,10.594927173238183,0.0,1.0,0.0022864392069280037,0.017603007510648416,-0.00016863140788675457,0.011999515250669168,0.017603007510648416,0.011999515250669168,0.005603492259979248,0.012551766363084561,0.008485776417122002
0,42,-7.352909504325606,-1.640411644461663,0.0,1.0,0.004964457150535402,0.08323957309688523,0.003764835443334398,0.0772148548122783,0.08323957309688523,0.0772148548122783,0.006024718284606934,0.05896385487801489,0.05466400913579521
0,42,9.198685794828119,10.216943052427936,0.0,-1.0,-0.018793054923944036,-0.017132215404780493,-0.017283276722363988,-0.015666596794398413,0.017132215404780493,0.015666596794398413,0.00146561861038208,0.01798182023670261,0.016494755369208473
0,42,8.17763728007007,3.4732096047732988,0.0,-1.0,-0.003892928660608669,-0.03817853111573616,-0.006209587977029224,-0.029919979756559523,0.03817853111573616,0.029919979756559523,0.008258551359176636,0.027136277671337153,0.021607454402096948
0,42,1.1088747827315846,0.016279861224063552,0.0,-1.0,0.01037976187011386,-0.01645792299505318,0.009592337480840932,-0.012504838645420915,0.01645792299505318,0.012504838645420915,0.003953084349632263,0.013758682454933136,0.011144144827988332
0,42,3.244432341449855,10.455374512095336,0.0,-1.0,-0.00674572668697096,-0.010956701323493606,-0.007408500534550916,-0.009816896602615005,0.010956701323493606,0.009816896602615005,0.001139804720878601,0.009098190271355033,0.008696474546529623
0,42,10.128609749219851,-3.860372966054676,0.0,-1.0,0.013265706868502904,-0.042740373791207154,0.014722470929506827,-0.0373972644219292,0.042740373791207154,0.0373972644219292,0.005343109369277954,0.031644261174288396,0.028419241162580898
0,42,-1.5984111400445666,-9.531870623578788,0.0,1.0,-0.0009772024375398203,0.014021709515790043,0.0025619574564497427,0.01030029351923853,0.014021709515790043,0.01030029351923853,0.0037214159965515137,0.00993889486686349,0.007505320532499784
0,42,-8.582550999822747,-7.362217829175117,0.0,1.0,0.0195071047858617,0.05293971131878539,0.023049598814668386,0.03979980777340575,0.05293971131878539,0.03979980777340575,0.013139903545379639,0.03989448691011655,0.03252159824114746
0,42,-9.189776906034778,-9.502378214627312,0.0,1.0,0.01975919324532341,0.007048510761749838,0.018694400969894637,0.006015770884049032,0.007048510761749838,0.006015770884049032,0.0010327398777008057,0.014834204084893424,0.013886506525267066
0,42,-1.3532039248623278,5.835468306804472,0.0,1.0,0.01089785782227573,0.012479546461132418,0.01264729139933643,0.008746403250721346,0.012479546461132418,0.008746403250721346,0.0037331432104110718,0.011715425408197923,0.010873213636362485
0,42,3.2353138147368607,6.866115251784752,0.0,-1.0,0.005216567521259902,-0.029541338528936728,0.007127224211857436,-0.023392344559973105,0.029541338528936728,0.023392344559973105,0.006148993968963623,0.021212063298806004,0.017291603583511134
0,42,0.8274715286098449,6.782661327161634,0.0,-1.0,0.006709849088600978,-0.014960858753745315,0.00691137984316717,-0.014420202716116664,0.014960858753745315,0.014420202716116664,0.0005406560376286507,0.011594165977794979,0.011307285653737502
0,42,-2.2421566360257277,5.052947673613552,0.0,1.0,0.009028156051643532,0.03684517455942521,0.009686414847381752,0.026486155518363808,0.03684517455942521,0.026486155518363808,0.010359019041061401,0.026824191413790485,0.019941703371810185
0,42,-0.750520504256821,-2.806893677544931,0.0,1.0,-0.010520626393517543,0.01342235636913508,-0.009824902353247691,0.011920244814989267,0.01342235636913508,0.011920244814989267,0.001502111554145813,0.0120590884857032,0.010922933275913812
0,42,-8.79743911205732,-6.878467637860684,0.0,1.0,0.012561100559928033,0.03866649883306317,0.012395533757903192,0.029013168983820004,0.03866649883306317,0.029013168983820004,0.009653329849243164,0.028747864088344892,0.022309339206115143
0,42,6.865696762075238,-2.1566273817118464,0.0,-1.0,0.00351262716003186,-0.02426311251340335,0.0033712039644313505,-0.02116104838071292,0.02426311251340335,0.02116104838071292,0.0031020641326904297,0.01733547199247058,0.01515181482101518
0,42,3.3164055896876725,-4.481751801567991,0.0,-1.0,-0.01134753373291067,-0.048687827207889944,-0.011114375263710535,-0.03733430466875115,0.048687827207889944,0.03733430466875115,0.011353522539138794,0.035350184158253646,0.027544324665906356
0,42,2.1580101767062025,-0.29340385369917144,0.0,-1.0,-0.02069868667812123,-0.057994261463787666,-0.020185834577465794,-0.047421664079334847,0.057994261463787666,0.047421664079334847,0.01057259738445282,0.04354176152229719,0.03644366983196184
0,42,1.3009257266214291,-2.4357778293108883,0.0,-1.0,-0.004479322291168018,-0.019567986085382016,-0.006702363199743076,-0.012456384553876432,0.019567986085382016,0.012456384553876432,0.007111601531505585,0.014194548383549561,0.010002079499167201
0,42,-0.5080249959200938,9.254807694139664,0.0,1.0,0.010092324716597767,0.006912039314806828,0.006621605855971546,0.005758242403567204,0.006912039314806828,0.005758242403567204,0.001153796911239624,0.008649604201195723,0.006204958488582985
0,42,-6.052161755462403,1.8225503449221154,0.0,1.0,-0.006507654363787332,0.07653910357345972,-0.005143467026329198,0.06648183304657374,0.07653910357345972,0.06648183304657374,0.010057270526885986,0.05431659019649206,0.04715023530314265
0,42,3.8147599091700304,-6.075237799407643,0.0,-1.0,0.002804202815312809,-0.03729294656541984,0.0011900643313116493,-0.03092582939890068,0.03729294656541984,0.03092582939890068,0.006367117166519165,0.02644454023953402,0.021884048724157164
0,42,-6.2262568218521155,-1.6418204129896203,0.0,1.0,-0.00473364992131765,0.0745071097567448,-0.0037235486327605975,0.06276302778271525,0.0745071097567448,0.06276302778271525,0.011744081974029541,0.05279070394435561,0.0444581964933038
0,42,6.795601488486124,0.5537587553799668,0.0,-1.0,0.00021611002698246839,-0.02297185903965071,0.001189301372093004,-0.019213756384239944,0.02297185903965071,0.019213756384239944,0.0037581026554107666,0.01624427608853876,0.013612179695893371
0,42,-9.685799092582478,-2.098015546033439,0.0,1.0,-0.000904535304294074,0.047024438114228184,0.0003025593352456446,0.042445609302582676,0.047024438114228184,0.042445609302582676,0.004578828811645508,0.033257450023081975,0.030014340665911996
0,42,-7.004902513986629,10.170471570581974,0.0,1.0,-0.021986856198472432,0.041047193961396056,-0.02254652146117156,0.03857896562124713,0.041047193961396056,0.03857896562124713,0.0024682283401489258,0.03292638742404619,0.031596536348185676
0,42,-2.1774853251512347,1.8009056925677474,0.0,1.0,8.537949081930535e-05,0.03784516757021816,-0.002143100341591507,0.028943303279980737,0.03784516757021816,0.028943303279980737,0.008901864290237427,0.026760642724674467,0.020522033084359275
0,42,-3.8017420473145718,-6.519000105667327,0.0,1.0,0.0021950676600945435,0.04526532716456766,0.0013163908879769287,0.033539514014161775,0.04526532716456766,0.033539514014161775,0.011725813150405884,0.032045032105989066,0.023734277798956753
0,42,7.7801873453185415,1.8981932171880675,0.0,-1.0,-0.0038812672730825747,-0.06796908381830291,-0.002404714935674509,-0.060120701822148126,0.06796908381830291,0.060120701822148126,0.007848381996154785,0.04813969563024152,0.04254574856263256
0,42,-1.9406795625692226,-1.455149063222212,0.0,1.0,-0.008113358987123464,0.0486902934024937,-0.009334643257410024,0.03561601457101177,0.0486902934024937,0.03561601457101177,0.013074278831481934,0.034903948671137906,0.026034938627406374
0,42,9.068400193857116,9.19611121383809,0.0,-1.0,-0.02991238015962678,-0.035325475488946545,-0.0275044661320551,-0.03107751206044923,0.035325475488946545,0.03107751206044923,0.0042479634284973145,0.032731022786755354,0.02934542053776648
0,42,-0.811329177106419,3.373342796057525,0.0,1.0,0.03227719757959996,0.0011151476997443566,0.030130182395435908,0.0005375637907096276,0.0011151476997443566,0.0005375637907096276,0.000577583909034729,0.022837042693667438,0.021308646906963827
0,42,-2.356578102341482,-6.0657462512538425,0.0,1.0,-0.0163090049791373,0.054705900602289026,-0.01685619051933658,0.039068234615274255,0.054705900602289026,0.039068234615274255,0.01563766598701477,0.04036532673048152,0.03008702473474476
0,42,9.084028117322571,2.069531189320587,0.0,-1.0,-0.0038295455160472086,-0.05736143463270815,-0.005263571802053182,-0.05402947538511904,0.05736143463270815,0.05402947538511904,0.0033319592475891113,0.040650950800577394,0.03838547510782271
0,42,9.007437157267233,1.678189239993623,0.0,-1.0,-0.0033698631943934604,-0.01456790057093349,-0.0033810353399985477,-0.012649912509028582,0.01456790057093349,0.012649912509028582,0.0019179880619049072,0.01057307204632438,0.009258825153776178
0,42,-9.805496613034862,3.833709644930771,0.0,1.0,-0.0167075232092878,0.05033261131698452,-0.016777481134294548,0.047643786186521875,0.05033261131698452,0.047643786186521875,0.0026888251304626465,0.03750008729173526,0.0357170423985429
0,42,-10.060687162322479,5.173267819987192,0.0,1.0,-0.019347930540723143,0.021948332114304914,-0.019297768808362422,0.018921757264222516,0.021948332114304914,0.018921757264222516,0.0030265748500823975,0.02068902727061468,0.01911068783360718
0,42,6.091004556996406,-3.597105330774653,0.0,-1.0,0.003989639974057803,-0.05250744463893331,0.0022924982969166133,-0.03809185268374837,0.05250744463893331,0.03809185268374837,0.014415591955184937,0.0372353929053612,0.026983743155108722
0,42,0.7753299590532805,9.889598942539944,0.0,-1.0,0.008653072457357774,-0.002152303318772371,0.0073196867514098984,-0.002157943408284242,0.002152303318772371,0.002157943408284242,-5.640089511871338e-06,0.006305080194901658,0.0053960417850551804
0,42,10.245058613367323,2.2781300075997066,0.0,-1.0,-0.0034574045550119607,-0.04491004165450252,-0.005345810086656782,-0.0428964179400555,0.04491004165450252,0.0428964179400555,0.0020136237144470215,0.03185016081330021,0.030566978568142097
0,42,10.080864319156209,-8.908933826850298,0.0,-1.0,0.03029390253642801,-0.029954138493943683,0.029092079648321903,-0.026278439259934894,0.029954138493943683,0.026278439259934894,0.003675699234008789,0.030124499529460717,0.027720980035005914
0,42,-9.283300098114088,9.960493246892398,0.0,1.0,-0.026479780290813458,0.011828390921140075,-0.0247008805988145,0.011741338337445617,0.011828390921140075,0.011741338337445617,8.705258369445801e-05,0.020507188935018152,0.01933898301761575
0,42,-6.600698711087488,-4.54626955016021,0.0,1.0,0.005673811395867312,0.023245464278991934,0.00536948870609566,0.017412851764496085,0.023245464278991934,0.017412851764496085,0.00583261251449585,0.016919570699367104,0.012884851872202552
0,42,10.02533435106653,4.352598676098017,0.0,-1.0,-0.00982063170850856,-0.04738012408455966,-0.012185997332936356,-0.04137310837945102,0.04738012408455966,0.04137310837945102,0.006007015705108643,0.03421491608511143,0.030497808347290566
0,42,-0.926372114164435,-2.4151243549934804,0.0,1.0,-0.00312876447418773,0.03159023441114428,-0.004873072051797746,0.02472079910078051,0.03159023441114428,0.02472079910078051,0.0068694353103637695,0.022446960565809165,0.017816631828198655
0,42,2.384578267287676,-9.87702093292453,0.0,-1.0,0.0034209496370303516,-0.01517080466461844,0.004312873541449297,-0.01181387107086844,0.01517080466461844,0.01181387107086844,0.00335693359375,0.01099673157331547,0.008892930559259856
0,42,-6.251019635597675,10.108889582610278,0.0,1.0,-0.01895438173736194,0.033285299842563676,-0.02100989261592487,0.03102059156200032,0.033285299842563676,0.03102059156200032,0.0022647082805633545,0.02708486452481357,0.026492382759853255
0,42,-8.699763898232003,-5.823721055735955,0.0,1.0,0.019531203997551677,0.04721208701345836,0.019523772043406246,0.043639384605621445,0.04721208701345836,0.043639384605621445,0.003572702407836914,0.0361278915089183,0.03380512951875973
0,42,1.9752305314033354,-5.780398398534865,0.0,-1.0,-0.01788641321580889,-0.03230907313095421,-0.016591792880706807,-0.024151670853961416,0.03230907313095421,0.024151670853961416,0.008157402276992798,0.02611321489502978,0.020719444925412004
0,42,-4.832297470360269,-8.271699609135744,0.0,1.0,0.0031247743629752855,0.012596946840977508,0.004710839059287236,0.00987477291176303,0.012596946840977508,0.00987477291176303,0.0027221739292144775,0.009177343965819327,0.007736379796177122
0,42,-7.343145497475,-6.424258279549422,0.0,1.0,0.014853009732663236,0.05185255688537116,0.01441976964682301,0.048104139984736394,0.05185255688537116,0.048104139984736394,0.0037484169006347656,0.03813987122205082,0.03551012560058436
0,42,0.6245353248502177,8.134640174461595,0.0,-1.0,-0.0020984986869806987,0.013329743301338182,-0.0018347481338495952,0.013587686126893983,-0.013329743301338182,-0.013587686126893983,0.0002579428255558014,0.009541639094485544,0.009695140922071525
0,42,-4.072717596652726,-7.919988318598229,0.0,1.0,4.163116648685239e-05,0.0694852605628275,-0.004546697135419733,0.05737103374474278,0.0694852605628275,0.05737103374474278,0.012114226818084717,0.04913350775508529,0.040694643184218046
0,42,-2.9576290076014526,-6.8771032133153325,0.0,1.0,0.0021386469851583934,0.07277495897479241,-0.001003367160692742,0.052833658821060114,0.07277495897479241,0.052833658821060114,0.0199413001537323,0.05148188256420819,0.03736577478173937
0,42,10.514493504486492,7.92398768313144,0.0,-1.0,-0.017569669535525377,-0.023622554603752677,-0.01690071915663057,-0.02058951264971215,0.023622554603752677,0.02058951264971215,0.0030330419540405273,0.02081728096552051,0.018835635629889904
0,42,-3.9449107331034154,-2.0895867299704474,0.0,1.0,-0.01908789935488619,0.06889942231525892,-0.014575417963456287,0.05725178065647596,0.06889942231525892,0.05725178065647596,0.011647641658782959,0.050554318792555515,0.04177444911154831
0,42,1.2112278438255242,-4.3284183625245385,0.0,-1.0,-0.0012689108033202834,-0.02039330008571976,-0.002991134860041017,-0.013340416579898533,0.02039330008571976,0.013340416579898533,0.007052883505821228,0.014448128304610956,0.009667305784865406
0,42,-2.0637060543729397,7.0997171358334725,0.0,1.0,0.007421158296270852,0.023273795745921977,0.0060205534521775295,0.016732156179500468,0.023273795745921977,0.016732156179500468,0.006541639566421509,0.01727343565827606,0.012574023108888468
0,42,5.8602701871009835,5.776512294468947,0.0,-1.0,-0.0012380628231827423,-0.06055518332206061,-0.00358707442320029,-0.05000092926703742,0.06055518332206061,0.05000092926703742,0.010554254055023193,0.042827929127629526,0.035446861853236436
0,42,1.5122315066009744,10.498632415636106,0.0,-1.0,-0.012265545681376944,-0.013330673779743445,-0.014011127308269034,-0.011325163747566473,0.013330673779743445,0.011325163747566473,0.0020055100321769714,0.012809185654909605,0.012739133062295018
0,42,-6.204733464483104,0.40191623630308015,0.0,1.0,0.0006999180545452562,0.07327880255171554,-0.0034108117329534563,0.06557859770247237,0.07327880255171554,0.06557859770247237,0.007700204849243164,0.051818301731610186,0.046433749112581725
0,42,-2.7295715602417037,-6.611898419038247,0.0,1.0,-0.011996016710682747,0.0331069279616204,-0.01123946240512931,0.02018291243961723,0.0331069279616204,0.02018291243961723,0.012924015522003174,0.024899529071640114,0.016335168650821623
0,42,-9.550636969152777,7.807363328111272,0.0,1.0,-0.029587393420194653,0.04087697685915381,-0.02783232720420268,0.03327887476641089,0.04087697685915381,0.03327887476641089,0.00759810209274292,0.03568151542847623,0.030676717093915545
0,42,5.2011244797092875,6.810413823913336,0.0,-1.0,-0.004403432494241785,-0.04472212211106058,-0.003402908927042078,-0.035262507357337436,0.04472212211106058,0.035262507357337436,0.009459614753723145,0.031776236591578605,0.02505019175866743
0,42,-4.507860501566404,-8.120414706917002,0.0,1.0,0.002769502020548653,0.04379801701702063,0.002994859731863808,0.038031565658225464,0.04379801701702063,0.038031565658225464,0.005766451358795166,0.031031729214346496,0.026975629475782893
0,42,9.787823544041398,4.713788473004243,0.0,-1.0,-0.0128373522068529,-0.025674897160868404,-0.011445051966157423,-0.021158116784434078,0.025674897160868404,0.021158116784434078,0.004516780376434326,0.020297757953822874,0.017009631394768597
0,42,-1.8619408046143544,7.9798092649283525,0.0,1.0,0.01890742511057103,0.015369624648091773,0.018351194565527085,0.01460853293895481,0.015369624648091773,0.01460853293895481,0.0007610917091369629,0.017229568859015047,0.01658577065756003
0,42,-3.4666266584094094,2.260098357720736,0.0,1.0,-0.011993427856198183,0.08362630889599687,-0.011255138648978105,0.06699738786404497,0.08362630889599687,0.06699738786404497,0.016628921031951904,0.059737768000279835,0.048038152163738565
0,42,4.5030303319510825,1.3498018975520658,0.0,-1.0,0.0034974525647251675,-0.0688218360262447,0.007071414120682962,-0.061271089823775826,0.0688218360262447,0.061271089823775826,0.007550746202468872,0.0487271858846056,0.043612792537622486
0,42,-9.54331148189196,5.305984277081928,0.0,1.0,-0.015165460009820223,0.0481636735149904,-0.015120153494871617,0.041478595370916915,0.0481636735149904,0.041478595370916915,0.006685078144073486,0.035705256082039546,0.03121772666012636
0,42,8.120817825679921,2.942289162874685,0.0,-1.0,-0.007810332822301515,-0.07352504210991273,-0.006471400159099229,-0.0659334965280951,0.07352504210991273,0.0659334965280951,0.007591545581817627,0.05228256457012969,0.04684605097785468
0,42,0.9731653477514808,5.533686594001409,0.0,-1.0,0.03168766170627774,-0.030383596349273692,0.031016349493333706,-0.022223236191783916,0.030383596349273692,0.022223236191783916,0.008160360157489777,0.03104247760349597,0.026980420333349485
0,42,-10.61240136656665,-1.4460830445755253,0.0,1.0,0.007250112063756205,0.02878258019935015,0.008010448470285154,0.024084899726022513,0.02878258019935015,0.024084899726022513,0.004697680473327637,0.02098810434352096,0.01794783663157837
0,42,4.960916076381185,-9.94133925130449,0.0,-1.0,0.005005505151646189,-0.030083767315500554,0.0064240360926557105,-0.0257193960157569,0.030083767315500554,0.0257193960157569,0.004364371299743652,0.021564880450820216,0.018745073634625648
0,42,7.4313983119437665,10.599582731323164,0.0,-1.0,-0.017292699986018747,-0.03085144439120263,-0.015517990314282984,-0.025209536937665644,0.03085144439120263,0.025209536937665644,0.005641907453536987,0.02500848949686807,0.020932376549327947
0,42,10.318937062772406,10.306731565791647,0.0,-1.0,-0.020389649208172336,-0.010598044950021146,-0.020083504851444736,-0.009735148507607816,0.010598044950021146,0.009735148507607816,0.0008628964424133301,0.016248943836369666,0.015781639388593043
0,42,6.3417130705000275,-4.905733761028172,0.0,-1.0,0.006665613467773376,-0.04968438117803253,0.005981784279426514,-0.04482848017514862,0.04968438117803253,0.04482848017514862,0.004855901002883911,0.035446919019470474,0.03197948074921861
0,42,-5.782522988747881,5.510725297127571,0.0,1.0,-0.005321296055754786,0.06849512728973167,-0.004204714794596796,0.061459752648313215,0.06849512728973167,0.061459752648313215,0.007035374641418457,0.048579309660335517,0.04356019296385029
0,42,-9.45716283953079,1.7366190252454956,0.0,1.0,-0.004810968470970868,0.01972216675292604,-0.00407895137204486,0.017417612767330337,0.01972216675292604,0.017417612767330337,0.002304553985595703,0.014354603426408147,0.01264932960295081
0,42,6.433166528030963,8.351951428607421,0.0,-1.0,-0.013262098948215797,-0.017795481144847414,-0.01298731408522065,-0.015391387402476808,0.017795481144847414,0.015391387402476808,0.0024040937423706055,0.01569334919143913,0.014240174390106542
0,42,9.127972128493258,-10.244946939674413,0.0,-1.0,0.014889678450585898,-0.011298121079566903,0.01371021987712532,-0.009427459105613656,0.011298121079566903,0.009427459105613656,0.001870661973953247,0.013216468217538226,0.011765354101495203
0,42,9.60301092184821,-10.368384116255731,0.0,-1.0,0.018958605864483072,-0.023188256060127255,0.018431993239957048,-0.021616630589012142,0.023188256060127255,0.021616630589012142,0.0015716254711151123,0.021179281803626396,0.020087522157046123
0,42,9.975500578454213,4.953649611357244,0.0,-1.0,-0.01227379530875039,-0.03790660154099634,-0.013715454714577913,-0.03515393983597925,0.03790660154099634,0.03515393983597925,0.00275266170501709,0.028174070452003996,0.026682514724246726
1,43,0.0,0.0,0.0,1.0,0.005815228989731025,0.005468381386184263,0.005191228894900035,0.011579669829392004,0.005468381386184263,0.011579669829392004,-0.006111288443207741,0.0056444700011504464,0.00897322714515175
1,43,3.2361989658690273,-9.694293981861689,0.0,-1.0,0.006720031258773546,-0.009036809795813394,0.007332096454810838,-0.006128773683028055,0.009036809795813394,0.006128773683028055,0.0029080361127853394,0.007963126000654595,0.006757274053952042
1,43,7.207910197751687,1.8516980022482006,0.0,-1.0,0.002958822267542488,-0.06518111157779027,0.002738141658197052,-0.05663148093585302,0.06518111157779027,0.05663148093585302,0.008549630641937256,0.04613746815619194,0.04009128367069479
1,43,5.350320646485599,-5.0212919786032115,0.0,-1.0,-0.005287135211774402,-0.08200074129132129,-0.0050269907396522095,-0.0698573678019414,0.08200074129132129,0.0698573678019414,0.012143373489379883,0.05810368048184981,0.04952434993067687
1,43,-1.0405314637554337,9.674955375946478,0.0,1.0,0.000987462807758549,0.005243578523125708,-0.0016123427857320516,0.005241551965203345,0.005243578523125708,0.005241551965203345,2.0265579223632812e-06,0.0037729430505171677,0.003877725896877527
1,43,-4.703815114981949,-4.705912975490437,0.0,1.0,-0.005311844600134681,0.06006338504212139,-0.005815958333903144,0.05286201146500347,0.06006338504212139,0.05286201146500347,0.00720137357711792,0.04263699048815542,0.03760463819442925
1,43,-10.537826152865296,-4.060168737912578,0.0,1.0,0.007893770873991846,0.01247641417154055,0.007343795091359018,0.01018282744058352,0.01247641417154055,0.01018282744058352,0.0022935867309570312,0.010439648681610408,0.008877536286283755
1,43,7.186495418784926,0.7464384743299721,0.0,-1.0,0.002920184588291354,-0.07757980720936519,0.0038596525101444196,-0.07143295900761348,0.07757980720936519,0.07143295900761348,0.006146848201751709,0.05489605616377176,0.05058440742997022
1,43,9.458473248249554,1.979853374007245,0.0,-1.0,-0.0033317821271719606,-0.028362867138365166,-0.0022064948625864656,-0.015374150774458306,0.028362867138365166,0.015374150774458306,0.01298871636390686,0.020193476724569955,0.010982557343679053
1,43,10.579462811380647,-9.907010164049273,0.0,-1.0,0.02303378329297569,-0.01948872471026092,0.022222710528057483,-0.017977359535013726,0.01948872471026092,0.017977359535013726,0.0015113651752471924,0.021335013049212093,0.020211807428641627
1,43,5.550200272517863,-7.944185117934951,0.0,-1.0,0.009538720775696077,-0.05774604383640447,0.00785792194709424,-0.044824770128060965,0.05774604383640447,0.044824770128060965,0.012921273708343506,0.04138594430958802,0.03217923984776623
1,43,-4.249379518175049,1.0846544260924027,0.0,1.0,-0.007106367101051555,0.0547046494338545,-0.009739920099355922,0.04326848505473463,0.0547046494338545,0.04326848505473463,0.011436164379119873,0.03900704502430186,0.03136102551315591
1,43,-1.0418278125795855,1.1775435939613068,0.0,1.0,0.009233857431659567,0.022830961513682108,0.00728724051381098,0.015643684435053568,0.022830961513682108,0.015643684435053568,0.00718727707862854,0.017414317768828156,0.01220304750891484
1,43,-3.3695499474265453,0.09671987664995463,0.0,1.0,0.015190639535466864,0.05654600651821512,0.014066515492777064,0.05250826867184061,0.05654600651821512,0.05250826867184061,0.004037737846374512,0.041401729327737724,0.03843816551958961
1,43,-1.7458913621376713,-1.8154887503344543,0.0,1.0,0.011365933781877467,0.030480626399744165,0.012236349722758243,0.02061626630567373,0.030480626399744165,0.02061626630567373,0.009864360094070435,0.02300275023181798,0.016952266676230995
1,43,1.869830854970024,-9.050864435269247,0.0,-1.0,-0.018686257200269618,-0.014001911684948465,-0.017202936010389247,-0.010297900244671365,0.014001911684948465,0.010297900244671365,0.0037040114402770996,0.016511052949278016,0.014177230985399612
1,43,-8.863541062210025,0.8313399289766394,0.0,1.0,-0.002125111316729064,0.04281885451902534,-0.0010324613204483937,0.03446001834501411,0.04281885451902534,0.03446001834501411,0.00835883617401123,0.030314768681534966,0.02437784691802099
1,43,-4.487857077216856,-8.866232438302895,0.0,1.0,-0.01047700875891866,0.03707500989958884,-0.008407148062126057,0.03325256403014304,0.03707500989958884,0.03325256403014304,0.0038224458694458008,0.02724265104196973,0.02425297046876189
1,43,-10.540298707165759,7.2901379050021085,0.0,1.0,-0.03091279870788383,0.02639526386940655,-0.029926002835433955,0.02476409335816082,0.02639526386940655,0.02476409335816082,0.0016311705112457275,0.028742921552007746,0.027466579378929823
1,43,1.5645729066427663,6.402906175491758,0.0,-1.0,0.017365421317339688,-0.03314942991240541,0.01996994312834814,-0.02417079483969728,0.03314942991240541,0.02417079483969728,0.00897863507270813,0.02646169458902995,0.0221700919228157
1,43,7.690717778792507,-3.7833529905653736,0.0,-1.0,0.0014836097637188558,-0.058045044893352604,0.004309927908517135,-0.05140121316346369,0.058045044893352604,0.05140121316346369,0.006643831729888916,0.04105744959567217,0.036473690471711576
1,43,-10.354535769523862,-2.2086782130939326,0.0,1.0,0.005307688184951108,0.032957387257559534,0.005143876925979417,0.029926431466086145,0.032957387257559534,0.029926431466086145,0.0030309557914733887,0.0236046703928843,0.02147150169554955
1,43,1.413429622678029,8.049445776662782,0.0,-1.0,0.010018078346930304,-0.015820884903984284,0.009425816794119635,-0.011510008772926544,0.015820884903984284,0.011510008772926544,0.004310876131057739,0.01324126679948621,0.01051965598746351
1,43,-0.07362144997880193,-8.017418353126189,0.0,1.0,-0.033275494969755154,0.005060758119691804,-0.03068930903759573,0.005676127648223832,0.005060758119691804,0.005676127648223832,-0.0006153695285320282,0.023799893258460502,0.02206866686372317
1,43,8.913637687181769,8.092784955759694,0.0,-1.0,-0.02593513103968985,-0.03271747920223661,-0.02437624047346003,-0.028688711854900795,0.03271747920223661,0.028688711854900795,0.004028767347335815,0.029521724775109844,0.02661994822979072
1,43,3.376579647166972,6.991586063166974,0.0,-1.0,0.004070074482801403,-0.03948656646351012,0.007335537298562969,-0.0321594866905609,0.03948656646351012,0.0321594866905609,0.007327079772949219,0.0280691506584431,0.023324265172336857
1,43,2.6389673122842527,-2.0874627688039666,0.0,-1.0,-0.013512551561333696,-0.04516797912043791,-0.016944974437691728,-0.03795832049769621,0.04516797912043791,0.03795832049769621,0.007209658622741699,0.03333718185091548,0.029393589893885453
1,43,-0.29018543931154817,8.11135840255773,0.0,1.0,0.014257311422628371,0.003053962526323839,0.011253580052656142,0.0030239813900018175,0.003053962526323839,0.0030239813900018175,2.9981136322021484e-05,0.010310131330734825,0.008239767212992657
1,43,4.224140981367009,4.134541026533261,0.0,-1.0,0.00263556729833353,-0.06630525399997972,0.0035422060994313997,-0.05774096061542772,0.06630525399997972,0.05774096061542772,0.008564293384552002,0.04692191877462958,0.04090578050131316
1,43,9.07191358884932,-5.850394325545788,0.0,-1.0,0.02388103985787375,-0.0421537283819059,0.022729234114298655,-0.03706790246180092,0.0421537283819059,0.03706790246180092,0.0050858259201049805,0.03425814414988685,0.030746117448713618
1,43,-2.924810032117062,-4.64286688973811,0.0,1.0,-0.003923947615465252,0.007767316967075583,-0.0029198142419663356,0.006495547562664267,0.007767316967075583,0.006495547562664267,0.001271769404411316,0.006153396531832467,0.005035744897551064
1,43,3.814841590694929,-4.603386763643925,0.0,-1.0,-0.012678002487813186,-0.05197591883280911,-0.011077751886044693,-0.046015871587783475,0.05197591883280911,0.046015871587783475,0.005960047245025635,0.03783006665071949,0.033467723442386584
1,43,5.368568647259211,-2.913899837675644,0.0,-1.0,0.00013516693159501547,-0.032164855223290045,0.0005844499801055669,-0.027790082913033087,0.032164855223290045,0.027790082913033087,0.004374772310256958,0.022744188066785388,0.01965490129830851
1,43,-6.3343024947560025,-5.98329515307477,0.0,1.0,0.004947237962216217,0.05393762931790452,0.004714168899983245,0.042346492862368634,0.05393762931790452,0.042346492862368634,0.011591136455535889,0.038299758614712354,0.030128465328989187
1,43,9.460366155363431,-0.08561722633139368,0.0,-1.0,0.004088047624936359,-0.05793521825798009,0.006509225548615711,-0.04936174575813268,0.05793521825798009,0.04936174575813268,0.008573472499847412,0.041068245932736995,0.03520619236393849
1,43,-4.625749186409145,-0.9818623128040294,0.0,1.0,0.011106929751808745,0.08177883854909757,0.008585833023066623,0.0705492638687692,0.08177883854909757,0.0705492638687692,0.01122957468032837,0.05835727171034892,0.05025393099611812
1,43,8.903087177328956,5.259520010599482,0.0,-1.0,-0.0069428889199662225,-0.04347624562880775,-0.00991169755603552,-0.02777587555548927,0.04347624562880775,0.02777587555548927,0.01570037007331848,0.031131877878883368,0.02085354899431206
1,43,2.2741788153311013,-0.9943863386577707,0.0,-1.0,0.002164777662299372,-0.04176931910507281,0.002133870558507539,-0.034877979087754085,0.04176931910507281,0.034877979087754085,0.006891340017318726,0.029575008713680802,0.024708569655144716
1,43,-1.5254331135370816,-7.549482612825649,0.0,1.0,-0.016001642799386956,0.014797795784215417,-0.01624894247056005,0.010491673123578515,0.014797795784215417,0.010491673123578515,0.004306122660636902,0.015411478390318626,0.013676683376162327
1,43,-4.156618099350561,-10.412775732133703,0.0,1.0,0.003436634814071915,0.0246895864441124,0.004028911268043778,0.02219620494386826,0.0246895864441124,0.02219620494386826,0.0024933815002441406,0.017626487704965357,0.015951546005261868
1,43,-5.870964766375,-7.236862480773446,0.0,1.0,-0.0045975494497596525,0.0556300755636866,-0.004818466615039041,0.051511782039898146,0.0556300755636866,0.051511782039898146,0.004118293523788452,0.03947051284290886,0.03658333848520538
1,43,2.95856840304641,-9.767274653434953,0.0,-1.0,0.0005150065760626266,-0.014863785920344652,0.0030883626084341476,-0.010306206164561571,0.014863785920344652,0.010306206164561571,0.004557579755783081,0.010516590789301056,0.007607754895750161
1,43,-6.1434471337937095,6.381675830252512,0.0,1.0,0.0023741488337333666,0.05575036855181886,0.0008685057043846117,0.045162557081787125,0.05575036855181886,0.045162557081787125,0.010587811470031738,0.03945719311068865,0.03194065484867388
1,43,2.5687291843390483,6.465986416479495,0.0,-1.0,0.01773619852901509,-0.030125390112324596,0.014723526462326553,-0.01637789171926582,0.030125390112324596,0.01637789171926582,0.013747498393058777,0.02471954558320583,0.015572693547598408
1,43,-8.686578642655904,3.112525359234146,0.0,1.0,-0.02255836994401446,0.05768472436768324,-0.021948429094769864,0.052732770479743785,0.05768472436768324,0.052732770479743785,0.004951953887939453,0.04379730288446198,0.040388603728016385
1,43,0.8083650216253435,4.1214106307950615,0.0,-1.0,0.01742671850277347,-0.009674354205301189,0.01757332357717914,-0.004404007206132793,0.009674354205301189,0.004404007206132793,0.005270346999168396,0.014094035033739202,0.01281048361733291
1,43,2.911366101567717,7.033643152180868,0.0,-1.0,-0.0019838508030109864,-0.019080174666271044,0.0009932670930690307,-0.01440004776082976,0.019080174666271044,0.01440004776082976,0.004680126905441284,0.013564452242977204,0.010206565412330242
1,43,10.389690643158477,-2.2801605084212575,0.0,-1.0,0.008728503920046482,-0.03521948317651952,0.008105079382566605,-0.030081831017782334,0.03521948317651952,0.030081831017782334,0.005137652158737183,0.025657345691861892,0.02202962629256472
1,43,7.708372503605297,-3.6044957016623336,0.0,-1.0,0.007904407210416006,-0.052945384276360974,0.007299203999108481,-0.046813258421868786,0.052945384276360974,0.046813258421868786,0.0061321258544921875,0.03785296137371295,0.03350193683276588
1,43,-2.29937993449912,-8.891117178968644,0.0,1.0,0.0020964988953607044,0.0019276910212446263,0.0026933351046578846,5.306533841381578e-05,0.0019276910212446263,5.306533841381578e-05,0.0018746256828308105,0.0020138644804995943,0.001904845127054096
1,43,3.61376137648495,-2.140081959240538,0.0,-1.0,-0.0009259795531063666,-0.050352568842782996,-0.0011484110488920798,-0.04354735753716471,0.050352568842782996,0.04354735753716471,0.006805211305618286,0.03561066291997365,0.030803337452351438
1,43,-1.7001170937600172,-10.477327797072272,0.0,1.0,1.2882331694219484e-05,0.024224641915288753,0.0026452171600709895,0.020449447627988643,0.024224641915288753,0.020449447627988643,0.00377519428730011,0.017129410992185845,0.014580416354030916
1,43,-8.163131300782561,-7.489750300715774,0.0,1.0,0.016696915295356295,0.03145632109394203,0.015104785826438448,0.022251873824502333,0.03145632109394203,0.022251873824502333,0.009204447269439697,0.025182207182309152,0.019017103401466638
1,43,-4.265763384072332,-3.6090409548156828,0.0,1.0,0.0021632619779167334,0.07165307511463453,0.0001326844673214117,0.06448814977779677,0.07165307511463453,0.06448814977779677,0.0071649253368377686,0.05068946081666562,0.04560010453349541
1,43,9.223431411155655,1.8636689284166135,0.0,-1.0,-0.003204138165582012,-0.04769580587993438,-0.002057205101717304,-0.036350598188741756,0.04769580587993438,0.036350598188741756,0.011345207691192627,0.03380204431628746,0.025744883778237252
1,43,10.169036372853128,0.5703368225489491,0.0,-1.0,0.00016807065591079463,-0.025483143452731505,3.706709727508296e-05,-0.020090353612033263,0.025483143452731505,0.020090353612033263,0.005392789840698242,0.01801969544661994,0.014206049454831528
1,43,-9.58532784762386,7.288482170426956,0.0,1.0,-0.026871713955461354,0.030487868821075015,-0.02564763338914451,0.02914062503521686,0.030487868821075015,0.02914062503521686,0.0013472437858581543,0.028736728729582415,0.02744974613641325
1,43,-0.1313977291277837,4.883209120168001,0.0,1.0,0.0030974452813489345,0.003110585138045213,0.0008720388134343532,-0.0002495745571032548,0.003110585138045213,-0.0002495745571032548,0.003360159695148468,0.0031040221626124497,0.0006413809911781298
1,43,7.5263898451867455,4.692255983641671,0.0,-1.0,0.006632122068720561,-0.07052113089710199,0.006470343886929256,-0.059432461597022646,0.07052113089710199,0.059432461597022646,0.011088669300079346,0.05008600076937968,0.0422734126934217
1,43,3.857979914509338,1.9875520454205464,0.0,-1.0,0.016703247122437932,-0.061317684648026616,0.016168027214677312,-0.05523324250935474,0.061317684648026616,0.05523324250935474,0.006084442138671875,0.04493805133196182,0.04069469364740161
1,43,-0.02539705821263638,-10.487810867814853,0.0,1.0,0.0032330952606839936,0.0015496550689914207,0.005454858394686679,0.002117322255251644,0.0015496550689914207,0.002117322255251644,-0.0005676671862602234,0.002535185969264198,0.004137543573103953
1,43,2.9100766753807292,-1.2135529087165775,0.0,-1.0,0.0042025622089582396,-0.042913136802699814,0.005408491763957114,-0.033077416740443955,0.042913136802699814,0.033077416740443955,0.00983572006225586,0.030489332883546282,0.023699865836980954
1,43,-0.6376459300755712,-7.530450856165955,0.0,1.0,-0.023317610010547968,0.007631647775422426,-0.021206204876346918,0.006142649243127199,0.007631647775422426,0.006142649243127199,0.001488998532295227,0.01734867407573439,0.015611458371684737
1,43,-0.3514804205738358,5.370612098357862,0.0,1.0,0.015051150865793839,0.016076530880260273,0.014179567046404495,0.009372349447536274,0.016076530880260273,0.009372349447536274,0.006704181432723999,0.015572282869394083,0.012018757335727638
1,43,5.8538855325369035,-8.523870707577489,0.0,-1.0,0.01208724486138922,-0.039880213124323605,0.011020321719909729,-0.035950419289637325,0.039880213124323605,0.035950419289637325,0.003929793834686279,0.02946636122072636,0.02658834460728085
1,43,8.722163439460594,-8.15378310549851,0.0,-1.0,0.028173264003497518,-0.04955911435758931,0.025996521002751745,-0.040477035423873486,0.04955911435758931,0.040477035423873486,0.00908207893371582,0.04031028789601598,0.034016242450864716
1,43,-4.724231228697204,-4.2298107587258365,0.0,1.0,-0.0001464392641034873,0.04194699585112316,0.0009113047620805947,0.03388314306410534,0.04194699585112316,0.03388314306410534,0.008063852787017822,0.029661185962400548,0.023967664261166755
1,43,3.82900690278049,-9.600455707820611,0.0,-1.0,0.0073245768371373865,-0.029348366471529108,0.0063336347165853235,-0.02033131620526324,0.029348366471529108,0.02033131620526324,0.00901705026626587,0.021388969591711327,0.015057844257421685
1,43,-0.28218001431689466,6.670536970313112,0.0,1.0,0.026678836774287118,0.007792800917396293,0.026092327069697274,0.006799087180862175,0.007792800917396293,0.006799087180862175,0.0009937137365341187,0.019653092349134618,0.019066162676388523
1,43,-9.915764733447809,-6.2267264427312465,0.0,1.0,0.017930423257415746,0.01667300677545691,0.016110841067051147,0.013468601467687136,0.01667300677545691,0.013468601467687136,0.0032044053077697754,0.017313134221227933,0.014848609789861907
1,43,0.5787636114876396,0.15503491988167184,0.0,-1.0,0.008915075957016915,-0.003327808626301429,0.007668640389280289,-0.0006592565256430122,0.003327808626301429,0.0006592565256430122,0.0026685521006584167,0.00672877736192346,0.005442548327148958
1,43,1.2088485801736208,1.8785493993891134,0.0,-1.0,-0.0030144229314588017,-0.03652893873868657,-0.005504094042565674,-0.03008877607999516,0.03652893873868657,0.03008877607999516,0.006440162658691406,0.025917659143761623,0.021629025604745767
1,43,9.185239049858868,3.148944679544549,0.0,-1.0,-0.0052996842187836915,-0.04073732992610046,-0.005909019708354786,-0.034410594906416625,0.04073732992610046,0.034410594906416625,0.006326735019683838,0.02904837949289758,0.024688110050459827
1,43,9.131367622802422,-2.441354568724968,0.0,-1.0,0.009228955251568013,-0.05007801370994769,0.009319639993303472,-0.044718721679613216,0.05007801370994769,0.044718721679613216,0.005359292030334473,0.036006812356616305,0.03230030772503174
1,43,-7.250914312664433,-1.7198561903797955,0.0,1.0,0.012386888926287405,0.08552945852910732,0.00748835663255047,0.06732935906087611,0.08552945852910732,0.06732935906087611,0.0182000994682312,0.061109423551341364,0.04790259949420617
1,43,-2.611198968394378,-4.529147879712209,0.0,1.0,-0.010185622252706389,0.03713473775362969,-0.009856261886838774,0.028338850521802905,0.03713473775362969,0.028338850521802905,0.008795887231826782,0.027228070522033666,0.02121598863215004
1,43,-3.589090487729692,-3.720637424687479,0.0,1.0,-0.011657669127036474,0.0546606565712312,-0.010906628251124761,0.04866994273646863,0.0546606565712312,0.04866994273646863,0.005990713834762573,0.039520176026135945,0.0352683843249118
1,43,4.367181470352694,8.18919025707281,0.0,-1.0,-0.005890944842668916,-0.034263656415488564,-0.005524465684267427,-0.026842580117728554,0.034263656415488564,0.026842580117728554,0.00742107629776001,0.024583545127768065,0.019378387813145406
1,43,-9.841541602692933,-9.399278196577976,0.0,1.0,0.013542208049562781,0.009884965411026847,0.012492787253228037,0.008732807627518546,0.009884965411026847,0.008732807627518546,0.0011521577835083008,0.01185546161131738,0.010778025385330632
1,43,-8.818760010363034,-5.257700506760364,0.0,1.0,0.0019507307782351616,0.014824900783611705,0.002196335442322457,0.011740688242031505,0.014824900783611705,0.011740688242031505,0.0030842125415802,0.010573150755878896,0.008445935406211044
1,43,6.293327970064514,8.682391412345936,0.0,-1.0,-0.008708770222996001,-0.04326983077807722,-0.009195486851070647,-0.03698791845126448,0.04326983077807722,0.03698791845126448,0.006281912326812744,0.031209941800333277,0.026950538860898536
1,43,-1.7473638137804386,0.5421086605610341,0.0,1.0,0.004212693911453002,0.039333766327287106,0.005844031129439585,0.03423289023437634,0.039333766327287106,0.03423289023437634,0.005100876092910767,0.0279722359088545,0.024556500907506325
1,43,4.288938153077645,1.2921214597184925,0.0,-1.0,0.0038055805725917234,-0.02310164252627539,0.004790891916857661,-0.01880447546351599,0.02310164252627539,0.01880447546351599,0.004297167062759399,0.016555487472531626,0.013721533128936194
1,43,9.966578831789917,-3.283954471105921,0.0,-1.0,0.009063521858324236,-0.021131742800219455,0.008609411299248165,-0.018736649359209934,0.021131742800219455,0.018736649359209934,0.0023950934410095215,0.01625881272188944,0.014580534834662342
1,43,6.13058262269692,-8.466273861489544,0.0,-1.0,0.006693735374822041,-0.023346881971399225,0.00759708101929607,-0.018743615255395807,0.023346881971399225,0.018743615255395807,0.004603266716003418,0.01717386082182149,0.014301027110946525
1,43,5.168383446477501,-5.4903164149748935,0.0,-1.0,-0.0067778984953624916,-0.05866014005952924,-0.004127227788136692,-0.05378209593111127,0.05866014005952924,0.05378209593111127,0.004878044128417969,0.0417549514418172,0.03814149873797845
1,43,5.006856889015763,6.935586134960687,0.0,-1.0,0.006101798155978833,-0.047474030658632704,0.007082741597369824,-0.04507330457869191,0.047474030658632704,0.04507330457869191,0.002400726079940796,0.033845350697792334,0.032262734029981414
1,43,-6.317822345275943,-1.2582028439832076,0.0,1.0,0.009612726764571089,0.08289127435278254,0.00875474398006143,0.07732974376272517,0.08289127435278254,0.07732974376272517,0.005561530590057373,0.05900579581565935,0.055029695676812325
1,43,-6.117510394462759,-9.947405754155504,0.0,1.0,0.005979091565372102,0.03158338647310488,0.007409923414947145,0.0310618756336426,0.03158338647310488,0.0310618756336426,0.0005215108394622803,0.022729494462664673,0.022580379568280753
1,43,1.9356834525733184,8.97464194316871,0.0,-1.0,0.007385813507235772,-0.027552475508421964,0.005196475299990899,-0.02558194595214755,0.027552475508421964,0.02558194595214755,0.001970529556274414,0.020170388541198934,0.01845859304283528
1,43,-2.390505760914415,-10.57729029059997,0.0,1.0,0.0025617918871633227,0.010975637697543339,0.004586293449281853,0.008909457587565617,0.010975637697543339,0.008909457587565617,0.002066180109977722,0.0079695483103144,0.007085637660350555
1,43,-5.289504224378149,-1.4485709905498982,0.0,1.0,0.007066186242638066,0.07205905471722612,0.0023097085812072305,0.06349827800671587,0.07205905471722612,0.06349827800671587,0.008560776710510254,0.05119784348366558,0.04492975664049539
1,43,7.781359503933036,-10.113851819813288,0.0,-1.0,0.02312865938983963,-0.026920956774137028,0.02297238346181915,-0.022830498619458683,0.026920956774137028,0.022830498619458683,0.004090458154678345,0.02509654158251861,0.022901550920515917
1,43,5.676593958667048,6.037541464027637,0.0,-1.0,-6.693094203746863e-05,-0.06296178366420374,0.00012288749983035974,-0.050803568618274786,0.06296178366420374,0.050803568618274786,0.012158215045928955,0.04452072933998833,0.03592365297188865
1,43,-3.282936619627648,8.050325375336271,0.0,1.0,0.01467419937362309,0.03606762645555228,0.014686001093288617,0.028533480146653356,0.03606762645555228,0.028533480146653356,0.007534146308898926,0.027533668529584783,0.022691828015736586
1,43,-6.589622849414267,8.771494492963452,0.0,1.0,-0.009147082016271485,0.031542726884704886,-0.008042257771295441,0.027877279649597464,0.031542726884704886,0.027877279649597464,0.003665447235107422,0.02322297061893118,0.02051609893134929
1,43,1.3827511136035948,6.705180537358586,0.0,-1.0,0.03230085767998331,-0.030516821959907958,0.033446265237470796,-0.023708868840630004,0.030516821959907958,0.023708868840630004,0.006807953119277954,0.03142150401711587,0.028989335280732494
1,43,1.6155608256497853,-4.336681587081932,0.0,-1.0,-0.00860908346942299,-0.030446607082205535,-0.007781867857488328,-0.03165303489478183,0.030446607082205535,0.03165303489478183,-0.001206427812576294,0.02237311110464636,0.023048558364913912
1,43,-10.259133251650631,5.071047509746737,0.0,1.0,-0.015858669183607378,0.02626293233255106,-0.01458531746214179,0.022285872014557895,0.02626293233255106,0.022285872014557895,0.003977060317993164,0.021693766420094667,0.018833369015137904
1,43,-6.741329602740139,-4.200943226878013,0.0,1.0,0.0034228429319437606,0.0732985657641283,0.003198288020687924,0.056868903059660525,0.0732985657641283,0.056868903059660525,0.016429662704467773,0.05188639319135123,0.040275930662570306
1,43,-9.987576357152822,-3.3858502372150205,0.0,1.0,0.013761275502874794,0.044042907867749115,0.013817713650896492,0.04074420801194467,0.044042907867749115,0.04074420801194467,0.0032986998558044434,0.03262782889584487,0.03042219335500637
1,43,6.231983638832908,6.430277269477806,0.0,-1.0,-0.001735507292686983,-0.06215840118621746,-0.0027065265607228717,-0.051352794344176445,0.06215840118621746,0.051352794344176445,0.010805606842041016,0.04396975564856899,0.03636230722175904
1,43,-4.652997345890637,-4.15939453372209,0.0,1.0,-0.006773566122780614,0.04700408648501897,-0.006144491251240544,0.037109089603533985,0.04700408648501897,0.037109089603533985,0.009894996881484985,0.03358024228851561,0.026597361748298323
1,43,-5.042040844044452,8.436976469947915,0.0,1.0,-0.008369592420289229,0.020565920649947556,-0.00966566561860771,0.0176051195253748,0.020565920649947556,0.0176051195253748,0.002960801124572754,0.015700432628779726,0.014201502127477013
1,43,10.127330542203207,7.264267579397405,0.0,-1.0,-0.022314988876641725,-0.027507222662136566,-0.021945396306873297,-0.024566031465694915,0.027507222662136566,0.024566031465694915,0.0029411911964416504,0.025046017918513547,0.023292598835673542
1,43,10.184445399177608,-0.5652226638443061,0.0,-1.0,0.0010556055430424177,-0.04722231873067073,0.004082340580607649,-0.039871039471942704,0.04722231873067073,0.039871039471942704,0.007351279258728027,0.03339956354028865,0.028340477176551644
1,43,-2.599783992988174,2.287658753130952,0.0,1.0,0.00999452805396608,0.01950099070931821,0.012694815902677094,0.011355479558958104,0.01950099070931821,0.011355479558958104,0.008145511150360107,0.015494825421191911,0.01204377986382968
1,43,7.2420687661754215,-10.325416797882676,0.0,-1.0,0.021958929977582614,-0.03818940421254813,0.019056973538564365,-0.03496372004659354,0.03818940421254813,0.03496372004659354,0.00322568416595459,0.031149841090042218,0.028156970362115574
1,43,-9.750412868908978,-3.174780543859077,0.0,1.0,0.013830449901212127,0.03974138918698522,0.01359989238313225,0.0352599543649027,0.03974138918698522,0.0352599543649027,0.0044814348220825195,0.02975449007277191,0.026722850284426992
1,43,-7.821222873857865,4.302634142210257,0.0,1.0,-0.012053942860096502,0.06782587455641709,-0.008637419522732306,0.06115915464293442,0.06782587455641709,0.06115915464293442,0.006666719913482666,0.04871163514919869,0.04367520585326441
1,43,-4.242750938644151,2.2590698460065255,0.0,1.0,4.618260642763605e-05,0.056688327741157285,0.00428520906349894,0.047722865294944516,0.056688327741157285,0.047722865294944516,0.008965462446212769,0.0400847142619353,0.03388093039363967
1,43,-6.010831663440303,-7.528632941187437,0.0,1.0,0.0024613745629639,0.024612909856869758,0.003252268594488558,0.021828568283154548,0.024612909856869758,0.021828568283154548,0.00278434157371521,0.017490764653976712,0.01560550614852074
1,43,0.3707140823698065,4.745992793711979,0.0,-1.0,-0.0053950197077702045,0.0013861016442415774,-0.004470834789366579,0.0013429776837465823,-0.0013861016442415774,-0.0013429776837465823,-4.312396049499512e-05,0.003938750780095011,0.003300905388893465
1,43,4.415076270088832,-1.4533565640788062,0.0,-1.0,0.0036468692750203507,-0.07239974342329808,0.0017496385306584733,-0.060356744155719955,0.07239974342329808,0.060356744155719955,0.012042999267578125,0.05125925527779584,0.042696591199222214
1,43,0.5736111247131763,5.1856078398043675,0.0,-1.0,0.006174232882690145,0.0006673620942865693,0.007005672973823263,0.004402710676554331,-0.0006673620942865693,-0.004402710676554331,0.0037353485822677612,0.004391271106102583,0.005850782644980207
1,43,9.93734266037374,2.097533406493893,0.0,-1.0,-0.0036297816678035385,-0.05198696338642261,-0.003091129370694173,-0.043696136112100104,0.05198696338642261,0.043696136112100104,0.00829082727432251,0.03684982820242971,0.030975049571498242
1,43,-8.772760268521207,1.0197346010241795,0.0,1.0,-0.008111011439758786,0.04989822240309699,-0.005660652618679652,0.039595142321157295,0.04989822240309699,0.039595142321157295,0.010303080081939697,0.035746476089013504,0.028282665039755944
1,43,-9.164675960267326,6.657583822357104,0.0,1.0,-0.016505046182566395,0.02542063867049421,-0.015422398590737095,0.018635752548744333,0.02542063867049421,0.018635752548744333,0.006784886121749878,0.021431582068345716,0.017104701858693713
1,43,-0.06717228166191447,-5.068630600314853,0.0,1.0,-0.018327856037471724,0.006471574385433623,-0.01812143770203395,0.006215952415733764,0.006471574385433623,0.006215952415733764,0.0002556219696998596,0.01374393651681514,0.013546670602464722
1,43,4.678477326513013,-10.437637267674381,0.0,-1.0,0.008907545785615811,-0.029517778844438902,0.008761559109399686,-0.024639168471895567,0.029517778844438902,0.024639168471895567,0.004878610372543335,0.021801876522813887,0.018491262004173177
1,43,-1.098175191871972,9.048414795608352,0.0,1.0,0.005055114846774678,0.006708719255095336,0.0015904607587543529,0.0042233173266705,0.006708719255095336,0.0042233173266705,0.002485401928424835,0.0059397432670852315,0.0031910793367521226
1,43,-2.5758133544799335,3.237891462869788,0.0,1.0,0.009791147680047851,0.05946516352810105,0.004568447143796783,0.047724240600244605,0.05946516352810105,0.047724240600244605,0.011740922927856445,0.042614388686899554,0.033900397122863475
1,43,-6.371136412550474,-0.11318386543469039,0.0,1.0,0.007025870099788343,0.06925047140689777,0.004493499245619213,0.04982734423252033,0.06925047140689777,0.04982734423252033,0.01942312717437744,0.04921885127030428,0.03537623332646127
1,43,-8.502201989115342,-8.901131849092623,0.0,1.0,0.022622566753123616,0.04173985922410567,0.020764917218182896,0.032109298349166704,0.04173985922410567,0.032109298349166704,0.009630560874938965,0.0335707936646402,0.027038757622658886
1,43,-5.224844817964568,7.687992710565453,0.0,1.0,0.00859580462209146,0.03684069256170569,0.006923104574598479,0.033550814193328005,0.03684069256170569,0.033550814193328005,0.0032898783683776855,0.02674999519184336,0.024223815863588113
1,43,-8.200611097318976,6.2581785791199955,0.0,1.0,-0.01813697229799953,0.04821967682693562,-0.015694580708715586,0.03958648047302327,0.04821967682693562,0.03958648047302327,0.008633196353912354,0.03642860824566672,0.0301115368244751
1,43,-7.5939621121429965,3.516457266537877,0.0,1.0,-0.004896637767229962,0.06319916389285274,-0.0023866880383834124,0.05230808399020381,0.06319916389285274,0.05230808399020381,0.010891079902648926,0.04482249088448301,0.03702588236976115
1,43,1.460526804598981,3.2595447851372406,0.0,-1.0,0.00842159702718323,-0.04169531394443965,0.007798996710181888,-0.035148622884373426,0.04169531394443965,0.035148622884373426,0.006546691060066223,0.030078418354475063,0.025458299632470812
1,43,-7.226905445170829,-7.483247885242765,0.0,1.0,0.008374562552746434,0.03603424963616253,0.007221968910273213,0.02477725681923748,0.03603424963616253,0.02477725681923748,0.011256992816925049,0.026159132676668986,0.018249236839213347
1,43,2.7414701630641307,10.530609723627474,0.0,-1.0,0.0003122919001888047,-0.028199119244969012,-0.00239530869337809,-0.02432445970669997,0.028199119244969012,0.02432445970669997,0.003874659538269043,0.019941011163214683,0.01728318321026892
1,43,4.8337829714362215,-6.642910939297127,0.0,-1.0,-0.012455437502716327,-0.04859653121494184,-0.011186417362545276,-0.03896290070079694,0.04859653121494184,0.03896290070079694,0.009633630514144897,0.03547365761737073,0.02866394568468564
1,43,-2.0181288087736924,-4.195689482838193,0.0,1.0,-0.022578304703645392,0.04015604804922704,-0.021863339538983985,0.03300381850172643,0.04015604804922704,0.03300381850172643,0.00715222954750061,0.032575205588165415,0.027993371103636304
1,43,-7.917626250995978,0.6622047880979167,0.0,1.0,-8.838319660007827e-05,0.06691530932322654,-0.00035782529481530063,0.06136695135966452,0.06691530932322654,0.06136695135966452,0.005548357963562012,0.04731631026090543,0.04339372511159327
1,43,9.931375267561847,7.078026141233174,0.0,-1.0,-0.022800605700501388,-0.029596941049011782,-0.02167370352257151,-0.024912731225403384,0.029596941049011782,0.024912731225403384,0.0046842098236083984,0.026418237448478796,0.02334944968830655
1,43,6.157175227515953,1.8253302324276923,0.0,-1.0,0.0029843569597865875,-0.05207435319517467,0.0045636174133683975,-0.042166302896483876,0.05207435319517467,0.042166302896483876,0.009908050298690796,0.036882547682875876,0.02999019593011709
1,43,0.9855651806315304,9.573736602769731,0.0,-1.0,-0.00043125192200060836,-0.003397020786344254,-0.0021333668616902446,-0.001494000940858567,0.003397020786344254,0.001494000940858567,0.0019030198454856873,0.00242133521461653,0.001841642334689932
1,43,3.9972053457229197,-3.0232388038626405,0.0,-1.0,-0.010783606795056501,-0.06683150617148725,-0.008183249858601728,-0.0623925396588072,0.06683150617148725,0.0623925396588072,0.004438966512680054,0.047868237865310685,0.04449603680848517
1,43,1.0562231826096884,3.186937200470215,0.0,-1.0,0.005538829353747263,-0.016595322683518626,0.004662872043547525,-0.01374221225089381,0.016595322683518626,0.01374221225089381,0.002853110432624817,0.012371001689031495,0.01026135403451009
1,43,-9.332801006525953,6.906914768476067,0.0,1.0,-0.023841741688546983,0.03402117103903818,-0.02227698472141966,0.02921891421645212,0.03402117103903818,0.02921891421645212,0.00480225682258606,0.029375744463850523,0.025980848680006132
1,43,7.873465730178793,-8.745459469438693,0.0,-1.0,0.019547712846310447,-0.025650254297441555,0.01827909131220133,-0.022037378359026027,0.025650254297441555,0.022037378359026027,0.0036128759384155273,0.022804041561149086,0.02024563192566069
1,43,8.516439067318284,4.602944614213095,0.0,-1.0,-0.00631990599840862,-0.05213002347579565,-0.00679123345226032,-0.04365936898818579,0.05213002347579565,0.04365936898818579,0.008470654487609863,0.03713139210570839,0.031243090054039618
1,43,0.6195962691372259,-4.788102986461552,0.0,-1.0,-0.013454125421605664,0.004947526204656924,-0.014555373387895185,0.004205060947012271,-0.004947526204656924,-0.004205060947012271,-0.0007424652576446533,0.010136357985145915,0.010713109539931324
1,43,0.2088740080257825,2.6719066207923223,0.0,-1.0,0.0008664575795507279,-0.0010174196678394212,-0.002401776852192894,0.0018549095374351607,0.0010174196678394212,-0.0018549095374351607,0.002872329205274582,0.0009449580725268673,0.002145835669360253
1,43,-2.702881403448245,1.4381678924149668,0.0,1.0,-0.01169026550247347,0.05522375726750478,-0.003795511092683432,0.043988311529666035,0.05522375726750478,0.043988311529666035,0.011235445737838745,0.03991444396617976,0.031220005250525127
1,43,-1.538639610544836,-8.448808430319122,0.0,1.0,-0.029597297558723673,0.028204777233023143,-0.028491363177238688,0.023753174535650706,0.028204777233023143,0.023753174535650706,0.0044516026973724365,0.028909423044606846,0.026229478418550355
1,43,-3.7805796878634936,4.7796129962410205,0.0,1.0,0.012006425540562991,0.04455346280475436,0.012941637318250064,0.0349136930121976,0.04455346280475436,0.0349136930121976,0.009639769792556763,0.032627942795675255,0.026329184721778778
1,43,5.905760819400967,9.908143006316251,0.0,-1.0,-0.013430636923058889,-0.03715417320569864,-0.012581732671006582,-0.0340908818944346,0.03715417320569864,0.0340908818944346,0.003063291311264038,0.02793577092866856,0.025695215754542353
1,43,8.1839444544413,-6.396307372948441,0.0,-1.0,0.008456931844612825,-0.012723883802268299,0.008690531760713327,-0.009436449224326404,0.012723883802268299,0.009436449224326404,0.0032874345779418945,0.010803168869319132,0.009071160792513201
1,43,3.306798349025767,4.190923678610497,0.0,-1.0,0.007854743352300977,-0.027731224330676096,0.006270727565653181,-0.02186663392425825,0.027731224330676096,0.02186663392425825,0.005864590406417847,0.020380355688858796,0.016085268157232636
1,43,1.362990019295502,-1.8119789312575367,0.0,-1.0,0.003723519212928683,-0.011407172627884904,0.005961111105409533,-0.009066900558907548,0.011407172627884904,0.009066900558907548,0.002340272068977356,0.008484933196302008,0.007672793863911466
1,43,-1.6899552668867077,6.079682943857769,0.0,1.0,0.00415136887324595,0.01851545883122152,0.003425548212654825,0.013813144096762597,0.01851545883122152,0.013813144096762597,0.004702314734458923,0.01341745279947752,0.010063233337132505
1,43,3.757866217146402,2.307463294631855,0.0,-1.0,0.012599219209152121,-0.05755548974722502,0.01209425238390531,-0.04061573049276945,0.05755548974722502,0.04061573049276945,0.016939759254455566,0.041661581371349746,0.029965884804114176
1,43,-3.963791977178925,2.6138057689297636,0.0,1.0,-0.004321338254809751,0.05811846238845875,-0.0033810340052846805,0.05282723886245777,0.05811846238845875,0.05282723886245777,0.0052912235260009766,0.041209402050449456,0.037430926763680726
1,43,-8.48705679209342,6.796365138708367,0.0,1.0,-0.01507030074571708,0.021546024062872038,-0.016141917752972634,0.01697613594794284,0.021546024062872038,0.01697613594794284,0.004569888114929199,0.018592271478819117,0.016564279345428375
1,43,-8.392079597372232,-2.2147782174032447,0.0,1.0,0.0019360833502710048,0.04781511842527025,0.0005631443745792095,0.039450709216972524,0.04781511842527025,0.039450709216972524,0.00836440920829773,0.0338380995976563,0.027898705967380828
1,43,-7.994130369045248,-8.072162198018887,0.0,1.0,0.014011065578931406,0.04131160459615768,0.013024448520415857,0.03246308646299423,0.04131160459615768,0.03246308646299423,0.008848518133163452,0.030846058362182946,0.024733461564900312
1,43,-0.45137475529594084,10.134308817705207,0.0,1.0,0.00930074282079274,0.007057308266326542,0.0068502915659480745,0.007802373776599522,0.007057308266326542,0.007802373776599522,-0.0007450655102729797,0.008255586502014519,0.007341782177655068
1,43,-5.648275163907155,1.360013280136922,0.0,1.0,0.0037508016069622667,0.07286172457546652,0.005602535380909029,0.06566994734615744,0.07286172457546652,0.06566994734615744,0.007191777229309082,0.05158924025805155,0.04660434736771575
1,43,-7.030622616461152,2.959926147687222,0.0,1.0,-0.007453139263328128,0.07128562332115479,-0.006713307785924487,0.06402476430855103,0.07128562332115479,0.06402476430855103,0.00726085901260376,0.05068130511916663,0.0455205390246758
1,43,2.5386294791029655,-7.281410152493491,0.0,-1.0,-0.01734558621019816,-0.028704683311297885,-0.016366445809311625,-0.021709303386523715,0.028704683311297885,0.021709303386523715,0.00699537992477417,0.023715271503583085,0.019224390783029562
1,43,9.655436400119154,-3.402976472750333,0.0,-1.0,0.007362786234431192,-0.018320206932045113,0.0066493577520179,-0.013659064105964791,0.018320206932045113,0.013659064105964791,0.004661142826080322,0.013961386091052765,0.010742066625309497
1,43,0.1961353204162961,3.6907877360363397,0.0,-1.0,0.01617964451679413,-0.0021152237576217703,0.016841561547605438,-0.00362255071818543,0.0021152237576217703,0.00362255071818543,-0.0015073269605636597,0.011538090575017902,0.012181154893268696
1,43,-0.5216606751670465,-2.6192652816541404,0.0,1.0,-0.010534251322329595,-0.0013743711914409457,-0.010383447845757558,-0.003119237562595731,-0.0013743711914409457,-0.003119237562595731,0.0017448663711547852,0.0075119686864984206,0.007666343070117441
1,43,6.67833222122729,10.38115024017289,0.0,-1.0,-0.013752462231955975,-0.020656612889210946,-0.013678194844565839,-0.017247316615025765,0.020656612889210946,0.017247316615025765,0.0034092962741851807,0.017547448154875557,0.01556539341977663
1,43,2.038209168927729,8.038313775812512,0.0,-1.0,0.014450820267525144,-0.027514960391793547,0.014531092822876401,-0.025233488304887114,0.027514960391793547,0.025233488304887114,0.002281472086906433,0.0219761148951115,0.020589822615310758
1,43,2.637037484433037,-4.537145700283162,0.0,-1.0,-0.016624416358512195,-0.03958025665882936,-0.0157684564066346,-0.02505052180889955,0.03958025665882936,0.02505052180889955,0.01452973484992981,0.030355954411284566,0.02093051433130691
1,43,7.2209241184452715,-1.7145658399635977,0.0,-1.0,-0.006458600636110607,-0.08300721248669718,-0.0018932126718619498,-0.07343744834942911,0.08300721248669718,0.07343744834942911,0.009569764137268066,0.05887236553336576,0.05194537069988031
1,43,-4.389596069840185,9.48224843874154,0.0,1.0,-0.006244457032156425,0.023965523167127745,-0.005774995948744255,0.02073176257180609,0.023965523167127745,0.02073176257180609,0.0032337605953216553,0.017511989382999645,0.015217696237304653
1,43,-7.573103227674183,-2.7063598904982538,0.0,1.0,0.0026860272042999317,0.06643607685107711,0.0033697353207120945,0.05293461153048995,0.06643607685107711,0.05293461153048995,0.013501465320587158,0.04701577952934771,0.03750618758295446
1,43,5.7266063092041435,-0.09000755256226078,0.0,-1.0,0.0032546307094868006,-0.08061173713177944,0.003115433374839622,-0.07155069863766933,0.08061173713177944,0.07155069863766933,0.009061038494110107,0.057047545014918224,0.050641921372770016
1,43,1.6507532126088584,-9.566353168350155,0.0,-1.0,-0.00281362176463823,-0.0005802609079312571,-0.0011492216639302222,0.0002714000589419119,0.0005802609079312571,-0.0002714000589419119,0.0008516609668731689,0.0020313997828737642,0.0008349755759422613
1,43,-4.966038230863009,2.9949409024859364,0.0,1.0,-0.004172266087228704,0.03450382620404324,-0.006253306380206991,0.029708781543475005,0.03450382620404324,0.029708781543475005,0.004795044660568237,0.024575616238677107,0.021467598159582952
1,43,-8.113016608058164,-10.245929386527566,0.0,1.0,0.020328704273543267,0.015093867797296878,0.019431997096381097,0.011988912839334842,0.015093867797296878,0.011988912839334842,0.003104954957962036,0.017903645753357778,0.016145224405732662
1,43,3.4484415194367593,-3.6373109856116415,0.0,-1.0,-0.009775427042929705,-0.061696255235903774,-0.01249864777871805,-0.049048537044756924,0.061696255235903774,0.049048537044756924,0.01264771819114685,0.04417005141498833,0.03579088698626611
1,43,8.85277940864339,-1.7145331517765872,0.0,-1.0,0.009916262443193734,-0.044999561241734765,0.011342095418849528,-0.03711094611035659,0.044999561241734765,0.03711094611035659,0.007888615131378174,0.0325829155600825,0.027439619619230134
1,43,7.969363131271198,9.045608999236304,0.0,-1.0,-0.01569533568559571,-0.020484517967336358,-0.01406043988405152,-0.01395411387645501,0.020484517967336358,0.01395411387645501,0.006530404090881348,0.018247726415058674,0.014007377766914495
1,43,-2.59119283482762,9.808170393387012,0.0,1.0,-0.008445321304310055,0.021700522593947058,-0.009680299741733761,0.01956380038687766,0.021700522593947058,0.01956380038687766,0.002136722207069397,0.016465663253926944,0.01543454710491055
1,43,-10.14064321518923,10.075123542094694,0.0,1.0,-0.011531771719314615,0.008995218338750444,-0.010328742302813092,0.008219165863774858,0.008995218338750444,0.008219165863774858,0.0007760524749755859,0.01034155964901273,0.009333745364379795
1,43,-7.56596714611567,-0.004177578327993814,0.0,1.0,0.0015187400256041466,0.06836248691041846,0.0008514907073918759,0.057411444735125494,0.06836248691041846,0.057411444735125494,0.010951042175292969,0.04835150560139006,0.040600486591906404
1,43,-3.951149663139258,-2.0646176479037788,0.0,1.0,-0.0005755626746642428,0.06784455531059658,-0.0037314609774577456,0.06201554887710964,0.06784455531059658,0.06201554887710964,0.0058290064334869385,0.04797507143134372,0.04393092363902371
1,43,8.168776899771025,2.696555664234351,0.0,-1.0,-0.0022051264480509,-0.07260806762549188,-0.003467346070782109,-0.06160236799093988,0.07260806762549188,0.06160236799093988,0.011005699634552002,0.05136532909930538,0.04362839803881035
1,43,-8.383187077272487,-4.252098158767298,0.0,1.0,0.010165653224443166,0.06757545968006684,0.008691513012503354,0.0551716138930185,0.06757545968006684,0.0551716138930185,0.01240384578704834,0.04832071634636624,0.03949334993392449
1,43,-0.4157759820673341,-10.127425226050674,0.0,1.0,0.004384987121279604,0.018979069410835984,0.007102556591685183,0.01672138702777553,0.018979069410835984,0.01672138702777553,0.0022576823830604553,0.013773764695157207,0.01284622696107208
1,43,9.74651500062691,-10.095047896097514,0.0,-1.0,0.029986309754591683,-0.02586736137655199,0.029456061479565004,-0.02463902885702074,0.02586736137655199,0.02463902885702074,0.00122833251953125,0.028002670919784187,0.027154569605363055
1,43,-0.6603281886367025,-2.1385680923029255,0.0,1.0,-0.00019377875822981783,0.017829259280685655,0.00010329079133072905,0.0142779698414843,0.017829259280685655,0.0142779698414843,0.003551289439201355,0.012607934737796207,0.01009631348022408
1,43,9.139501322710867,6.39738236035144,0.0,-1.0,-0.01968129530948169,-0.03119962022682693,-0.01965995870929725,-0.024992213705983424,0.03119962022682693,0.024992213705983424,0.006207406520843506,0.026084187617762357,0.022484713944998482
1,43,-5.547096072550841,8.754436687450806,0.0,1.0,-0.01044786218378177,0.02333593374608539,-0.011641869878502992,0.019664824069724307,0.02333593374608539,0.019664824069724307,0.003671109676361084,0.018079320064827993,0.01615918376591472
1,43,6.430656572425907,8.616034033824427,0.0,-1.0,-0.008681995018463964,-0.028163627458029028,-0.0086756098708924,-0.026268348765783545,0.028163627458029028,0.026268348765783545,0.0018952786922454834,0.02083946915225145,0.019561343940444988
1,43,-6.333482861114831,2.166052955326675,0.0,1.0,-0.0007187805563804977,0.05322753281250037,-0.00044959666734908747,0.04412652940406836,0.05322753281250037,0.04412652940406836,0.009101003408432007,0.037640980956890814,0.03120378770607345
1,43,5.86002788183049,-8.217426241321439,0.0,-1.0,0.005597125905612427,-0.021993117707538867,0.004550602453807312,-0.019438850062656665,0.021993117707538867,0.019438850062656665,0.002554267644882202,0.016047196716263833,0.0141169556642189
1,43,-8.772430099008142,-0.4973929441390368,0.0,1.0,0.0069810444370165346,0.06186990074027077,0.006856608099515724,0.054573100126867446,0.06186990074027077,0.054573100126867446,0.00729680061340332,0.04402623989760287,0.03889239213578566
1,43,-7.865859466128546,7.888299493076477,0.0,1.0,-0.01966223608193246,0.0326623012818002,-0.018307776408766185,0.0291946818627023,0.0326623012818002,0.0291946818627023,0.0034676194190979004,0.026957646899949686,0.02436702819485559
1,43,-10.482460964103504,-6.917996843147617,0.0,1.0,0.024881122069897368,0.030280261289037103,0.02300053731957288,0.026974468480504388,0.030280261289037103,0.026974468480504388,0.003305792808532715,0.027712492302114335,0.025066378545721253
1,43,5.008639366954359,6.883484076744253,0.0,-1.0,-0.005117805808822179,-0.031899214360292805,-0.0012098049223819018,-0.027245164486940754,0.031899214360292805,0.027245164486940754,0.004654049873352051,0.022844603444804254,0.019284224328070303
1,43,-0.7936592772138393,9.55418346092289,0.0,1.0,0.006076644114473395,0.01309284643114314,0.003289277605035834,0.011846103526956892,0.01309284643114314,0.011846103526956892,0.0012467429041862488,0.010206572180792673,0.008693374371737674
1,43,-10.223864923901983,3.4784101817785995,0.0,1.0,-0.007491482714830409,0.013159400719985115,-0.007194092673888873,0.00997153570114051,0.013159400719985115,0.00997153570114051,0.0031878650188446045,0.010707290520382539,0.00869443769428539
1,43,10.358460214152025,-9.900925680817414,0.0,-1.0,0.015781341532115443,-0.01235439325011356,0.014947717489544852,-0.01191045785582645,0.01235439325011356,0.01191045785582645,0.0004439353942871094,0.014171834269630085,0.013514682099159103
1,43,-6.930320288850568,-3.616301117458872,0.0,1.0,0.002618035299903898,0.041801171099566325,0.0032430756820507334,0.03202717164697538,0.041801171099566325,0.03202717164697538,0.009773999452590942,0.029615806709650524,0.02276243905630867
1,43,2.468969739161743,-8.346809215690486,0.0,-1.0,-0.00542112964788094,-0.007412658552584661,-0.006867972795158772,-0.001949445824084295,0.007412658552584661,0.001949445824084295,0.005463212728500366,0.0064936951528517355,0.0050482367880320695
1,43,-2.3233757708361598,-5.1793262622026095,0.0,1.0,-0.017820522857252455,0.03441487013971006,-0.017914929163996077,0.026811671849838847,0.03441487013971006,0.026811671849838847,0.007603198289871216,0.02740396250215436,0.022801430156181413
1,43,1.0540470668264614,-3.4366609834971484,0.0,-1.0,-0.003544367298368878,-0.01286361654254116,-0.004316284701113171,-0.012401941315852774,0.01286361654254116,0.012401941315852774,0.000461675226688385,0.009434913091790651,0.00928543111607963
1,43,-7.4640697321127565,-9.602929526858329,0.0,1.0,0.018314364665148367,0.025659037013680275,0.01652263786732923,0.019186449428231056,0.025659037013680275,0.019186449428231056,0.006472587585449219,0.022291277818436626,0.017904153201938503
1,43,-4.867419826989666,4.570845505052539,0.0,1.0,0.0043037855378221385,0.06528435403928629,0.004348019634826075,0.04796294624433389,0.06528435403928629,0.04796294624433389,0.017321407794952393,0.046263211368659025,0.034053997468591675
1,43,3.5744301056254972,-6.839884910136343,0.0,-1.0,-0.01727819081643764,-0.06079889509803721,-0.01797481265166942,-0.04179285142547556,0.06079889509803721,0.04179285142547556,0.019006043672561646,0.04469363222558311,0.032169366796181195
1,43,-7.180491685138424,6.405363960939432,0.0,1.0,-0.006951494344080128,0.04911769009419931,-0.0071544034560567515,0.03807831383534921,0.04911769009419931,0.03807831383534921,0.011039376258850098,0.03507756229989181,0.027396564322514822
1,43,-6.370159209613353,3.0889494370891803,0.0,1.0,-0.01847652998774589,0.07480492348455692,-0.01467827801614345,0.0619696592786243,0.07480492348455692,0.0619696592786243,0.012835264205932617,0.0544846709539412,0.04503160288413009
1,43,1.1717431533577578,6.970443238624185,0.0,-1.0,-0.0037809979926118342,-0.019198271202187644,-0.004204027057743975,-0.014471220540146934,0.019198271202187644,0.014471220540146934,0.0047270506620407104,0.013835995861752817,0.01065575120354764
1,43,-4.543725010445004,9.95314995705036,0.0,1.0,-0.007969715808248734,0.033142282812545776,-0.009887644265508866,0.030609204618881225,0.033142282812545776,0.030609204618881225,0.0025330781936645508,0.024103187342040647,0.022745207369045794
1,43,-4.020196472885795,-7.581651784164704,0.0,1.0,-0.013217853441071584,0.03440809810312728,-0.01167151524050243,0.029475247503838342,0.03440809810312728,0.029475247503838342,0.00493285059928894,0.026063661145971792,0.02241667329714435
1,43,2.7536527346710677,4.454408999339423,0.0,-1.0,0.0024886514619414657,-0.033732937125970974,0.0025851886347358077,-0.02052833273868765,0.033732937125970974,0.02052833273868765,0.013204604387283325,0.023917613104611154,0.014630373291673769
1,43,3.537015053521417,0.7845219003972996,0.0,-1.0,0.01075263394678145,-0.05010417488116459,0.007828884559517198,-0.04323104408282474,0.05010417488116459,0.04323104408282474,0.006873130798339844,0.036235669424724316,0.031066176188399682
1,43,-6.386355807095029,7.41487021539438,0.0,1.0,-0.007052574082942867,0.01495578281131138,-0.006045214608045482,0.013233238379624979,0.01495578281131138,0.013233238379624979,0.0017225444316864014,0.011692182018222995,0.010287449092688285
1,43,5.2378857080339145,5.268751597139637,0.0,-1.0,0.009819007840714905,-0.06307319058013455,0.010065465596280548,-0.05655619753432767,0.06307319058013455,0.05655619753432767,0.006516993045806885,0.04513668289171234,0.0406196816654919
1,43,3.6577875210571786,-7.257956227875729,0.0,-1.0,-0.005037904726365283,-0.014198736233394127,-0.003974468456605151,-0.009737626595180016,0.014198736233394127,0.009737626595180016,0.004461109638214111,0.010653276365922197,0.007436994393560697
1,43,4.513945631688857,-9.698434148952648,0.0,-1.0,0.009117520460708184,-0.007237968061143463,0.00940335453472857,-0.00547483286636502,0.007237968061143463,0.00547483286636502,0.0017631351947784424,0.008231566102679526,0.007694051969555151
1,43,-1.1189610359795505,1.9592138490098066,0.0,1.0,0.00624014900363655,0.02433617767532406,0.006204848152768325,0.024367991654472926,0.02433617767532406,0.024367991654472926,-3.1813979148864746e-05,0.01776497964300167,0.017780595573143418
1,43,-8.335032358283454,-6.631041756125482,0.0,1.0,0.016398637345096688,0.04902574726715103,0.01591095586683474,0.041160437551880036,0.04902574726715103,0.041160437551880036,0.007865309715270996,0.03655433764875632,0.031203686769824
1,43,5.6381668096811275,-2.3020849298080446,0.0,-1.0,0.004974235258413024,-0.06617321540144039,0.004247036240411468,-0.05726720858839107,0.06617321540144039,0.05726720858839107,0.008906006813049316,0.0469235412824494,0.04060523670866641
1,43,10.037000258416914,8.998402765422451,0.0,-1.0,-0.016811382360624363,-0.01192594880347364,-0.016000483520196965,-0.010063929503012825,0.01192594880347364,0.010063929503012825,0.0018620193004608154,0.014574821298015737,0.013365967041739004
1,43,-8.076136764053103,4.473126661065205,0.0,1.0,-0.0013662782786390132,0.022456162477825337,-0.0019275882570049113,0.018006973768566303,0.022456162477825337,0.018006973768566303,0.004449188709259033,0.01590826749783224,0.01280559840051175
1,43,0.19625631349240713,9.54057739692767,0.0,-1.0,-0.001034470724694453,0.0016528196888886681,-0.005212905335061274,0.0005686614918433419,-0.0016528196888886681,-0.0005686614918433419,-0.0010841581970453262,0.0013787571584996214,0.0037079480797751058
1,43,3.0064372258964003,9.300299481103664,0.0,-1.0,0.005492744042610631,-0.031046420087855436,0.005329337908958898,-0.028176218023341276,0.031046420087855436,0.028176218023341276,0.00287020206451416,0.02229406240896024,0.020276847691970367
1,43,-8.351868190952695,-7.47925418143565,0.0,1.0,0.013606966511747108,0.034845904544342776,0.013519075737735496,0.02553863926266553,0.034845904544342776,0.02553863926266553,0.009307265281677246,0.026451716401447903,0.020432663852165606
1,43,-2.7705122825923825,-7.482892026999031,0.0,1.0,-0.020792368836471717,0.02866350498193221,-0.018819186873504798,0.020822454357084796,0.02866350498193221,0.020822454357084796,0.007841050624847412,0.02503916052587559,0.019846112969959317
1,43,4.639673481888783,-2.8184950662819777,0.0,-1.0,-0.0027701917767474354,-0.07264139211191856,-0.0034769836544940175,-0.06386061465754234,0.07264139211191856,0.06386061465754234,0.00878077745437622,0.05140255738014142,0.04522315512971607
1,43,3.735716483462472,-6.793086057287422,0.0,-1.0,-0.009385797956560402,-0.025263170500020138,-0.008482817390535621,-0.01637954523108398,0.025263170500020138,0.01637954523108398,0.008883625268936157,0.01905677027980425,0.0130431532395027
1,43,6.702108141935163,8.664678203415221,0.0,-1.0,-0.025613274310907583,-0.03778672598267879,-0.026477854584535818,-0.03376788280869808,0.03778672598267879,0.03376788280869808,0.004018843173980713,0.032279068151170744,0.030342599532520213
1,43,1.3066097113648336,-9.04312327996982,0.0,-1.0,-0.015247558442878117,-0.0033341474417530326,-0.011495565263556828,-0.0033555008057438163,0.0033341474417530326,0.0033555008057438163,-2.135336399078369e-05,0.011036407423440203,0.008467803917960127
1,43,10.403782713685331,-4.019305324246052,0.0,-1.0,0.011678006355760122,-0.027236467552630705,0.011945427018327142,-0.02191007728621225,0.027236467552630705,0.02191007728621225,0.005326390266418457,0.020954724970644198,0.01764574613523007
1,43,-2.0405165054887373,3.4515312596574663,0.0,1.0,0.009936067722166746,0.0070380055532055785,0.011389579139078825,0.005534269772489636,0.0070380055532055785,0.005534269772489636,0.0015037357807159424,0.008609847964582081,0.008954067647723912
1,43,4.100206596352223,-3.6281743815329826,0.0,-1.0,0.006757357173867079,-0.03942415262143473,0.0073435018000076735,-0.031173677691625157,0.03942415262143473,0.031173677691625157,0.00825047492980957,0.02828361438972565,0.02264646991815771
1,43,6.844870755060342,-6.989906147514343,0.0,-1.0,0.014506608131806792,-0.0623958074585802,0.015498980763833464,-0.05112355585259265,0.0623958074585802,0.05112355585259265,0.011272251605987549,0.04529723207822976,0.037774570598028245
1,43,5.952020276316063,2.4289598181597096,0.0,-1.0,0.009271517804032459,-0.07677037120784458,0.010155473312502994,-0.06592608095134433,0.07677037120784458,0.06592608095134433,0.010844290256500244,0.05467929652885424,0.04716662902839341
1,43,9.193722516345886,3.2428638895424786,0.0,-1.0,-0.007021846118502192,-0.050309704283858725,-0.007832934948734813,-0.04349081371226449,0.050309704283858725,0.04349081371226449,0.006818890571594238,0.03591916388253795,0.031247445873751056
1,43,3.4510648547579716,3.291470084285381,0.0,-1.0,0.018095240259552246,-0.053888285173878836,0.015535578394317871,-0.04386373759697454,0.053888285173878836,0.04386373759697454,0.010024547576904297,0.04019567762230294,0.03290426774768156
1,43,-1.8970558806267306,-5.784971392242273,0.0,1.0,-0.008697539647059355,0.01443879097677131,-0.009120084424452696,0.011672047674426034,0.01443879097677131,0.011672047674426034,0.002766743302345276,0.011919015915398845,0.010474078403926975
1,43,-2.4650142085588307,-9.71015861001976,0.0,1.0,-0.006783997182564977,0.03189819263795213,-0.004849528436379674,0.02755045103410081,0.03189819263795213,0.02755045103410081,0.004347741603851318,0.023059892793993564,0.01978061270837738
1,43,10.30327939703339,4.248766393220471,0.0,-1.0,-0.008571008823046882,-0.01159165657356459,-0.00793241956008454,-0.008925361998827042,0.01159165657356459,0.008925361998827042,0.002666294574737549,0.010193838687271117,0.008443499478513564
1,43,6.872207657815093,6.866833308469374,0.0,-1.0,-0.008821150338070696,-0.045373827543629786,-0.009669957732575243,-0.03115078839339175,0.045373827543629786,0.03115078839339175,0.014223039150238037,0.03268483531583035,0.023063821236729853
1,43,-3.6150348837755537,0.2616479571443726,0.0,1.0,0.013687130810099013,0.052650465646764344,0.012361686026083596,0.04562176672556073,0.052650465646764344,0.04562176672556073,0.007028698921203613,0.038466927890292164,0.03342272341214096
1,43,-8.368421777622892,9.339153112224004,0.0,1.0,-0.0244791753134235,0.02464653506584724,-0.022770004673908578,0.02124525561638435,0.02464653506584724,0.02124525561638435,0.0034012794494628906,0.02456299772805999,0.022020831036263473
1,43,5.124532465125856,10.57408699353492,0.0,-1.0,-0.013105169349013707,-0.02377442795599255,-0.014148749821483037,-0.01844613034094128,0.02377442795599255,0.01844613034094128,0.0053282976150512695,0.019195948638983804,0.01643847386568946
1,43,9.477095834292005,6.245278152610659,0.0,-1.0,-0.0174062402665835,-0.029069392749143275,-0.017173161891124784,-0.025470732518506678,0.029069392749143275,0.025470732518506678,0.0035986602306365967,0.023958368006001332,0.021721828932759025
1,43,-3.2530230208551885,6.410936976241608,0.0,1.0,0.012436846787939118,0.03866762389785516,0.009942153985509919,0.029708479543988586,0.03866762389785516,0.029708479543988586,0.008959144353866577,0.02872159723912174,0.022152202855327718
1,43,-8.173447648394767,-5.416225989799216,0.0,1.0,0.011902730680426118,0.06691059349151618,0.012271441287716386,0.043059079628906316,0.06691059349151618,0.043059079628906316,0.023851513862609863,0.048055709957494565,0.0316596952746419
1,43,-4.4248155128580064,-8.630966982988006,0.0,1.0,-0.0045387818531995305,0.03623155490438795,-0.0025204344706540593,0.03309354917089796,0.03623155490438795,0.03309354917089796,0.0031380057334899902,0.025819819049526783,0.023468442498890955
1,43,0.9873802403682674,-7.269137353383909,0.0,-1.0,-0.01139477988239214,-0.001090987343930691,-0.011322509250601978,8.77764628892247e-05,0.001090987343930691,-8.77764628892247e-05,0.0011787638068199158,0.008094172655459777,0.008006463652493676
1,43,-6.185240687263012,5.734693383990194,0.0,1.0,-0.00834088778730338,0.05164905689822019,-0.008096072884759359,0.044241630064113746,0.05164905689822019,0.044241630064113746,0.007407426834106445,0.03699456370573907,0.03180305195170134
1,43,-3.114228898961235,-0.9805323857015527,0.0,1.0,0.011324463733672803,0.06948845463764725,0.009892672621845906,0.05535875636112747,0.06948845463764725,0.05535875636112747,0.014129698276519775,0.04978397737617812,0.039764663191417145
1,43,6.788094280053684,-3.2754874135614473,0.0,-1.0,0.0031595593039085504,-0.08004655860069121,0.004338062340407574,-0.0724578740418228,0.08004655860069121,0.0724578740418228,0.007588684558868408,0.056645539801509555,0.05132719695994474
1,43,5.731615934139157,0.2484754093921282,0.0,-1.0,0.004861890624067966,-0.03147983633963508,0.002942740271589939,-0.028854341144246287,0.03147983633963508,0.028854341144246287,0.002625495195388794,0.022523521887247225,0.020508933701860042
1,43,-6.27821428799167,-4.445324072488567,0.0,1.0,0.003909533547350061,0.07366330606530919,0.0020615138878308653,0.061965656109559675,0.07366330606530919,0.061965656109559675,0.011697649955749512,0.05216113070586791,0.043840576961291976
1,43,10.408362949712703,-5.759185045636457,0.0,-1.0,0.013762581590206553,-0.017218963002661958,0.012858667838962008,-0.016218916272620454,0.017218963002661958,0.016218916272620454,0.001000046730041504,0.015586874909906309,0.014635548907557729
1,43,-6.90123418266019,7.863443180535455,0.0,1.0,-0.006587842272951908,0.03050639426132068,-0.0056883709303882785,0.024292401427229493,0.03050639426132068,0.024292401427229493,0.0062139928340911865,0.022068526872453805,0.0176419717002288
1,43,-8.738177757017645,-3.170001948896556,0.0,1.0,0.0104253753257555,0.06293373234773092,0.009091015456394576,0.04884355195069723,0.06293373234773092,0.04884355195069723,0.014090180397033691,0.04510733376014761,0.035130749559245555
1,43,-2.3572506244856903,0.11716762290184235,0.0,1.0,0.014513253541242287,0.03168716759367762,0.010498044853609011,0.023306307503421886,0.03168716759367762,0.023306307503421886,0.008380860090255737,0.024644584785122624,0.01807474640475553
1,43,-3.5371189776662835,5.687996430003313,0.0,1.0,0.006731637532927756,0.03601336400063032,0.005299978668906455,0.02753737489731306,0.03601336400063032,0.02753737489731306,0.00847598910331726,0.025906344112172772,0.01982923082378677
1,43,9.977298133593692,-2.860021676790237,0.0,-1.0,0.007528121454635162,-0.04181435216057816,0.00739505967310955,-0.037956918364649206,0.04181435216057816,0.037956918364649206,0.003857433795928955,0.030042575282793135,0.027344236680784267
1,43,-9.096674903830882,-8.700019603371317,0.0,1.0,0.02381003107318625,0.027961526233160505,0.02182840201446757,0.023616764861547956,0.027961526233160505,0.023616764861547956,0.004344761371612549,0.025968871067046963,0.022740170591168157
1,43,9.516472753114215,4.638359854771325,0.0,-1.0,-0.016382807208057487,-0.052797969978711556,-0.017077039269562805,-0.043218192261121224,0.052797969978711556,0.043218192261121224,0.009579777717590332,0.039089781311036444,0.032859073423739664
1,43,6.471957845483178,-5.184724474151994,0.0,-1.0,0.0066944712612511115,-0.05970193606651303,0.005597566983449598,-0.05069162112510678,0.05970193606651303,0.05069162112510678,0.00901031494140625,0.042480213720965,0.03606226010960473
1,43,8.439465973529671,-0.8824299073081132,0.0,-1.0,0.004003108259467584,-0.01938414482591011,0.00511303615215252,-0.014945446534131546,0.01938414482591011,0.014945446534131546,0.0044386982917785645,0.013995891296535482,0.011169366830707175
1,43,2.685023138891605,1.978770566181776,0.0,-1.0,0.009012046489745518,-0.047267862260824633,0.007805160466462513,-0.034167267978674365,0.047267862260824633,0.034167267978674365,0.013100594282150269,0.034025488862333954,0.02478227926395972
1,43,7.387024702330063,-3.91536802435417,0.0,-1.0,-0.003577020662082757,-0.07199727078411433,0.0017056793997153388,-0.06201104899380061,0.07199727078411433,0.06201104899380061,0.00998622179031372,0.05097255181555094,0.043865017608147344
1,43,-1.6861810267782005,7.899915776563194,0.0,1.0,0.012403074035950534,0.033968769939161064,0.012634086737938754,0.027118497522092583,0.033968769939161064,0.027118497522092583,0.0068502724170684814,0.025570623542660462,0.0211545864478309
1,43,-8.20124688310663,-3.6856885312598546,0.0,1.0,0.009156563320487351,0.0664903641604464,0.0074602896359857035,0.056415391054062125,0.0664903641604464,0.056415391054062125,0.010074973106384277,0.047459515263173886,0.040238987743453164
1,43,9.159941475841478,-3.7583303939153376,0.0,-1.0,0.010409257362304046,-0.05267102333655749,0.011288865456996276,-0.047233887640146355,0.05267102333655749,0.047233887640146355,0.005437135696411133,0.03796438685238354,0.03434005405432652
1,43,-10.166115198370843,-7.194084892340079,0.0,1.0,0.026958562067884204,0.02916675159455273,0.026095417893666026,0.026559286804208493,0.02916675159455273,0.026559286804208493,0.0026074647903442383,0.02808436813733139,0.02632837395846227
1,43,-6.908928047628585,-2.9820074398251046,0.0,1.0,0.006923630862848102,0.06631236015279418,0.005350457533613979,0.050300287589622794,0.06631236015279418,0.050300287589622794,0.016012072563171387,0.04714480763222429,0.03576832626373345
1,43,2.055081152775548,2.8039351258884047,0.0,-1.0,0.011518090078390282,-0.016167163873998414,0.011205519595897835,-0.011446326996175538,0.016167163873998414,0.011446326996175538,0.004720836877822876,0.014036445183568239,0.011326563272180738
1,43,5.769674561913547,-4.850429444961228,0.0,-1.0,0.000335283919455108,-0.04673395290696847,0.0024767595969453424,-0.0409001781018995,0.04673395290696847,0.0409001781018995,0.00583377480506897,0.03304674544957031,0.028973771819251978
1,43,-9.622818440401709,-9.846348017724269,0.0,1.0,0.029174868015585262,0.02852183768124017,0.0280138375219086,0.02500754782528314,0.02852183768124017,0.02500754782528314,0.0035142898559570312,0.02885020059238611,0.026553272311880108
1,43,-9.230714877915224,8.813983080084224,0.0,1.0,-0.02639660947859166,0.026258473992928633,-0.025528855257629136,0.023309265971764692,0.026258473992928633,0.023309265971764692,0.0029492080211639404,0.026327632331854155,0.024444266514946262
1,43,9.775694465480736,9.955586803124664,0.0,-1.0,-0.026869672047164006,-0.020664895111812964,-0.02474095083233313,-0.019374216133846656,0.020664895111812964,0.019374216133846656,0.0012906789779663086,0.023968908672532194,0.022220203631930665
1,43,-8.747407223688157,-2.1235236846620236,0.0,1.0,0.0035439928245138523,0.019845227543786537,0.004021557578478396,0.017706076447442542,0.019845227543786537,0.017706076447442542,0.002139151096343994,0.014254699951329552,0.012838965466884327
1,43,-10.325098142043306,2.922409217193856,0.0,1.0,-0.005745095431699998,0.01816226608390553,-0.005928823955252416,0.015618041821667983,0.01816226608390553,0.015618041821667983,0.002544224262237549,0.013469855805128824,0.011812581932747495
1,43,7.4199289694808215,5.362634800114126,0.0,-1.0,-0.008994497424147312,-0.036981068969908326,-0.007642779564640705,-0.028459184290114015,0.036981068969908326,0.028459184290114015,0.008521884679794312,0.026911897425396347,0.020836713391659947
1,43,3.027165930210373,-7.515737619113346,0.0,-1.0,-0.03198022325331229,-0.04483111061180722,-0.02970147807890433,-0.036457641497503634,0.04483111061180722,0.036457641497503634,0.008373469114303589,0.038939460435526006,0.03325159713180807
1,43,6.547326151692577,-0.6973539323426472,0.0,-1.0,0.006004088298989999,-0.0644381504956677,0.0077327645585076685,-0.05653290566839719,0.0644381504956677,0.05653290566839719,0.007905244827270508,0.04576201653994494,0.04034702635281321
1,43,5.703014612095416,-3.427656690412209,0.0,-1.0,-0.011936534297508107,-0.08246072184475262,-0.006887473267358647,-0.07154222380550701,0.08246072184475262,0.07154222380550701,0.010918498039245605,0.058916260481268024,0.05082188049967176
1,43,1.6451592874253578,-9.046471459861163,0.0,-1.0,-0.0015003752545374172,-0.010048962928934035,0.00012993098935906722,-0.006128437616510329,0.010048962928934035,0.006128437616510329,0.003920525312423706,0.007184454810614328,0.0043344336239844895
1,43,-3.206023101874579,9.607579195486444,0.0,1.0,-0.001703020279518852,0.02182466779968753,-0.0033287220646064375,0.017301926958775665,0.02182466779968753,0.017301926958775665,0.004522740840911865,0.015479282971752441,0.01245867302464845
1,43,-9.62740793924338,-8.993604524518982,0.0,1.0,0.023097695401600594,0.02564240489954117,0.021011341913334126,0.023046026573125156,0.02564240489954117,0.023046026573125156,0.0025963783264160156,0.024403242222060723,0.022052163497129053
1,43,-5.5687309641269245,0.862397268671355,0.0,1.0,0.005475488191147099,0.0784166494618515,0.004570020993848095,0.0671747962246994,0.0784166494618515,0.0671747962246994,0.0112418532371521,0.05558395399642908,0.04760954914570239
1,43,-3.56294116668807,-6.746363953486517,0.0,1.0,-0.006595233539956696,0.022766513738978644,-0.00489311860026706,0.01646341196094825,0.022766513738978644,0.01646341196094825,0.0063031017780303955,0.016760239456428915,0.01214468079103303
1,43,9.67605806249324,0.09319761329511245,0.0,-1.0,0.0010481204441464042,-0.051118066227285985,0.0014465039199864959,-0.04476319781526816,0.051118066227285985,0.04476319781526816,0.006354868412017822,0.03615352853652485,0.03166888261558469
1,43,10.322067616843167,5.118953786156899,0.0,-1.0,-0.012187929386175883,-0.009565847647941439,-0.013145641917265666,-0.005922036898887484,0.009565847647941439,0.005922036898887484,0.003643810749053955,0.010955616457918661,0.010195058176605884
1,43,-7.062844228833741,-0.7216127508366981,0.0,1.0,0.0069095380294726255,0.0349647787949548,0.006038084595243728,0.02665338791818478,0.0349647787949548,0.02665338791818478,0.00831139087677002,0.025201958971088432,0.019324357079817143
1,43,6.290506078656939,0.12296739383109312,0.0,-1.0,0.007725484360488058,-0.025604421633686036,0.008851769071550965,-0.021721328038181276,0.025604421633686036,0.021721328038181276,0.0038830935955047607,0.018911233642992662,0.01658568520499449
1,43,9.045875699246906,-1.5974865060295773,0.0,-1.0,0.002652785743332331,-0.06338641972827541,0.005667822438037817,-0.057139972165104025,0.06338641972827541,0.057139972165104025,0.006246447563171387,0.044860202173915405,0.04060234371448271
1,43,8.566199900262276,7.186926383170363,0.0,-1.0,-0.015120178424608617,-0.016298367750018194,-0.01689413931299439,-0.010654642354815558,0.016298367750018194,0.010654642354815558,0.005643725395202637,0.01572031467412203,0.014123267094335718
1,43,-0.7727369896142857,0.4783120822034803,0.0,1.0,0.02301594928817239,0.01753244906405424,0.02247972075806346,0.015269961056508768,0.01753244906405424,0.015269961056508768,0.002262488007545471,0.02045874741790635,0.01921600317479943
1,43,9.906777204306447,8.15605788112266,0.0,-1.0,-0.026669929293820532,-0.019625751515429057,-0.02493350815577236,-0.01711356474975828,0.019625751515429057,0.01711356474975828,0.0025121867656707764,0.023414261157281395,0.02138403525294204
1,43,-4.742794214835628,-8.21904572675625,0.0,1.0,0.004911587981974788,0.031970672045900206,0.005506270973479457,0.02641122761840997,0.031970672045900206,0.02641122761840997,0.005559444427490234,0.022871899435455555,0.019077106231617572
1,43,-0.9236671021507217,-0.6587188759987921,0.0,1.0,0.005929625859450628,0.014909704015355435,0.009361236622523595,0.011909310505490628,0.014909704015355435,0.011909310505490628,0.003000393509864807,0.011345918575826543,0.01071131242703401
1,43,-7.823248639116661,8.89319398699665,0.0,1.0,-0.015153452861297073,0.025014695544798737,-0.014703780519950332,0.022457209249098664,0.025014695544798737,0.022457209249098664,0.0025574862957000732,0.020680451238047567,0.018980613910470248
1,43,-5.151413959916203,2.751814266903626,0.0,1.0,-0.011069595034029704,0.08252690937098733,-0.009314342553522807,0.06857709791239969,0.08252690937098733,0.06857709791239969,0.013949811458587646,0.058877953023795636,0.04893656779592955
1,43,6.4288336176599366,9.254957815774436,0.0,-1.0,-0.01416304751301968,-0.038649323010230274,-0.014977030893814205,-0.0376327359912636,0.038649323010230274,0.0376327359912636,0.0010165870189666748,0.02910637459393705,0.028640306148699002
1,43,-8.36082623585785,4.395080209963922,0.0,1.0,-0.007800624616750622,0.02942475430189906,-0.0067117557901228905,0.021264729420536144,0.02942475430189906,0.021264729420536144,0.008160024881362915,0.02152517026806737,0.015767631133351383
1,43,-6.424632361772848,-7.917047837513232,0.0,1.0,-0.002990017789714333,0.047912479186006496,-0.0008350863636660544,0.03895032479757876,0.047912479186006496,0.03895032479757876,0.008962154388427734,0.03394514595735533,0.027548368110213536
2,44,0.0,0.0,0.0,-1.0,-0.008028001094204443,-0.018596094721029594,-0.0044578616860928705,-0.01876733886546929,0.018596094721029594,0.01876733886546929,-0.00017124414443969727,0.014322421939777723,0.013639749611039217
2,44,-8.020085492307615,-5.139842461449486,0.0,1.0,0.011310846227567888,0.059993903988098674,0.00961762541846583,0.05312631642172294,0.059993903988098674,0.05312631642172294,0.006867587566375732,0.04316945539450833,0.038176591094746457
2,44,9.96966486153742,-7.175405528434603,0.0,-1.0,0.020007088396401303,-0.01727975491666972,0.019443557213694947,-0.014490436355115766,0.01727975491666972,0.014490436355115766,0.002789318561553955,0.01869322759827188,0.017146787787861165
2,44,-7.15993318658381,-3.443137963298855,0.0,1.0,9.760307785634109e-05,0.07413550933766355,0.001692258293596545,0.06859788021016111,0.07413550933766355,0.06859788021016111,0.005537629127502441,0.05242176681072285,0.04852078372955171
2,44,2.4762284387688673,9.66691445241052,0.0,-1.0,0.013342630687028983,-0.016967512601113788,0.011300635161668876,-0.014213837617135516,0.016967512601113788,0.014213837617135516,0.0027536749839782715,0.01526306452714203,0.012840123341764355
2,44,9.341925574986767,9.067960367524304,0.0,-1.0,-0.025286107965413557,-0.0291681810363838,-0.023954983510676847,-0.02925845227089613,0.0291681810363838,0.02925845227089613,-9.02712345123291e-05,0.027296245538625,0.02673853272231955
2,44,-10.210924153540265,6.319421973694141,0.0,1.0,-0.01820823396775761,0.020967045763567393,-0.017937055360394357,0.01787124011857838,0.020967045763567393,0.01787124011857838,0.0030958056449890137,0.019636150237204483,0.017904177981378222
2,44,0.5070597934869525,-6.434973982149568,0.0,-1.0,-0.0028024604397245134,-0.021179760836076277,-0.003362192757649013,-0.0158897517547126,0.021179760836076277,0.0158897517547126,0.005290009081363678,0.015106886734029804,0.011484523302383507
2,44,7.339283015764128,-8.770692144401078,0.0,-1.0,0.020937067205191978,-0.040154593723969845,0.018487271601439842,-0.03540350748892346,0.040154593723969845,0.03540350748892346,0.004751086235046387,0.032021494189776685,0.028241702797314323
2,44,-6.301930194216229,-4.222583573763723,0.0,1.0,0.004186826435706059,0.020701210834768002,0.004812831668040196,0.014895211794164365,0.020701210834768002,0.014895211794164365,0.005805999040603638,0.014934350431609726,0.011068664848524049
2,44,-4.746481129959719,3.8993968729597164,0.0,1.0,0.001074526219358593,0.058976738603306655,-0.00024683797479614633,0.050585954339695816,0.058976738603306655,0.050585954339695816,0.00839078426361084,0.04170977285288695,0.03577009718636218
2,44,-4.499841354881124,-7.510237379706874,0.0,1.0,-5.6452581509394695e-05,0.037437974788355755,-0.0022698710652435256,0.029529749728846477,0.037437974788355755,0.029529749728846477,0.007908225059509277,0.026472675942823765,0.020942282990413657
2,44,-0.9855393096289902,-4.507335130516731,0.0,1.0,-0.02475771983432032,0.020900426879340378,-0.025879680414669287,0.015347732677870957,0.020900426879340378,0.015347732677870957,0.005552694201469421,0.022910396495186978,0.021275699244875653
2,44,10.27644945332155,3.1088678595266046,0.0,-1.0,-0.008863729127616933,-0.04473777001146273,-0.007602973078311733,-0.03922547285798983,0.04473777001146273,0.03922547285798983,0.0055122971534729,0.0322492927026803,0.02825281331622065
2,44,-8.197939202832154,8.76400273173045,0.0,1.0,-0.017966884049072644,0.031423652232821675,-0.016431986215010068,0.02909570342415163,0.031423652232821675,0.02909570342415163,0.002327948808670044,0.02559545703911282,0.023628056719887797
2,44,6.1779413205877205,8.61297918919518,0.0,-1.0,-0.013441914343049685,-0.047601312314015876,-0.01419040712039725,-0.039824902926427375,0.047601312314015876,0.039824902926427375,0.007776409387588501,0.03497549138484236,0.029894736554634368
2,44,10.155894321264146,8.376290170428899,0.0,-1.0,-0.030105857297788793,-0.02896662369067199,-0.02965326246620291,-0.02705099001223571,0.02896662369067199,0.02705099001223571,0.0019156336784362793,0.029541732613980368,0.02838196641823461
2,44,4.766439813999984,-4.73014074028808,0.0,-1.0,0.0026967651237806423,-0.06127237550196718,0.0028644851435979946,-0.05193205944476198,0.06127237550196718,0.05193205944476198,0.0093403160572052,0.043368055880952903,0.0367773304721277
2,44,-1.4633360755969846,-3.7081387071523473,0.0,1.0,-0.0328739243529266,0.012446815317955301,-0.03044022945384442,0.011235499924507425,0.012446815317955301,0.011235499924507425,0.001211315393447876,0.024855765064882105,0.022943888377477604
2,44,-2.4834105309689996,4.345726122738336,0.0,1.0,-0.017236350837669848,0.050405327641859954,-0.014632745448074816,0.03863889392603964,0.050405327641859954,0.03863889392603964,0.011766433715820312,0.03766821501533152,0.029215418559177767
2,44,-4.869847357936002,-6.236580735963024,0.0,1.0,-0.016980336889314773,0.05129502084182308,-0.01629999457268727,0.04837585356162594,0.05129502084182308,0.04837585356162594,0.0029191672801971436,0.03820674681281886,0.03609648896281681
2,44,-1.6202465508801023,4.853765203675067,0.0,1.0,0.018107588524251372,0.02459202477934125,0.018876652354627044,0.021226552820227174,0.02459202477934125,0.021226552820227174,0.0033654719591140747,0.021594587804717805,0.02008599697236038
2,44,4.110976322201646,10.526424205800645,0.0,-1.0,-0.00225127677270609,-0.02511142809429967,-0.003650600116936742,-0.021415254664810535,0.02511142809429967,0.021415254664810535,0.0036961734294891357,0.017827676069001656,0.015361315268759832
2,44,5.491284565518598,-0.49324381735918976,0.0,-1.0,-0.0050701000224370515,-0.08091451373363745,-0.004648766895713285,-0.07096035924221289,0.08091451373363745,0.07096035924221289,0.00995415449142456,0.05732741249606736,0.05028411089715412
2,44,2.1601508943199104,-8.113711370604594,0.0,-1.0,-0.021939853859595737,-0.028610046151334834,-0.020198921394996128,-0.02026281798189361,0.028610046151334834,0.02026281798189361,0.008347228169441223,0.02549403781437855,0.02023089491456796
2,44,-4.803296529882472,2.34653116429582,0.0,1.0,0.004998264041071756,0.07615084165398733,0.00408304217112623,0.06875172966782706,0.07615084165398733,0.06875172966782706,0.007399111986160278,0.053962641373615707,0.04870047004747062
2,44,-9.617468341698222,-9.760760280990695,0.0,1.0,0.027100615600798142,0.02260358604005469,0.02525480410710336,0.021479174218689334,0.02260358604005469,0.021479174218689334,0.0011244118213653564,0.024953611640525897,0.023443123251872536
2,44,3.9059987570992885,7.427829652527112,0.0,-1.0,0.0067792535137082,-0.05445314998242878,0.004476472766294565,-0.04592792744252705,0.05445314998242878,0.04592792744252705,0.008525222539901733,0.0388014421201842,0.03262984314698284
2,44,-9.514196684037444,4.273833587215078,0.0,1.0,-0.01388004516426251,0.058144577241835416,-0.013837746268257133,0.04991693089097482,0.058144577241835416,0.04991693089097482,0.008227646350860596,0.04226965528836101,0.03662774366077591
2,44,9.812610724495162,-5.741735337699505,0.0,-1.0,0.010184168720149316,-0.019089955773980316,0.008396702257447757,-0.013976771321923431,0.019089955773980316,0.013976771321923431,0.005113184452056885,0.015299406916168224,0.011529413371580739
2,44,7.073572213228221,-1.642792891640024,0.0,-1.0,-0.003967371796598562,-0.09279440326228072,-0.0005271220853234615,-0.0743763892127507,0.09279440326228072,0.0743763892127507,0.01841801404953003,0.06567549510957348,0.05259336997198132
2,44,4.610115865862907,-6.737816050103963,0.0,-1.0,-0.017769965021781783,-0.06005473590040872,-0.013042020290069442,-0.048011080981738063,0.06005473590040872,0.048011080981738063,0.012043654918670654,0.04428511578929871,0.0351792423900913
2,44,6.424102479899677,1.9991895117231184,0.0,-1.0,-0.006553677032249655,-0.04232506317133805,-0.006297719786422934,-0.03709246081347367,0.04232506317133805,0.03709246081347367,0.00523260235786438,0.03028499343817655,0.02660368323848582
2,44,7.763954379452038,-4.812967341820849,0.0,-1.0,0.009448190378766874,-0.04937517191446794,0.01055368890128694,-0.041140551820168625,0.04937517191446794,0.041140551820168625,0.008234620094299316,0.03554698231226307,0.030032693464732124
2,44,4.336768427927355,-3.699598913378434,0.0,-1.0,-0.01667753728207841,-0.04582120912188453,-0.013375745435326242,-0.03719370501154823,0.04582120912188453,0.03719370501154823,0.008627504110336304,0.03447987423981263,0.02794890211114489
2,44,-8.529986976854689,-8.52657111038706,0.0,1.0,0.010055200916036788,0.03725219802851942,0.008844313930973235,0.03207860426898268,0.03725219802851942,0.03207860426898268,0.005173593759536743,0.02728400010462078,0.023529330002739147
2,44,-8.15720565944083,2.2524262376974065,0.0,1.0,-0.007985436362920768,0.058446619086234886,-0.006661208235433764,0.04793271737572463,0.058446619086234886,0.04793271737572463,0.010513901710510254,0.04171195557941208,0.034219271545263094
2,44,6.886334593762335,-3.9622087725451136,0.0,-1.0,-0.000867579844963523,-0.07660884821143632,7.237050198319328e-05,-0.06620461904731278,0.07660884821143632,0.06620461904731278,0.010404229164123535,0.05417410967921059,0.04681376304405238
2,44,-8.832307639489487,-5.901937367485205,0.0,1.0,0.015862636398931353,0.01608369489361966,0.015545107555051653,0.012743122774860505,0.01608369489361966,0.012743122774860505,0.0033405721187591553,0.01597354805539065,0.014213330836811132
2,44,8.646820035014272,6.871176282632682,0.0,-1.0,-0.013994873102172574,-0.027987659250029495,-0.013826508607133588,-0.023509890113600662,0.027987659250029495,0.023509890113600662,0.004477769136428833,0.02212651738798579,0.01928584031636575
2,44,8.913113607721609,-6.626295302374105,0.0,-1.0,0.01889869541657796,-0.03992975867560372,0.017607453919776583,-0.034103166230230186,0.03992975867560372,0.034103166230230186,0.005826592445373535,0.03123736797763646,0.027138979167092563
2,44,-2.623464435084136,-6.5333382517947785,0.0,1.0,0.016588313566615887,0.05292630300698692,0.012963248478343792,0.038353444196562114,0.05292630300698692,0.038353444196562114,0.014572858810424805,0.03921967425267429,0.028627194176604934
2,44,7.829669730505852,2.9393976201873446,0.0,-1.0,-0.0015586516762056135,-0.06613624824849607,-0.0024644038582124494,-0.05865020288793088,0.06613624824849607,0.05865020288793088,0.0074860453605651855,0.04677837495806389,0.04150855083697712
2,44,8.30896081132111,-6.616640490801779,0.0,-1.0,0.010021103783411207,-0.011612135397438772,0.010111952437919798,-0.009770262466912039,0.011612135397438772,0.009770262466912039,0.0018418729305267334,0.010845833520904442,0.009942575390186947
2,44,-0.1849336288742034,-3.3144501672111133,0.0,1.0,-0.0004376800734480629,-0.005480529952836627,-0.0008431779224356423,-0.00844535439093172,-0.005480529952836627,-0.00844535439093172,0.0029648244380950928,0.003887658190391289,0.006001456481443174
2,44,-5.086768151298541,7.635883112591031,0.0,1.0,-0.007010575520866466,0.050159549034619444,-0.004086155581348491,0.0367842369446994,0.050159549034619444,0.0367842369446994,0.013375312089920044,0.03581290639204088,0.026170372131847624
2,44,2.135420735357604,2.557845150742324,0.0,-1.0,0.005985802439422455,-0.03148899156081353,0.005830107656688538,-0.027522540869590384,0.03148899156081353,0.027522540869590384,0.0039664506912231445,0.022664801128189735,0.01989322009136343
2,44,-8.090506216242204,-0.8965242736789989,0.0,1.0,0.0033753053471735246,0.04531402054314071,0.003637559264927221,0.0415376192617839,0.04531402054314071,0.0415376192617839,0.0037764012813568115,0.03213061736078873,0.029483941827228417
2,44,3.361724624034647,5.090722976157945,0.0,-1.0,0.006459436330782234,-0.019741867954671144,0.005482240531431495,-0.015384410793721437,0.019741867954671144,0.015384410793721437,0.004357457160949707,0.01468784647337895,0.011548485976837894
2,44,7.029984154276956,3.943127091448959,0.0,-1.0,3.611976088527258e-05,-0.08148356504269738,-0.0009135945719337124,-0.07163002319165368,0.08148356504269738,0.07163002319165368,0.009853541851043701,0.05761758705770583,0.0506541946805924
2,44,-10.50148742066598,-6.827676374107554,0.0,1.0,0.02432953990744394,0.03614878057498622,0.023373950326162993,0.03099396227855372,0.03614878057498622,0.03099396227855372,0.005154818296432495,0.03081120615268419,0.02744965620526372
2,44,6.641842976965236,-9.654988213546101,0.0,-1.0,0.011820166227772488,-0.03013895093530372,0.011511265156224026,-0.02529675900071815,0.03013895093530372,0.02529675900071815,0.004842191934585571,0.022891840174315586,0.01965242022547493
2,44,-10.258311543434338,0.6770059925355643,0.0,1.0,0.00038158568535880295,0.037838973001194764,0.0005652438940568372,0.03458840389604645,0.037838973001194764,0.03458840389604645,0.0032505691051483154,0.026757554871665843,0.024460960577375224
2,44,5.937826599466565,-7.34057758294497,0.0,-1.0,0.0062887121215362,-0.031161986171792777,0.0065521348491210385,-0.026333622514795096,0.031161986171792777,0.026333622514795096,0.004828363656997681,0.022479071180973656,0.019188409858985053
2,44,5.475054957317123,10.110097029077945,0.0,-1.0,-0.024498557941047217,-0.041023112701997655,-0.023750899628726507,-0.037680394816026586,0.041023112701997655,0.037680394816026586,0.0033427178859710693,0.033786647635949685,0.03149537574522238
2,44,-5.939378652940498,5.159190130715016,0.0,1.0,-0.0016925538000073029,0.06252383520955102,-0.0045428479131664826,0.05217944910878197,0.06252383520955102,0.05217944910878197,0.010344386100769043,0.0442272241254016,0.03703601204542768
2,44,-10.162959154469839,-6.780910016578867,0.0,1.0,0.02569799868771583,0.02757184757440384,0.024158632367940247,0.023174187080553132,0.02757184757440384,0.023174187080553132,0.004397660493850708,0.02665139691667215,0.02367152788408224
2,44,4.064909766063126,8.35455685459494,0.0,-1.0,0.005366348379292701,-0.03822699842403915,0.004791379624047493,-0.029586858129010463,0.03822699842403915,0.029586858129010463,0.008640140295028687,0.027295614148058922,0.021193625134081358
2,44,-1.0353894266605383,2.786674297546579,0.0,1.0,0.01896474668831073,0.00019163261971508194,0.016203323100511657,0.0031392760189536684,0.00019163261971508194,0.0031392760189536684,-0.0029476433992385864,0.013410785584982179,0.0116705341227973
2,44,7.996361888939429,-0.6713227696565056,0.0,-1.0,-0.005051332339333664,-0.07141724465140487,-0.002578926086115013,-0.05298486588248397,0.07141724465140487,0.05298486588248397,0.0184323787689209,0.0506257779792124,0.03751031106470898
2,44,-6.4701097570074575,2.999659802637293,0.0,1.0,0.0026957393395206225,0.08211983100128206,0.00400846086018293,0.0706402744407657,0.08211983100128206,0.0706402744407657,0.011479556560516357,0.058098767862433044,0.050030571311620635
2,44,-9.322103881096062,9.614332751813205,0.0,1.0,-0.031156856654176335,0.028560374974739733,-0.02960058031041346,0.023680870532524767,0.028560374974739733,0.023680870532524767,0.004879504442214966,0.029886825987938497,0.026804644969589106
2,44,-3.2791900798854856,-6.5440278006230885,0.0,1.0,-0.007537052481224674,0.020407925885191358,-0.009438164978077548,0.01439062837885896,0.020407925885191358,0.01439062837885896,0.0060172975063323975,0.015383279868743832,0.012169000437419468
2,44,7.841381256998602,1.3285358600679675,0.0,-1.0,0.005068826192949771,-0.08483305644665873,0.005872462579940318,-0.07386854362164652,0.08483305644665873,0.07386854362164652,0.010964512825012207,0.060093013175644305,0.05239774591304427
2,44,-9.674958959014946,2.234735206402231,0.0,1.0,-0.01003490983831718,0.052342301650246004,-0.010304785700021529,0.04283732776184879,0.052342301650246004,0.04283732776184879,0.009504973888397217,0.03768564685333463,0.03115465661903072
2,44,-10.507703623614404,2.663965015735389,0.0,1.0,-0.013448409271831135,0.044358742560998254,-0.01365095656498752,0.04045463832821017,0.044358742560998254,0.04045463832821017,0.003904104232788086,0.03277619375046156,0.03019044863367773
2,44,-8.769939206179654,4.7698059105666655,0.0,1.0,-0.015348269157661451,0.0429701821600843,-0.016031940952493204,0.03721210525388008,0.0429701821600843,0.03721210525388008,0.005758076906204224,0.03226457748837608,0.02865103757396997
2,44,-1.1639975299432805,-4.958922824756917,0.0,1.0,-0.004271636649842342,0.02206153005275606,-0.004496629282708248,0.011875841318701494,0.02206153005275606,0.011875841318701494,0.010185688734054565,0.015889587595921663,0.008979289558007553
2,44,6.107007385385863,3.6865080236058425,0.0,-1.0,0.0026770206596083354,-0.07322959921981487,0.0011451477612681102,-0.06062631629134807,0.07322959921981487,0.06062631629134807,0.012603282928466797,0.05181573429715476,0.042876926140138084
2,44,-3.0182029215143142,3.9722308353241615,0.0,1.0,0.010163797686330269,0.04945245222257122,0.013433231661549996,0.03336983756230816,0.04945245222257122,0.03336983756230816,0.01608261466026306,0.035699074317370905,0.025436172784124796
2,44,-3.1960223336944154,7.287907523881849,0.0,1.0,0.024439854779958248,0.04457667751812139,0.024602039018392086,0.03129387183689275,0.04457667751812139,0.03129387183689275,0.013282805681228638,0.03594709084348855,0.02814752865178714
2,44,-6.28992142253773,-2.4093999963990704,0.0,1.0,-0.003936329011975784,0.07884928115953144,-0.005119119857608337,0.06755443939317402,0.07884928115953144,0.06755443939317402,0.011294841766357422,0.055824295004349864,0.047905154575695615
2,44,-7.907253136652729,-0.8072903458052814,0.0,1.0,0.002990052994775767,0.06228675707799952,0.0019994964417695948,0.05723478659612696,0.06228675707799952,0.05723478659612696,0.005051970481872559,0.04409410688632491,0.04049579473676769
2,44,10.43740452627554,-1.2445477699973164,0.0,-1.0,0.001295671843145196,-0.03357008316455856,0.000738217540238206,-0.033613117718086394,0.03357008316455856,0.033613117718086394,-4.303455352783203e-05,0.02375530729332392,0.02377379489970679
2,44,-9.54503840124429,6.57208229663771,0.0,1.0,-0.021556053341518146,0.03755154345354206,-0.01848910193253587,0.03526540730318195,0.03755154345354206,0.03526540730318195,0.0022861361503601074,0.03061684055716423,0.028155779535745593
2,44,-5.6599192128657005,-5.731883674562502,0.0,1.0,0.008853658848818585,0.06772320401776954,0.009109452181872174,0.05710201394666359,0.06772320401776954,0.05710201394666359,0.010621190071105957,0.04829502892350154,0.040887786170314834
2,44,1.3916609731742327,-1.5253062207517214,0.0,-1.0,-0.019243642049306932,-0.03997723167617813,-0.02036039839910895,-0.03437509542186752,0.03997723167617813,0.03437509542186752,0.005602136254310608,0.031372733478393894,0.0282506018363586
2,44,-10.47122187260673,6.2294426984790725,0.0,1.0,-0.015687438550706968,0.020873779425446715,-0.01666432561662422,0.01908674276811334,0.020873779425446715,0.01908674276811334,0.001787036657333374,0.018463618223203297,0.01791652167348625
2,44,6.000885282686923,-3.9084917979542784,0.0,-1.0,-0.012434051910521042,-0.07812623052642398,-0.008482182005526077,-0.06183055906341128,0.07812623052642398,0.06183055906341128,0.016295671463012695,0.05593886637741899,0.04413029257589882
2,44,6.7968330134796275,-4.826590184026925,0.0,-1.0,0.0029791277117103485,-0.054527109000915785,0.0039594080514282134,-0.04588413748526027,0.054527109000915785,0.04588413748526027,0.008642971515655518,0.03861399239861395,0.03256555684219127
2,44,6.8970829797740585,-10.32872034778285,0.0,-1.0,0.013609431979793016,-0.01981860350019976,0.01355935662760109,-0.019235968097520317,0.01981860350019976,0.019235968097520317,0.0005826354026794434,0.016999907110198324,0.016641493634936874
2,44,7.2769756968499415,-2.5460451398703245,0.0,-1.0,-0.00805412784980853,-0.07958163748426272,-0.0037877018825920386,-0.06586368809385135,0.07958163748426272,0.06586368809385135,0.013717949390411377,0.0565601714994645,0.04664960929566038
2,44,-3.478933706100973,-4.650784308422258,0.0,1.0,-0.0013450585941345017,0.05742541863798023,-0.0018075161317855637,0.04550916864751697,0.05742541863798023,0.04550916864751697,0.011916249990463257,0.04061704007168015,0.03220521344095399
2,44,-8.075036462673694,7.919542746258919,0.0,1.0,-0.012900830620779867,0.013325319663220314,-0.01273622308100688,0.012078003064328102,0.013325319663220314,0.012078003064328102,0.001247316598892212,0.013114792694378692,0.012411477276921781
2,44,-8.306760003346993,-2.9744021648894687,0.0,1.0,0.0058176742168034035,0.06398036763835013,0.004972275462921949,0.054182258106947545,0.06398036763835013,0.054182258106947545,0.009798109531402588,0.04542759500805265,0.038473631339185146
2,44,2.138211582210305,0.5157153497374569,0.0,-1.0,-0.019109430498049217,-0.04646214525960385,-0.01635147701816316,-0.0381944147851318,0.04646214525960385,0.0381944147851318,0.008267730474472046,0.03552394457323329,0.029378428493149637
2,44,-4.097916329630689,-0.7598524358564429,0.0,1.0,-0.004533491584487627,0.05856856359888313,-0.006217853653259943,0.049996789831411814,0.05856856359888313,0.049996789831411814,0.008571773767471313,0.04153811013986456,0.03562541717299407
2,44,-7.687855175559562,-1.866114928290882,0.0,1.0,0.008266863783378698,0.050329492514104957,0.007874940892238714,0.04180429977652561,0.050329492514104957,0.04180429977652561,0.008525192737579346,0.036065210754550464,0.030080011418397706
2,44,-3.850203257029288,7.37616430090339,0.0,1.0,0.002963290176071859,0.040225291379006545,0.004032359084763265,0.033315235503228346,0.040225291379006545,0.033315235503228346,0.006910055875778198,0.02852065177370235,0.023729357728603184
2,44,-5.1643881380831544,8.171771716733321,0.0,1.0,0.004020160181750013,0.0412636311722297,0.0037390348746668828,0.03120716530804818,0.0412636311722297,0.03120716530804818,0.010056465864181519,0.029315942295999414,0.022224620900679285
2,44,1.0680256140609696,10.04862302177742,0.0,-1.0,0.014340233302614913,-0.008635021558738298,0.01040589461376451,-0.006886951437926836,0.008635021558738298,0.006886951437926836,0.0017480701208114624,0.0118365089552051,0.008823625751955251
2,44,-1.790489474145316,-0.460661936849343,0.0,1.0,-0.00937782284116476,0.013216367042655941,-0.009597195873615436,0.010057916916007992,0.013216367042655941,0.010057916916007992,0.0031584501266479492,0.011458968519165974,0.009830255879829906
2,44,-0.9780449458641876,-5.343697058250628,0.0,1.0,-0.015952358366913902,0.032006927873589205,-0.0203103221673442,0.024396398212410617,0.032006927873589205,0.024396398212410617,0.007610529661178589,0.02528755790276702,0.022446530158131625
2,44,-6.072678645691979,0.7808878023433738,0.0,1.0,-0.00018305879650537017,0.0644637437539356,-0.0011089289431077624,0.0514174791054981,0.0644637437539356,0.0514174791054981,0.0130462646484375,0.04558293413820599,0.0363661029048013
2,44,-9.543882684027336,-6.553037012042466,0.0,1.0,0.024054077733808243,0.035302654403491784,0.023934090789907658,0.032362089055820276,0.035302654403491784,0.032362089055820276,0.002940565347671509,0.03020658921126703,0.028461777087845246
2,44,-6.727559372301595,-6.2560991205285275,0.0,1.0,0.011430615916820833,0.059867250885253576,0.011243077352615663,0.052852857078796056,0.059867250885253576,0.052852857078796056,0.0070143938064575195,0.043097254603952286,0.03820884249587091
2,44,-0.11244915325488769,-9.956244656988396,0.0,1.0,-0.00748465703389492,-0.002971908103030732,-0.004153666361783409,-0.0011833887801585702,-0.002971908103030732,-0.0011833887801585702,-0.0017885193228721619,0.005694397627839684,0.0030539608093438438
2,44,5.759818713649388,-1.198835238344584,0.0,-1.0,-0.011004336704720154,-0.07218332711655973,-0.00948284991573204,-0.06490559998948453,0.07218332711655973,0.06490559998948453,0.007277727127075195,0.05163103785479776,0.04638243930907081
2,44,4.396677924890437,3.205181443393169,0.0,-1.0,0.009358532731004003,-0.07794183699070234,0.006954077635474447,-0.06707877127109785,0.07794183699070234,0.06707877127109785,0.010863065719604492,0.055509062721156126,0.047686060599510985
2,44,-5.813992585288758,-0.8377785583213768,0.0,1.0,0.0025316164270003765,0.03197333106490785,0.0012668952718337505,0.027931867928234877,0.03197333106490785,0.027931867928234877,0.004041463136672974,0.022679318564715074,0.019771118703681777
2,44,10.00797442220297,3.5949904202566287,0.0,-1.0,-0.006930945352215154,-0.029617700001344116,-0.006832171142596585,-0.026814016720399292,0.029617700001344116,0.026814016720399292,0.0028036832809448242,0.02150867449245783,0.01956617048892785
2,44,7.008099356766422,-1.1057262429555124,0.0,-1.0,-0.005250937921489488,-0.08463132351020153,-0.0041881591654670345,-0.07435828416922863,0.08463132351020153,0.07435828416922863,0.0102730393409729,0.05995845756915252,0.052662582075829904
2,44,-0.4055316828352691,-8.179596401956381,0.0,1.0,-0.026637050079852176,0.008030989512705158,-0.02353512005761249,0.0031667438595526926,0.008030989512705158,0.0031667438595526926,0.004864245653152466,0.019672687024269626,0.016791815607584675
2,44,4.519893940476537,-0.5441165071134471,0.0,-1.0,-0.004409270481501573,-0.06829301120893821,-0.0033951076951966226,-0.05963606240408287,0.06829301120893821,0.05963606240408287,0.008656948804855347,0.048390996301808056,0.04223734541448864
2,44,-6.293158965834916,5.058281924811618,0.0,1.0,-0.015433915540285156,0.057088043539364586,-0.014232697546191261,0.047651018946011314,0.057088043539364586,0.047651018946011314,0.009437024593353271,0.041816566478233494,0.03516524766039966
2,44,4.715057977717693,5.403845150869195,0.0,-1.0,-0.0033096779501139845,-0.049313722633222645,-0.00511829148885605,-0.041007785581449574,0.049313722633222645,0.041007785581449574,0.008305937051773071,0.03494851361703303,0.029221870115198306
2,44,-9.613153588422506,-0.7565150966288066,0.0,1.0,0.007010847850159025,0.06590903299914386,0.0047825822219403746,0.05489254492388751,0.06590903299914386,0.05489254492388751,0.011016488075256348,0.04686764672170085,0.038961933864546744
2,44,-10.010292618021719,10.471116910754098,0.0,1.0,-0.017772870734195857,0.012351835245052845,-0.017382339588228313,0.011232489818493396,0.012351835245052845,0.011232489818493396,0.0011193454265594482,0.015304292993395108,0.014634113520863624
2,44,-3.385449333716638,1.3767186751552476,0.0,1.0,0.003124450416386043,0.05820734957509954,0.003613426433026706,0.049658016956386164,0.05820734957509954,0.049658016956386164,0.008549332618713379,0.0412180648197019,0.035206359501002316
2,44,2.0184967409014014,-10.23222970946833,0.0,-1.0,-0.002216165388317981,-0.016986238170779572,0.0018649348371306274,-0.012174221087611542,0.016986238170779572,0.012174221087611542,0.00481201708316803,0.01211287901827694,0.008708893185611735
2,44,-10.419143216010276,10.272274728972686,0.0,1.0,-0.02047588332855021,0.018589868494785222,-0.01958637597338175,0.017245992371356877,0.018589868494785222,0.017245992371356877,0.0013438761234283447,0.019555625900719832,0.01845332458723313
2,44,-4.7992053632109,-2.8086365339504793,0.0,1.0,0.002287783120284069,0.055216926834964764,0.003946174327740658,0.04667441894807817,0.055216926834964764,0.04667441894807817,0.008542507886886597,0.03907776196702741,0.03312154643102914
2,44,8.766638485819442,5.7739669512817855,0.0,-1.0,-0.013603858318169001,-0.05758865831677862,-0.01515127312763441,-0.05129655359570928,0.05758865831677862,0.05129655359570928,0.006292104721069336,0.04184207528234881,0.03782127369738922
2,44,7.714433080594048,-1.168935190137864,0.0,-1.0,-0.00990733103232519,-0.03737116275555319,-0.00789204304443733,-0.02803045926815695,0.03737116275555319,0.02803045926815695,0.00934070348739624,0.027338242572320915,0.020591150893029965
2,44,-0.04973551352415306,-9.625475272308076,0.0,1.0,-0.01743117102437433,0.007909580657048724,-0.011351884687475527,0.004241197893186114,0.007909580657048724,0.004241197893186114,0.00366838276386261,0.013535272244239244,0.008568927748759109
2,44,0.9681837079025293,-6.943885678515557,0.0,-1.0,0.005462574340791754,-0.015729988925415272,0.005348967887849859,-0.013339663855987782,0.015729988925415272,0.013339663855987782,0.0023903250694274902,0.011774384697774308,0.010162629808666548
2,44,1.9015469674886436,-4.291567443922965,0.0,-1.0,-0.009127747909707648,-0.026091796916495935,-0.009567496077699286,-0.02213416771269955,0.026091796916495935,0.02213416771269955,0.003957629203796387,0.019546069275366326,0.01705078240918437
2,44,-2.065182928449989,2.8042163076433955,0.0,1.0,0.014377929625931749,0.03607090696176854,0.01320556586784459,0.03335627302011815,0.03607090696176854,0.03335627302011815,0.0027146339416503906,0.02745755988223287,0.025367576940680044
2,44,0.5528468525666383,5.9724780886755475,0.0,-1.0,0.010384888478536275,-0.01921608737812306,0.010399253197927144,-0.01752023092613484,0.01921608737812306,0.01752023092613484,0.0016958564519882202,0.015445127432871764,0.01440664705578105
2,44,-7.348820982332198,4.925447181346618,0.0,1.0,-0.008849748789074595,0.05568772396691646,-0.008235796733501131,0.051109491201718704,0.05568772396691646,0.051109491201718704,0.004578232765197754,0.03987129703336229,0.03660606806756299
2,44,7.638418997234666,2.3571395280158356,0.0,-1.0,-0.00029401693494800554,-0.03135503412166607,-0.002360563986020126,-0.02500374198833477,0.03135503412166607,0.02500374198833477,0.006351292133331299,0.02217233197849157,0.017758932622082196
2,44,1.912022442443126,6.050160560167765,0.0,-1.0,0.015030040932828281,-0.03546776401633178,0.01369148452394614,-0.028192659493626704,0.03546776401633178,0.028192659493626704,0.007275104522705078,0.027238432542647285,0.022161710197918353
2,44,-2.993882470719872,4.606451061397786,0.0,1.0,-0.0024456989450584513,0.024124108475695627,-0.001512394516004191,0.022250794095049875,0.024124108475695627,0.022250794095049875,0.001873314380645752,0.017145758266652857,0.015769990092456398
2,44,-0.6776952120855508,-9.3562936892421,0.0,1.0,-0.007345068396293369,0.0041078763627691445,-0.004802393854819981,0.0036294820332212624,0.0041078763627691445,0.0036294820332212624,0.0004783943295478821,0.0059508267475211,0.0042565318374404686
2,44,-3.3575064625908784,4.569079686524731,0.0,1.0,0.00402752635954709,0.056690410374566014,0.00862029893277974,0.04008267879383176,0.056690410374566014,0.04008267879383176,0.016607731580734253,0.04018720938939123,0.028990780370489976
2,44,9.591648995083752,9.960136169943318,0.0,-1.0,-0.03593172271258414,-0.030253226525830845,-0.034706930150159,-0.028336817987012486,0.030253226525830845,0.028336817987012486,0.0019164085388183594,0.03321405133612331,0.03168237880965608
2,44,-10.363562584669015,8.582139484257564,0.0,1.0,-0.015728779948790295,0.01090695940660985,-0.015266644183088762,0.009645993344064074,0.01090695940660985,0.009645993344064074,0.0012609660625457764,0.013534331940936404,0.012769408995853456
2,44,-6.8348278440873695,-9.296424394937588,0.0,1.0,0.023115908215095404,0.029751692031790067,0.021989209065486792,0.02638125798599844,0.029751692031790067,0.02638125798599844,0.003370434045791626,0.026641212353825,0.02428472861954085
2,44,6.565778489869498,8.081514987953721,0.0,-1.0,-0.009979942639108341,-0.012853458508270355,-0.010500164528127354,-0.012061253174560638,0.012853458508270355,0.012061253174560638,0.0007922053337097168,0.011506751294429726,0.011307680647652573
2,44,3.4437322412452254,-9.919601050576684,0.0,-1.0,0.007784947861979252,-0.028332342625174256,0.006593614925692326,-0.024007042170080872,0.028332342625174256,0.024007042170080872,0.004325300455093384,0.020776513805785626,0.017604173248754882
2,44,-10.11814482411478,6.600174366921589,0.0,1.0,-0.020019140048041312,0.03677108622816916,-0.019286861596717803,0.03177639580992575,0.03677108622816916,0.03177639580992575,0.004994690418243408,0.02960471880175982,0.026284238251469402
2,44,2.2933184479435305,8.937750730402744,0.0,-1.0,-0.00040011919718807576,-0.01768230236313545,-0.001467042338667568,-0.01615050769589149,0.01768230236313545,0.01615050769589149,0.0015317946672439575,0.012506476566829362,0.011467151173209794
2,44,7.314915438010299,10.157106274074707,0.0,-1.0,-0.02131073742929307,-0.03856499738597552,-0.02102295130315629,-0.035180943678852716,0.03856499738597552,0.035180943678852716,0.0033840537071228027,0.03115611138412953,0.028979848857693235
2,44,0.09244056917867027,8.405496087466481,0.0,-1.0,0.010052302587933964,-0.005167222068035729,0.0064115167746023605,-0.005351128474199898,0.005167222068035729,0.005351128474199898,-0.0001839064061641693,0.007992151500684259,0.00590517244872664
2,44,-6.07136041485762,0.9931777074994006,0.0,1.0,-0.0008459965212515384,0.03868729926916753,-0.0019351605771354228,0.03300039030882512,0.03868729926916753,0.03300039030882512,0.005686908960342407,0.02736259157002586,0.02337488617078272
2,44,-5.3978094960540535,-1.0063519098450548,0.0,1.0,-0.005425738046142013,0.08606723825630752,-0.0026906410848821713,0.07522115986046402,0.08606723825630752,0.07522115986046402,0.010846078395843506,0.06097953810260192,0.053223408572737704
2,44,-4.655623007183198,-7.180180030916101,0.0,1.0,0.015328898888164688,0.03709646803188399,0.014637820284897018,0.02786138397502974,0.03709646803188399,0.02786138397502974,0.009235084056854248,0.028382416049062557,0.022254465840556438
2,44,-2.0930990146623927,-1.618315959495856,0.0,1.0,-0.0019899606723312382,0.039962319482736375,-0.0019615329820636754,0.033081499685220506,0.039962319482736375,0.033081499685220506,0.006880819797515869,0.028292639695844186,0.023433237431722577
2,44,0.3468655840542567,-0.01867099622154278,0.0,-1.0,0.00035919345680857654,-0.008962431839720134,-0.002328658208732953,-0.009125651708856944,0.008962431839720134,0.009125651708856944,-0.0001632198691368103,0.006342483914880798,0.006659585879184344
2,44,-0.9213639320950779,4.331511652871605,0.0,1.0,0.019288270997976933,0.020932742028715978,0.022024388688778554,0.0165708592228917,0.020932742028715978,0.0165708592228917,0.00436188280582428,0.020127308400928457,0.0194893185168093
2,44,-4.025952104734863,-0.5485995911579877,0.0,1.0,-0.006176573854969308,0.07229778431520995,-0.004271926057623193,0.06313932202921446,0.07229778431520995,0.06313932202921446,0.009158462285995483,0.051308477279463804,0.044748314708772254
2,44,4.00126732618971,-8.891791657264617,0.0,-1.0,0.00857948011716457,-0.025768084358352872,0.007021980946861225,-0.0214352439156954,0.025768084358352872,0.0214352439156954,0.004332840442657471,0.019204187701905177,0.015949575200353124
2,44,9.076406750621537,7.147886250366906,0.0,-1.0,-0.016836835542744552,-0.03555304469596543,-0.0189005346093835,-0.029818004984966895,0.03555304469596543,0.029818004984966895,0.005735039710998535,0.027816344280357383,0.024963409520776744
2,44,-4.531928183332314,-6.607633918524712,0.0,1.0,-0.008459908023063012,0.0605843851981121,-0.008667168274108239,0.050746936601157755,0.0605843851981121,0.050746936601157755,0.009837448596954346,0.04325527582614582,0.03640310000737322
2,44,3.514382807027948,6.026895632891687,0.0,-1.0,0.008252305681300143,-0.046637118869452154,0.008273413176131228,-0.0394399474197909,0.046637118869452154,0.0394399474197909,0.007197171449661255,0.03348971040111447,0.028495252394555595
2,44,-1.954979565690497,2.4019987366259095,0.0,1.0,0.00019755218603462188,0.01929837752480515,-0.0008833705963864902,0.014763834964227757,0.01929837752480515,0.014763834964227757,0.004534542560577393,0.013646728581533955,0.010458278215402243
2,44,-10.523178870873407,-3.6504260890100007,0.0,1.0,0.014738091139612691,0.03546034048870966,0.013616394589213626,0.031670438755311225,0.03546034048870966,0.031670438755311225,0.0037899017333984375,0.02715370212341912,0.024376452700947748
2,44,8.701840163050893,8.034764840083934,0.0,-1.0,-0.029508018557002316,-0.04954734300166924,-0.030218450043370496,-0.042237190947836234,0.04954734300166924,0.042237190947836234,0.007310152053833008,0.040777827049056053,0.03672284726289383
2,44,-9.965050520495904,-10.597142029551641,0.0,1.0,0.020381344268998847,0.015644689983406013,0.01901219670750831,0.013237407392539924,0.015644689983406013,0.013237407392539924,0.002407282590866089,0.018168042256780675,0.016381278614947314
2,44,-5.9785928549356395,-7.297478746543897,0.0,1.0,0.01143981003577195,0.023102073648319843,0.012281420169419868,0.017723290899143818,0.023102073648319843,0.017723290899143818,0.005378782749176025,0.018228755587079204,0.015247103358892587
2,44,9.244812000000003,2.2929768173695635,0.0,-1.0,-0.004302799137158603,-0.05461178011505685,-0.004038466507418365,-0.04563651270477853,0.05461178011505685,0.04563651270477853,0.00897526741027832,0.03873603366214752,0.032395991292017534
2,44,6.355540811363753,6.111369611969991,0.0,-1.0,0.002529749717546992,-0.05825196634052776,-0.0008144135810598807,-0.04570980797527813,0.05825196634052776,0.04570980797527813,0.012542158365249634,0.04122918393669348,0.032326844994662055
2,44,-1.5632096476609494,-9.906369504825268,0.0,1.0,0.0020718339087382742,0.010922852763595281,0.004427469074906487,0.00842494131034821,0.010922852763595281,0.00842494131034821,0.0024979114532470703,0.007861336026420026,0.006729863241257772
2,44,-1.6480772255679117,-3.401621784514967,0.0,1.0,-0.00611029358876744,0.02349050006918424,-0.004368474505076797,0.014123048997445042,0.02349050006918424,0.014123048997445042,0.009367451071739197,0.017163031218891334,0.010453326802643726
2,44,7.699196477461701,-9.942804317196568,0.0,-1.0,0.018121378073099464,-0.026716299649025665,0.016860374757650703,-0.021315373774315582,0.026716299649025665,0.021315373774315582,0.005400925874710083,0.022827012618876992,0.019217406121888637
2,44,-6.695200318341559,-1.3008148889328197,0.0,1.0,-0.0003186615565363947,0.09056612510013096,0.001515704914038938,0.07883605021762363,0.09056612510013096,0.07883605021762363,0.011730074882507324,0.06404031761648354,0.05575580765849472
2,44,9.907535814895326,0.06832410330772021,0.0,-1.0,-0.00016117049553620883,-0.027428767339477467,0.00018654204732549123,-0.021436742202529835,0.027428767339477467,0.021436742202529835,0.005992025136947632,0.019395402208923346,0.015158639684898247
2,44,-2.679660902577308,5.039146375398877,0.0,1.0,0.01678016612765683,0.04381890908860614,0.017526542940114867,0.035701799551481506,0.04381890908860614,0.035701799551481506,0.008117109537124634,0.0331788394084791,0.028122928356110563
2,44,9.151320505497615,-8.969623786296124,0.0,-1.0,0.01652901842687983,-0.009179492007047874,0.01674653626476187,-0.00838788271978591,0.009179492007047874,0.00838788271978591,0.0007916092872619629,0.013369209469216735,0.013243924142561894
2,44,-6.313329680833004,9.694011433746848,0.0,1.0,-0.006735509190274366,0.026919660141764168,-0.00795411870212663,0.02468201236992884,0.026919660141764168,0.02468201236992884,0.002237647771835327,0.019621865178931854,0.018336708250894448
2,44,4.158416890295028,2.3895985546612675,0.0,-1.0,-0.0016502324943367952,-0.0488252823794777,-0.003851078123313617,-0.04049651674875565,0.0488252823794777,0.04049651674875565,0.008328765630722046,0.0345444023448163,0.028764549983391986
2,44,5.397804039286669,7.327215130301443,0.0,-1.0,-0.0022183057687528845,-0.06130183902000963,-0.002065948846126389,-0.05424074497437059,0.06130183902000963,0.05424074497437059,0.007061094045639038,0.04337531756494042,0.0383818092330828
2,44,-8.644201473410412,4.346353010920778,0.0,1.0,-0.012229968687259524,0.06979873386595115,-0.013313510348760455,0.057744707739089574,0.06979873386595115,0.057744707739089574,0.012054026126861572,0.0501070622935591,0.04190286881395726
2,44,-4.984275155483626,-3.8904436858248,0.0,1.0,-0.007700829205076198,0.06171137003702093,-0.007445579764406185,0.055395453260363825,0.06171137003702093,0.055395453260363825,0.0063159167766571045,0.04397496993911354,0.03952273333126954
2,44,4.355762685118641,9.977450662672332,0.0,-1.0,-0.010848133853377101,-0.031234147154827197,-0.011603950551451442,-0.02754807671262749,0.031234147154827197,0.02754807671262749,0.003686070442199707,0.02338005513883774,0.02113703147281258
2,44,-4.062220644393307,-3.488075251851172,0.0,1.0,-0.01631839677931514,0.04736392890186081,-0.01447912782670703,0.03553073798389206,0.04736392890186081,0.03553073798389206,0.01183319091796875,0.035423380940190395,0.02713004316530027
2,44,0.938973163602185,8.910341692163097,0.0,-1.0,0.010875014242652803,-0.007055677368474747,0.009307695207122713,-0.006341040029359604,0.007055677368474747,0.006341040029359604,0.0007146373391151428,0.009166474728757727,0.007963729613775066
2,44,-9.095753673028307,-3.0862902266841603,0.0,1.0,0.0027666594928926237,0.018376312738731748,0.0023478325552171476,0.01476436067231024,0.018376312738731748,0.01476436067231024,0.003611952066421509,0.013140458032756841,0.010571155655116397
2,44,-3.619377103623906,1.986315422407241,0.0,1.0,-0.004995696316637006,0.025593299800333702,-0.004681367497123685,0.021717269355234825,0.025593299800333702,0.021717269355234825,0.003876030445098877,0.018438736078671737,0.015709153221783595
2,44,-2.259681088570332,-8.8451930186231,0.0,1.0,-0.02086731544735393,0.0350462271798446,-0.018620875990414232,0.021133430205662468,0.0350462271798446,0.021133430205662468,0.013912796974182129,0.028841661650472344,0.019916813185195968
2,44,-4.86507515914358,-8.95240332035867,0.0,1.0,0.009258044340957713,0.0384274238551896,0.010438611188282085,0.03192685188901834,0.0384274238551896,0.03192685188901834,0.006500571966171265,0.027949761082749294,0.023751720728017178
2,44,6.365550452513837,7.905220891049524,0.0,-1.0,-0.005255543208021296,-0.05981961130600755,-0.004538603639501704,-0.05346027254563157,0.05981961130600755,0.05346027254563157,0.0063593387603759766,0.04246178653338319,0.037938105274576556
2,44,5.682163907733127,7.937095782819654,0.0,-1.0,0.000460184342032266,-0.04340496155902995,-0.001648851507538962,-0.03643783423587932,0.04340496155902995,0.03643783423587932,0.006967127323150635,0.030693667568160696,0.025791805627905662
2,44,-10.54585600375998,9.674386472075373,0.0,1.0,-0.023378228068333905,0.024403299274904255,-0.021375113397818845,0.021081115189058308,0.024403299274904255,0.021081115189058308,0.0033221840858459473,0.023896260827957767,0.021228623252391565
2,44,5.449220450707578,4.7845264087624955,0.0,-1.0,0.006411062341587823,-0.07092655922307528,0.004461841445820611,-0.060657334579368005,0.07092655922307528,0.060657334579368005,0.010269224643707275,0.05035711729027056,0.04300709399250916
2,44,8.41341278709525,5.022567781243215,0.0,-1.0,-0.0072762202661681916,-0.03778152030488946,-0.008592335526292398,-0.027073903498859186,0.03778152030488946,0.027073903498859186,0.010707616806030273,0.0272064942422813,0.020085124849772856
2,44,-10.258112181361343,-2.211987676221854,0.0,1.0,0.0075336560641864544,0.04658015816536787,0.007651906557146669,0.040734671047600535,0.04658015816536787,0.040734671047600535,0.005845487117767334,0.03336515479062056,0.02930755106892701
2,44,-5.831066703583899,1.1812837804118068,0.0,1.0,-0.00841924351378031,0.08700689101463421,-0.00627198152913399,0.08084085011726483,0.08700689101463421,0.08084085011726483,0.006166040897369385,0.06181052800849046,0.05733489687783468
2,44,-0.620209202167306,1.489087511387087,0.0,1.0,0.00844709018201317,0.012257226430518825,0.011614598352021829,0.012595199667556484,0.012257226430518825,0.012595199667556484,-0.0003379732370376587,0.010525990032107966,0.012114824586934867
2,44,-2.0301996730839154,-4.043469419252352,0.0,1.0,-0.01931736515276984,0.05432561421928411,-0.021645805699759282,0.04273450756607061,0.05432561421928411,0.04273450756607061,0.011591106653213501,0.04077028916225595,0.03387313863008769
2,44,-6.913950692939633,10.050855219551536,0.0,1.0,-0.007792242448666609,0.03753645977592335,-0.008086041193345106,0.032254236551283455,0.03753645977592335,0.032254236551283455,0.005282223224639893,0.02710816163896321,0.02351297341561275
2,44,-4.443144940331439,8.720495975783791,0.0,1.0,0.01236522597234091,0.03222525264992071,0.01294939619462332,0.02656346704735113,0.03222525264992071,0.02656346704735113,0.00566178560256958,0.024406615104293712,0.020896227451157712
2,44,-6.347120154350149,0.09196383416405673,0.0,1.0,-0.0012060300761437496,0.08381151601368475,-0.0009573418030119022,0.07652222558552313,0.08381151601368475,0.07652222558552313,0.007289290428161621,0.05926982674623193,0.05411361895072942
2,44,-0.6071902333998818,5.715507139204274,0.0,1.0,0.008716153334141608,-0.0006555323819455033,0.008156361411572333,0.00041417727667723836,-0.0006555323819455033,0.00041417727667723836,-0.0010697096586227417,0.0061806573941631405,0.005774849534520445
2,44,1.9960227931872296,-10.094181825140613,0.0,-1.0,0.022043520457735832,-0.008300964320627824,0.025261932857027825,-0.005108420337168351,0.008300964320627824,0.005108420337168351,0.0031925439834594727,0.016655671749031233,0.018224450746376106
2,44,10.480971238880194,4.561034284586507,0.0,-1.0,-0.01196866570038127,-0.03891488897747497,-0.012110946644073,-0.0319723187679718,0.03891488897747497,0.0319723187679718,0.006942570209503174,0.028789039084143517,0.024175444111912244
2,44,-7.773386878314741,8.827053086846497,0.0,1.0,-0.02350333366326774,0.03110494962590432,-0.022124395107550272,0.025678334149296045,0.03110494962590432,0.025678334149296045,0.005426615476608276,0.027567413593924076,0.023967328841131817
2,44,-9.48896737067878,-9.595292935386267,0.0,1.0,0.019387753021987524,0.016565889029554526,0.018952268448742475,0.014191895632795493,0.016565889029554526,0.014191895632795493,0.002373993396759033,0.01803210534825456,0.016742138169979354
2,44,1.5092413256481265,-2.2855241573504745,0.0,-1.0,-0.030637974830622895,-0.03787176764108753,-0.02939991557812236,-0.030707900286694526,0.03787176764108753,0.030707900286694526,0.007163867354393005,0.034445292029408076,0.030061022737244782
2,44,-8.39796920828216,-8.012291338384047,0.0,1.0,0.018698676916858135,0.016639635575725897,0.018055587503215252,0.013623372329189642,0.016639635575725897,0.013623372329189642,0.003016263246536255,0.017699124138414395,0.015993756808611176
2,44,2.075784965216192,4.08381951327118,0.0,-1.0,0.006236618225109361,-0.03242186295166463,0.006245231096279405,-0.02435166226997823,0.03242186295166463,0.02435166226997823,0.008070200681686401,0.02334601255185015,0.017776478373921767
2,44,-5.161359596422819,-8.61465110680321,0.0,1.0,0.0055699381985575835,0.031019613853039696,0.005482617393961636,0.02955974709087844,0.031019613853039696,0.02955974709087844,0.0014598667621612549,0.022284979864557238,0.021258383541149915
2,44,0.12921596011142356,-0.8665039515612634,0.0,-1.0,-0.006714900942656298,-0.011393950846185542,-0.0062346979846685125,-0.015152549663697935,0.011393950846185542,0.015152549663697935,-0.003758598817512393,0.009351791554428987,0.011586009241124875
2,44,9.381989615415495,-6.620898124535271,0.0,-1.0,0.017792293704073498,-0.03599648672362832,0.015594574990640948,-0.03177066642066506,0.03599648672362832,0.03177066642066506,0.004225820302963257,0.028392893227851605,0.025025646984163055
2,44,-0.9898872769276092,-2.8754923978445444,0.0,1.0,-0.01731725194386696,0.011329231984143762,-0.01892337360314583,0.008587053246026544,0.011329231984143762,0.008587053246026544,0.002742178738117218,0.014632817777822391,0.01469407281822047
2,44,1.9053299278235372,-6.299907376782237,0.0,-1.0,-0.02237919808397945,-0.03838770755126453,-0.02027862609396633,-0.03559961088492847,0.03838770755126453,0.03559961088492847,0.0027880966663360596,0.03142009387257939,0.02897028625520647
2,44,9.502342016336868,-6.7982373095931425,0.0,-1.0,0.023077144816784682,-0.03367233004173059,0.019827333808212104,-0.029747513194883057,0.03367233004173059,0.029747513194883057,0.003924816846847534,0.028865034413058342,0.0252788222354406
2,44,4.970290389482939,-4.770838781238489,0.0,-1.0,-0.017361386890218017,-0.0658962203766475,-0.012288033242032287,-0.0532699300552974,0.0658962203766475,0.0532699300552974,0.012626290321350098,0.04818573240430993,0.03865670193545724
2,44,1.681815226194919,4.1437838737987605,0.0,-1.0,0.010342199375537639,-0.02935440378539314,0.011168140938190227,-0.0222393079315876,0.02935440378539314,0.0222393079315876,0.007115095853805542,0.02200729548944252,0.017597076309592674
2,44,-3.8965426672050825,1.0635858892499943,0.0,1.0,0.002884896274532126,0.06428616253805292,-0.0012003031672286526,0.05356656519842279,0.06428616253805292,0.05356656519842279,0.010719597339630127,0.04550293023742409,0.03788678948426574
2,44,9.613397904283701,-3.338039067479049,0.0,-1.0,0.009624411225442268,-0.051430868236408966,0.009712121788535692,-0.047510015098438996,0.051430868236408966,0.047510015098438996,0.003920853137969971,0.03699840198567554,0.034289406850288695
2,44,-4.435106646799531,5.283339406172814,0.0,1.0,0.002727928441652039,0.05618513527377156,0.0029382657824837954,0.04959822597964314,0.05618513527377156,0.04959822597964314,0.006586909294128418,0.03977568993314121,0.03513272994044345
2,44,6.7919425648041845,-2.5810098971885136,0.0,-1.0,0.008812864564572972,-0.06355111183258466,0.00991348668209235,-0.05449913324448041,0.06355111183258466,0.05449913324448041,0.009051978588104248,0.04536744646214501,0.03916907416952597
2,44,4.512171996704154,-5.174104055470903,0.0,-1.0,-0.0169813951265939,-0.050738163472847264,-0.012537459076655696,-0.039888389589027684,0.050738163472847264,0.039888389589027684,0.01084977388381958,0.037833378206570976,0.02956578684987826
2,44,-2.610964216291684,-10.311019677881278,0.0,1.0,0.008427872678743953,0.020484984717003857,0.01130057813833868,0.014556155404679333,0.020484984717003857,0.014556155404679333,0.005928829312324524,0.01566307180512495,0.013030439870278236
2,44,4.605222124295818,3.0878421678607406,0.0,-1.0,0.0032397615195845567,-0.07323522229160068,0.0009664403678511582,-0.06431425471271274,0.07323522229160068,0.06431425471271274,0.00892096757888794,0.051835768725870875,0.04548217984131975
2,44,-6.301892617419451,-5.322444202493753,0.0,1.0,0.0021996959175418357,0.04275892828916911,0.003006277146513317,0.03454373930906657,0.04275892828916911,0.03454373930906657,0.008215188980102539,0.03027511032653685,0.02451843824282451
2,44,2.934468310560449,-7.5620074786691065,0.0,-1.0,-0.012163284508996577,-0.02291133144784077,-0.011282357661538692,-0.020538768562556348,0.02291133144784077,0.020538768562556348,0.002372562885284424,0.01834222721971917,0.016570042372745064
2,44,-9.60951598623652,3.8715036209073883,0.0,1.0,-0.00843380611189003,0.015751049124945293,-0.008373011935356212,0.013625160062063824,0.015751049124945293,0.013625160062063824,0.0021258890628814697,0.01263377683175925,0.011308234070500942
2,44,-7.684807132276129,5.224527361977449,0.0,1.0,-0.010700784831479411,0.022774712436574085,-0.010342282450929503,0.020246372812169178,0.022774712436574085,0.020246372812169178,0.0025283396244049072,0.017793177380364955,0.01607604457483475
2,44,-9.761167116363065,0.07526464326584303,0.0,1.0,-0.0028068965635049048,0.04156476806241838,-0.002161613885198802,0.03743917296964494,0.04156476806241838,0.03743917296964494,0.0041255950927734375,0.029457669734729956,0.0265175814059246
2,44,4.6734595712112075,-5.577402059923507,0.0,-1.0,-0.008529479626693343,-0.06873978463036517,-0.005668523732699965,-0.05958448139054279,0.06873978463036517,0.05958448139054279,0.009155303239822388,0.04897912827792653,0.04232282235324177
2,44,-8.491307170044262,-7.674801073822509,0.0,1.0,0.01714175274499831,0.0439920559543861,0.016113919074620578,0.03536589294855724,0.0439920559543861,0.03536589294855724,0.008626163005828857,0.033385181400319625,0.027480945871569195
2,44,-3.7645745200634932,-10.199225236805898,0.0,1.0,0.018989597705506706,0.040101983806151154,0.018730749634408378,0.03644821908141971,0.040101983806151154,0.03644821908141971,0.0036537647247314453,0.031374941643019794,0.02897683260877608
2,44,-3.453572307715965,-9.652467600719014,0.0,1.0,0.01585614394097931,0.010764828783136449,0.017128181566292117,0.005976698261362157,0.010764828783136449,0.005976698261362157,0.004788130521774292,0.013551731243780217,0.012827617196409442
2,44,-8.336586036914467,-7.4326804471261685,0.0,1.0,0.013980840567185973,0.035374090809267844,0.0121957373355175,0.026771263021868552,0.035374090809267844,0.026771263021868552,0.008602827787399292,0.026896005312568267,0.020801881320483998
2,44,5.184265731944276,-7.435974596453351,0.0,-1.0,0.0032861788444536605,-0.046735181886026156,0.0011946369581240096,-0.039882942515680087,0.046735181886026156,0.039882942515680087,0.006852239370346069,0.033128357922765216,0.028214147702622153
2,44,1.2840661727806548,-9.571007739560407,0.0,-1.0,0.003967104110908837,-0.004688610282488126,0.005365548286629052,-0.005048100796289701,0.004688610282488126,0.005048100796289701,-0.0003594905138015747,0.004342866645882831,0.005209243230338197
2,44,-2.6839305978570174,-7.814725077965683,0.0,1.0,-0.025530359689515586,0.04505170395597563,-0.02399953359774923,0.03602601101621733,0.04505170395597563,0.03602601101621733,0.0090256929397583,0.036615947995463076,0.03060923947642367
2,44,-0.8443064059466412,1.9263313544220004,0.0,1.0,-0.0032107154310935943,0.019007973879001355,-0.000431686121343991,0.012912326067111707,0.019007973879001355,0.012912326067111707,0.0060956478118896484,0.01363106313836636,0.009135494441210434
2,44,2.2839634444031507,-5.231696334685659,0.0,-1.0,-0.017986310145070697,-0.04676133790560871,-0.017225523909738208,-0.036597136645995676,0.04676133790560871,0.036597136645995676,0.010164201259613037,0.03542689709357278,0.02860130315781645
2,44,6.62586420009432,-3.4520484086996674,0.0,-1.0,0.007062797239322738,-0.03198448379600072,0.006608887380261497,-0.026265477734446763,0.03198448379600072,0.026265477734446763,0.005719006061553955,0.023161285678265114,0.019151406123620512
2,44,10.23443708945203,2.479471124717632,0.0,-1.0,-0.005974258581082324,-0.027365414627077644,-0.004141862789074878,-0.019471315868380135,0.027365414627077644,0.019471315868380135,0.00789409875869751,0.019806030436530068,0.014076348408052337
2,44,-1.030342582719788,-1.9081301421240813,0.0,1.0,-0.004808524449318979,0.0373281281740975,-0.005166521121710871,0.035812218144686186,0.0373281281740975,0.035812218144686186,0.001515910029411316,0.026613070664257724,0.025585229224531828
2,44,3.014285851987699,-3.3227138592341676,0.0,-1.0,0.00446811844416721,-0.025240077053130194,0.003102132722817494,-0.023736862813056037,0.025240077053130194,0.023736862813056037,0.0015032142400741577,0.018124921683679858,0.01692722487054239
2,44,3.843750517246532,-8.433231098286532,0.0,-1.0,0.0007144813436810449,-0.0300295153186802,0.0024230931896511987,-0.016792962841797265,0.0300295153186802,0.016792962841797265,0.013236552476882935,0.02124008326096342,0.011997395167529444
2,44,-6.144217595132841,5.70793834688223,0.0,1.0,-0.004948135702936757,0.06006444587607884,-0.003135696291058171,0.05321906103988194,0.06006444587607884,0.05321906103988194,0.006845384836196899,0.04261585212884451,0.03769682379986699
2,44,-8.481752703057296,2.8595079869963627,0.0,1.0,-0.005322161064859898,0.0658786658421755,-0.005721708693918259,0.05805460254108907,0.0658786658421755,0.05805460254108907,0.007824063301086426,0.04673501905180596,0.0412496959175573
2,44,-0.5136415842755273,0.5010313907329511,0.0,1.0,-0.004932453675364976,0.013976179908103417,-0.003711530059745436,0.010683455417937707,0.013976179908103417,0.010683455417937707,0.0032927244901657104,0.010480045421735897,0.00799723936904031
2,44,5.25501138009675,0.3300761557265144,0.0,-1.0,-9.701972377820778e-05,-0.016428943445582433,0.0003432686113067074,-0.015454347898860021,0.016428943445582433,0.015454347898860021,0.0009745955467224121,0.011617219881816562,0.010930569571584722
2,44,7.148206005276425,9.964047841587359,0.0,-1.0,-0.014364564135293328,-0.03547723418662696,-0.013669380262116754,-0.030747098984219123,0.03547723418662696,0.030747098984219123,0.004730135202407837,0.027064504875664436,0.023793234886157408
2,44,5.554779966245878,9.792263200648236,0.0,-1.0,-0.017293781030260705,-0.012127570786678588,-0.01745342462071099,-0.010755740084850585,0.012127570786678588,0.010755740084850585,0.001371830701828003,0.014935742959566907,0.01449668885924821
2,44,1.812840065997353,2.727445159613202,0.0,-1.0,0.01021636064387426,-0.041384066172234085,0.014886146143447014,-0.034286255665413407,0.041384066172234085,0.034286255665413407,0.007097810506820679,0.030141457809415524,0.02643051905050443
2,44,9.978458336538765,8.62876672130552,0.0,-1.0,-0.029573589415784723,-0.024922063013073537,-0.02902187112861479,-0.025947292705532643,0.024922063013073537,0.025947292705532643,-0.0010252296924591064,0.027346904904952427,0.027527540777851116
2,44,2.778181374387353,-4.805561026443651,0.0,-1.0,-0.002569236714361614,-0.04305609391338264,-0.0023366072363838614,-0.03452048526412879,0.04305609391338264,0.03452048526412879,0.008535608649253845,0.030499411472784593,0.02446552305028501
2,44,2.4745571415335252,0.5438876172833069,0.0,-1.0,-0.007368604459605101,-0.056643010445758424,-0.006915748392037038,-0.047702254124805055,0.056643010445758424,0.047702254124805055,0.00894075632095337,0.04039014090121753,0.034083226258743785
2,44,10.455218080137811,5.782468876098733,0.0,-1.0,-0.012300686988414876,-0.009118340341939812,-0.012472177002014272,-0.007600418655767327,0.009118340341939812,0.007600418655767327,0.0015179216861724854,0.0108270732651628,0.010327670669432428
2,44,-4.197532961632161,-8.826199317266607,0.0,1.0,0.0020590039530636733,0.014715520820218875,0.001539944354617781,0.012136904677945926,0.014715520820218875,0.012136904677945926,0.0025786161422729492,0.010506808513745433,0.008650892548658343
2,44,4.968048689673832,-2.570231001184423,0.0,-1.0,-0.0017940171269286986,-0.0845960215690641,-0.0010628134218562957,-0.07627515355377479,0.0845960215690641,0.07627515355377479,0.008320868015289307,0.059831870114368274,0.053939913895099986
2,44,1.0325235825906418,7.394018955988084,0.0,-1.0,0.017383480236329657,-0.006748239080208995,0.01598216013649903,-0.007968063036698558,0.006748239080208995,0.007968063036698558,-0.001219823956489563,0.013185676239968197,0.012627736756551043
2,44,-7.670747140956507,-3.6364770235849653,0.0,1.0,-0.0012900038732870031,0.05032221160387046,-0.0028597927762849737,0.039683646778812476,0.05032221160387046,0.039683646778812476,0.010638564825057983,0.03559486683988163,0.02813334530756026
2,44,-0.9202783742809206,3.7145235842889743,0.0,1.0,0.014275368843889823,0.023335434036031194,0.011072706971979727,0.02122132434107346,0.023335434036031194,0.02122132434107346,0.002114109694957733,0.01934332749656924,0.01692556419261062
2,44,-7.391569547030076,6.982534217543581,0.0,1.0,-0.008630611111951222,0.0532941718156279,-0.010043706854415288,0.04315673304151901,0.0532941718156279,0.04315673304151901,0.010137438774108887,0.038175621787204746,0.03133192983359282
2,44,-8.940715290888564,-2.2787427053790648,0.0,1.0,0.006196390478822353,0.018421452384838666,0.0055581597750512385,0.0157447866019102,0.018421452384838666,0.0157447866019102,0.002676665782928467,0.013743092136286479,0.011806596571931484
2,44,4.473605623245975,2.3297745667081813,0.0,-1.0,0.0049708679827027355,-0.07729756260278747,0.005973630449371818,-0.06781732464197204,0.07729756260278747,0.06781732464197204,0.00948023796081543,0.05477053365101214,0.04813976413704315
2,44,-7.088275863820513,7.262785459111619,0.0,1.0,-0.011667253107481942,0.05025918095993809,-0.013279741287880883,0.04262188881325535,0.05025918095993809,0.04262188881325535,0.007637292146682739,0.0364836269156306,0.03156720556750747
2,44,5.7310935396996925,5.640349464894211,0.0,-1.0,0.0018395233400814726,-0.0681586959966089,-0.0008757662526614474,-0.05856205016454713,0.0681586959966089,0.05856205016454713,0.009596645832061768,0.04821302565737217,0.04141425289682427
2,44,-10.597434063489493,-8.526720688946357,0.0,1.0,0.030006396285253808,0.025452867552810787,0.0288145380830348,0.02107666473107922,0.025452867552810787,0.02107666473107922,0.004376202821731567,0.02782294273336864,0.02524384480546675
2,44,3.2686697557751696,9.538379808492085,0.0,-1.0,0.0023717205998916857,-0.021819704436828402,0.0013233196017761462,-0.014976733588744906,0.021819704436828402,0.014976733588744906,0.006842970848083496,0.015519738404923255,0.010631409214132546
2,44,10.157009214649356,0.25542020470171245,0.0,-1.0,-0.0012184114327597837,-0.010406602189325764,-0.001341962082492135,-0.010827112958216145,0.010406602189325764,0.010827112958216145,-0.00042051076889038086,0.007408842539370085,0.007714507023809707
2,44,-0.6448246982457544,-7.225037665463094,0.0,1.0,-0.017964084050182405,0.006460725540770665,-0.016790006658557954,0.002512484068526402,0.006460725540770665,0.002512484068526402,0.003948241472244263,0.013499060898358528,0.012004517895130554
2,44,-4.762929697791066,9.748959758552111,0.0,1.0,-0.010383767414325992,0.018343715263796745,-0.00862276308559827,0.015003858400774894,0.018343715263796745,0.015003858400774894,0.0033398568630218506,0.014904940714307924,0.012236580611855168
2,44,-2.7531425990167744,6.161973664682449,0.0,1.0,0.0006824340608902607,0.016934188165390884,0.003993777551967684,0.012913348235810196,0.016934188165390884,0.012913348235810196,0.0040208399295806885,0.011983998603728388,0.009557845515436607
2,44,-0.22442514946236614,5.622363534631102,0.0,1.0,0.020609660777303,-0.0006401300334910424,0.02163478616163375,0.0022414565181752173,-0.0006401300334910424,0.0022414565181752173,-0.0028815865516662598,0.014580258636513946,0.01537998861479568
2,44,-10.158161021231134,-3.813123548549462,0.0,1.0,0.012203230531460982,0.04373220902718422,0.012024231263942461,0.03583089810646889,0.04373220902718422,0.03583089810646889,0.007901310920715332,0.03210471103904624,0.026724851698418525
2,44,-9.269836994917632,8.515529909818078,0.0,1.0,-0.023196551376875443,0.03716817708734349,-0.022012083219286008,0.03246924491647557,0.03716817708734349,0.03246924491647557,0.00469893217086792,0.030980262940912457,0.027737913341659707
2,44,2.38477620087086,-2.1803408643504767,0.0,-1.0,0.004284268219933551,-0.052074068158711295,-0.0005933698518418851,-0.040343278020466666,0.052074068158711295,0.040343278020466666,0.011730790138244629,0.03694633627829993,0.028530090862261055
2,44,-5.995076945274821,6.066426991269839,0.0,1.0,-0.011215404147336933,0.03708818055956575,-0.009081665897796604,0.03471680976717684,0.03708818055956575,0.03471680976717684,0.002371370792388916,0.027398160772276792,0.02537452990588739
2,44,9.898535155232334,-4.247034195883738,0.0,-1.0,0.014371216146491318,-0.02600227984880854,0.01494922846391037,-0.020970068306679024,0.02600227984880854,0.020970068306679024,0.005032211542129517,0.02100774155954094,0.018210205880947256
2,44,5.6884820616918255,-1.9166344412415022,0.0,-1.0,-0.01886770601436698,-0.05892703242094227,-0.009859860940428612,-0.04619655318052479,0.05892703242094227,0.04619655318052479,0.01273047924041748,0.04375148843287141,0.03340163456723072
2,44,0.012209956562477586,-9.319434046200533,0.0,-1.0,-0.014125854457282094,-0.003704841597991386,-0.010895461524390249,-0.006405639811473289,0.003704841597991386,0.006405639811473289,-0.002700798213481903,0.010326316269961031,0.008937094136904898
2,44,-4.530045864881334,8.453215674287787,0.0,1.0,0.009068533320859468,0.03475085146138346,0.007728382487729585,0.027920636007281896,0.03475085146138346,0.027920636007281896,0.0068302154541015625,0.025395471780247314,0.020485236280401695
2,44,6.820722294841836,0.8158594311264178,0.0,-1.0,-0.007220342672399915,-0.06790286756629699,-0.007009053985558188,-0.05227965570564025,0.06790286756629699,0.05227965570564025,0.015623211860656738,0.04828526054622128,0.03729805114528608
2,44,-5.918670788885616,10.298776683983167,0.0,1.0,-0.0072745686956274536,0.015301646004719616,-0.006850667912565472,0.013326109658284069,0.015301646004719616,0.013326109658284069,0.001975536346435547,0.011980394821564827,0.010595207630642877
2,44,0.6556077576102552,-3.774012113334428,0.0,-1.0,-0.028724084614549415,-0.01688007247156019,-0.026729139505658882,-0.007199913081587503,0.01688007247156019,0.007199913081587503,0.009680159389972687,0.02355854286229221,0.01957403442184811
2,44,10.469660071585437,-1.9051524751021347,0.0,-1.0,0.005124480152579751,-0.005988856702736578,0.005683023520822432,-0.004526128917626104,0.005988856702736578,0.004526128917626104,0.0014627277851104736,0.005573450521898289,0.005137246310874739
2,44,-5.82091108827905,0.1098068135926713,0.0,1.0,0.0105429412473314,0.07698367807638384,0.008798432387629946,0.06857656214010455,0.07698367807638384,0.06857656214010455,0.008407115936279297,0.05494379082440974,0.04888843057122674
2,44,-3.194341141498506,10.381474858738844,0.0,1.0,-0.003770206915331503,0.012462540629169655,-0.005436454760027548,0.010718896153232765,0.012462540629169655,0.010718896153232765,0.0017436444759368896,0.009206774112524914,0.0084985226687235
2,44,10.511175631636341,0.3468278377158409,0.0,-1.0,-0.0046384488287796385,-0.04444893287987517,-0.0028691566604604132,-0.040403088801811204,0.04444893287987517,0.040403088801811204,0.004045844078063965,0.031600813610545335,0.028641243379690297
2,44,8.15223229695517,9.571262963695023,0.0,-1.0,-0.02944257762779752,-0.022038197791715786,-0.02877152991046468,-0.017607873952528164,0.022038197791715786,0.017607873952528164,0.004430323839187622,0.026005264267794603,0.023852024636463083
2,44,-2.4323534737643033,10.046296384118513,0.0,1.0,0.001849479227107459,0.010148140635219488,-0.0010553382348600093,0.007757815565791998,0.010148140635219488,0.007757815565791998,0.0023903250694274902,0.007294015758267012,0.00553612866282938
2,44,-2.31166478785115,10.029127462553856,0.0,1.0,0.004192416902572965,0.016769215391532366,0.0021470090112994666,0.010147750304595415,0.016769215391532366,0.010147750304595415,0.006621465086936951,0.012222580421755986,0.0073343876342547324
2,44,-9.858539091638711,-10.62350807134777,0.0,1.0,0.024553224800137843,0.026004396833049448,0.022855060530809726,0.025011800683604868,0.026004396833049448,0.025011800683604868,0.00099259614944458,0.025289222039604306,0.023957712383524368
2,44,5.487971908698604,5.8143558818371694,0.0,-1.0,0.0026798937683863017,-0.0762352755654816,0.0028781537180704447,-0.06589202195296329,0.0762352755654816,0.06589202195296329,0.01034325361251831,0.053939776932959,0.0466371221553959
2,44,6.669103786264095,0.7719778614133155,0.0,-1.0,-0.002853300071264867,-0.0834212706352816,-0.005034659638013009,-0.07477913358465293,0.0834212706352816,0.07477913358465293,0.008642137050628662,0.05902224036624489,0.052996540534934945
2,44,2.954857678243359,7.1132856128401265,0.0,-1.0,0.020092473095465288,-0.02489836452250138,0.02026908165793477,-0.016194119432016763,0.02489836452250138,0.016194119432016763,0.00870424509048462,0.02262339531311947,0.018345097102965287
2,44,7.914833137416256,1.7075715948266073,0.0,-1.0,-0.001570345258310256,-0.08327639963797051,-0.0011556235905436849,-0.0739467826145025,0.08327639963797051,0.0739467826145025,0.009329617023468018,0.058895775404069824,0.05229465615586123
2,44,-7.260341548160004,3.6131064496879564,0.0,1.0,-0.004016689803124231,0.08207347649489516,-0.004419677737773221,0.06713708895598525,0.08207347649489516,0.06713708895598525,0.014936387538909912,0.05810417085258437,0.04757584610277386
2,44,-2.925853239033816,0.8421208779199816,0.0,1.0,0.018902702374563218,0.060276072423828764,0.01708731951768756,0.04883341113842837,0.060276072423828764,0.04883341113842837,0.01144266128540039,0.04466831686947678,0.03658331950298063
2,44,0.7605620276072287,6.99406660695815,0.0,-1.0,0.004314649190864328,-0.005233988140781298,0.003767307188472513,-0.006970353399474993,0.005233988140781298,0.006970353399474993,-0.001736365258693695,0.004796396016701784,0.005602607873387592
2,44,9.982701664698975,-3.5109397016507877,0.0,-1.0,0.014443329846685879,-0.03331014932964932,0.013685442818528168,-0.030432973521696438,0.03331014932964932,0.030432973521696438,0.002877175807952881,0.025672707545404166,0.02359509718682549
2,44,-0.8953065431754901,10.151489560391955,0.0,1.0,0.009916111544971712,0.010923423246647232,0.006725460008983858,0.009573765472675674,0.010923423246647232,0.009573765472675674,0.0013496577739715576,0.010431932793056962,0.00827311300715269
2,44,8.645568164043201,0.4366049255855149,0.0,-1.0,-0.0001057581807076361,-0.062141098507942694,1.3330473465901992e-05,-0.05623952341944172,0.062141098507942694,0.05623952341944172,0.0059015750885009766,0.043940455781469906,0.03976734949771896
2,44,-1.4672438866905253,8.512263288680881,0.0,1.0,0.009951332698142079,0.0013894292742858694,0.007779741773879079,-0.004139721092497273,0.0013894292742858694,-0.004139721092497273,0.005529150366783142,0.00710491154685807,0.0062314393518635
2,44,1.9575863720968663,-7.815799158387506,0.0,-1.0,-0.01559945433114801,-0.015696349039651586,-0.012146140026796204,-0.013393076553918554,0.015696349039651586,0.013393076553918554,0.0023032724857330322,0.0156479766839701,0.012784819457654922
2,44,3.424179404671559,9.463071543388825,0.0,-1.0,0.018984746500356364,-0.027755623478273095,0.017167639299733806,-0.018415069002488793,0.027755623478273095,0.018415069002488793,0.009340554475784302,0.02377809111714456,0.017802283638513744
2,44,9.64790035975998,0.23179348044586234,0.0,-1.0,-0.00522581272094054,-0.053867420132796995,-0.0022592820998887514,-0.04677929538075232,0.053867420132796995,0.04677929538075232,0.007088124752044678,0.038268838957810095,0.03311651273856105
2,44,2.189510389371634,-8.049465973804251,0.0,-1.0,-0.023893812015444188,-0.035479020831755526,-0.021389999702364354,-0.026952188966444857,0.035479020831755526,0.026952188966444857,0.008526831865310669,0.030246282183183506,0.024330562851587495
2,44,6.137753857315591,-7.072440249151876,0.0,-1.0,0.011279788500405785,-0.05269250214085769,0.009730559474565026,-0.04197657048688125,0.05269250214085769,0.04197657048688125,0.01071593165397644,0.03810336868623415,0.030468969932770595
2,44,0.3175199195035088,9.217636749039759,0.0,-1.0,0.03034150873578756,-0.0031750624349501794,0.025109770645272422,-0.004709010319986648,0.0031750624349501794,0.004709010319986648,-0.0015339478850364685,0.021571835501756734,0.01806481884841259
2,44,3.0614235961397718,7.178357034778273,0.0,-1.0,0.01476500852938456,-0.05121685869340631,0.014167576273639626,-0.04025738246087762,0.05121685869340631,0.04025738246087762,0.010959476232528687,0.03769066257903374,0.030177616374316027
2,44,3.0938402121717097,-1.4953384747134475,0.0,-1.0,-0.0028077430158560054,-0.06797956337359234,-0.005937253224820353,-0.05922647227671429,0.06797956337359234,0.05922647227671429,0.008753091096878052,0.04810979347964064,0.04208934541068586
2,44,1.109412403412172,-3.8242532082663603,0.0,-1.0,-0.02476117025931221,-0.029468801016126006,-0.02731965493281227,-0.025060739511761992,0.029468801016126006,0.025060739511761992,0.004408061504364014,0.02721695965697378,0.026214539959002928
2,44,9.992160402489667,-8.99322925713863,0.0,-1.0,0.021115501271585176,-0.022372943516289434,0.020369330223208467,-0.021215361710106573,0.022372943516289434,0.021215361710106573,0.0011575818061828613,0.021753310041616573,0.020796648602993344
2,44,5.9479421574044835,8.900231059941852,0.0,-1.0,-0.007621242821440749,-0.030128153823893222,-0.008056371629462294,-0.0216867056122233,0.030128153823893222,0.0216867056122233,0.008441448211669922,0.02197486057952967,0.016358764075309028
2,44,8.333414357620676,1.1082718185823897,0.0,-1.0,-0.0038151025716758654,-0.05803606584126492,-0.0034072326440907404,-0.04926309659535427,0.05803606584126492,0.04926309659535427,0.008772969245910645,0.04112626864890641,0.03491748788540037
2,44,6.54008229874297,-3.7476485208072257,0.0,-1.0,-0.0027520382762009285,-0.032743096434879215,-0.0002669194698387764,-0.025293827140140446,0.032743096434879215,0.025293827140140446,0.0074492692947387695,0.02323450105788238,0.01788643253137255
2,44,9.881502430171633,-1.8579240321509083,0.0,-1.0,0.0012774436190181194,-0.03529962446486595,0.0002325732647829471,-0.030863071940299303,0.03529962446486595,0.030863071940299303,0.00443655252456665,0.02497694286297197,0.021824107082714542
2,44,1.7709610911091076,9.212240093053868,0.0,-1.0,0.017481589753410215,-0.01584463755209073,0.014388212997695798,-0.012762064138241852,0.01584463755209073,0.012762064138241852,0.003082573413848877,0.016683202921856172,0.013599466061865463
2,44,6.529225145523508,10.593123144560845,0.0,-1.0,-0.01532500045507218,-0.0037413659766817875,-0.014274572899034277,-0.004161548920025904,0.0037413659766817875,0.004161548920025904,-0.0004201829433441162,0.01115467297412691,0.01051384612935753
3,45,0.0,0.0,0.0,1.0,0.0033448551057231237,0.006353539608540931,0.005459977148319464,0.0018742803559927135,0.006353539608540931,0.0018742803559927135,0.004479259252548218,0.0050771803806630945,0.004081928301246295
3,45,1.553949455760728,0.6054068345511645,0.0,-1.0,-0.001096212037092463,-0.03228723290166641,-0.0009473479233667412,-0.02492827954492355,0.03228723290166641,0.02492827954492355,0.007358953356742859,0.02284367625051533,0.017639679548644885
3,45,6.623143095881279,0.2173524023396869,0.0,-1.0,-0.003170327399974861,-0.0764715324345725,-0.004127605934744873,-0.06813653811847142,0.0764715324345725,0.06813653811847142,0.008334994316101074,0.05411998821468324,0.04826813108834053
3,45,6.292095921406762,2.0134440680847607,0.0,-1.0,0.003140351848200388,-0.08369651030316849,0.0008877265467200947,-0.0709420699955513,0.08369651030316849,0.0709420699955513,0.012754440307617188,0.05922401390761557,0.05016754605158325
3,45,3.639443996932105,2.7085571646124738,0.0,-1.0,-0.00599389495909337,-0.0433224724456725,-0.00253671380341176,-0.03671693670005177,0.0433224724456725,0.03671693670005177,0.0066055357456207275,0.03092542154592802,0.02602468402839916
3,45,4.763238093510973,0.6166106174470976,0.0,-1.0,-0.0061677222785611,-0.0247708403319693,-0.004685471643980249,-0.02043114535516266,0.0247708403319693,0.02043114535516266,0.004339694976806641,0.018050420062388797,0.014822033346513693
3,45,-0.6639401976027379,6.6106742014904505,0.0,1.0,0.012284573635432422,0.004793140866574244,0.011960786303851306,0.0026342829845513865,0.004793140866574244,0.0026342829845513865,0.0021588578820228577,0.009324294846560393,0.008660249876565166
3,45,2.7590255981905862,-9.62765048127689,0.0,-1.0,0.003523279475754426,-0.01501043010657821,0.00389694099385135,-0.012630103716311791,0.01501043010657821,0.012630103716311791,0.0023803263902664185,0.010902442621925188,0.009346273829563097
3,45,-8.077151680287871,4.298863128103431,0.0,1.0,-0.010209654379271328,0.020254476114429043,-0.009206890049957096,0.015788955732501553,0.020254476114429043,0.015788955732501553,0.00446552038192749,0.016038716364069644,0.012923968963033234
3,45,4.254183435490324,-1.702562612303538,0.0,-1.0,-0.0013636509665264848,-0.05776163612130286,-0.000957020629288173,-0.04587429438355567,0.05776163612130286,0.04587429438355567,0.011887341737747192,0.040855025097093677,0.03244508262952963
3,45,-7.353726478796105,-8.364195119694081,0.0,1.0,0.012203787903009175,0.042936326334087505,0.011142482499299763,0.033875317642299785,0.042936326334087505,0.033875317642299785,0.00906100869178772,0.03156311580190468,0.025215987603243985
3,45,5.903176202293274,-6.914917777775191,0.0,-1.0,0.01078461388712218,-0.05760843737038823,0.01202735582952788,-0.050377559494106494,0.05760843737038823,0.050377559494106494,0.007230877876281738,0.0414429725825275,0.03662346098358481
3,45,-2.691682496505166,-9.871359135896315,0.0,1.0,0.0038446949931565666,0.025898790311655928,0.005900116464752331,0.02015823717101567,0.025898790311655928,0.02015823717101567,0.005740553140640259,0.018513900442606986,0.014852035216436826
3,45,-6.320925045269305,-7.982575791799295,0.0,1.0,0.014465246506988813,0.011155090400746248,0.014786079683363249,0.00979342229085245,0.011155090400746248,0.00979342229085245,0.0013616681098937988,0.01291664426925146,0.01254071912949439
3,45,-3.008081171962747,4.083967775810899,0.0,1.0,0.003280681834311225,0.09320496909927461,0.0074828539944598454,0.06829359524559114,0.09320496909927461,0.06829359524559114,0.02491137385368347,0.06594667974240521,0.04857987368999138
3,45,-10.336119383874342,10.088172686600299,0.0,1.0,-0.021547869060988815,0.018397509824080283,-0.020037862685377987,0.014726102124495322,0.018397509824080283,0.014726102124495322,0.003671407699584961,0.02003470774427031,0.017583714408212065
3,45,4.401781524532943,6.7658931149895665,0.0,-1.0,0.016546197207762986,-0.04680154947322401,0.014049105318381577,-0.04183910516780409,0.04680154947322401,0.04183910516780409,0.004962444305419922,0.035101009067638064,0.03120807653067991
3,45,-1.3534120430479266,-2.6574251528890986,0.0,1.0,-0.0026352352259726014,0.011617341280428656,-0.0023683703301519837,0.011711606026140936,0.011617341280428656,0.011711606026140936,-9.426474571228027e-05,0.008423392520895561,0.008448990878569018
3,45,-3.9100820512078727,-3.388033912592709,0.0,1.0,-0.002739100120593446,0.04532377235497764,-0.004737323484946626,0.037266982718365704,0.04532377235497764,0.037266982718365704,0.008056789636611938,0.03210721889199118,0.02656379335422555
3,45,2.383175588877478,0.6427177214532769,0.0,-1.0,-0.009347266886883617,-0.029654262343602744,-0.008283104185515285,-0.023198334256368247,0.029654262343602744,0.023198334256368247,0.006455928087234497,0.021985753039159776,0.017417986784044378
3,45,-2.485557989387045,8.484157465411446,0.0,1.0,-0.0022666552590364653,0.028794380661993635,-0.0030232170151704985,0.013945492741613996,0.028794380661993635,0.013945492741613996,0.014848887920379639,0.02042368825373016,0.010090010131987605
3,45,6.631444050412767,3.7573287091616123,0.0,-1.0,0.006170476040622305,-0.05168360199831529,0.003090528956433844,-0.0415495606889586,0.05168360199831529,0.0415495606889586,0.01013404130935669,0.03680536299296717,0.02946113849358176
3,45,2.6097935653102216,-4.3210396047947555,0.0,-1.0,-0.0014348476656997206,-0.03775890716005262,-0.0006119608410918714,-0.029697140535601935,0.03775890716005262,0.029697140535601935,0.008061766624450684,0.02671884969216711,0.021003507469733732
3,45,-5.666232475528256,-6.763208146152564,0.0,1.0,0.00426772801511878,0.056692690818241076,0.005552014394932928,0.051176519362857775,0.056692690818241076,0.051176519362857775,0.005516171455383301,0.040201210769227495,0.0363995947638054
3,45,0.31818546123590785,-5.404544760504746,0.0,-1.0,-0.01899462793312795,-0.008662000659040027,-0.020300111214740346,-0.008035280170968585,0.008662000659040027,0.008035280170968585,0.0006267204880714417,0.01476187904257406,0.015437944208293858
3,45,-2.9067403102761036,2.398995128823822,0.0,1.0,0.010161545901516869,0.04407079761599303,0.007824384449938729,0.03529663627718688,0.04407079761599303,0.03529663627718688,0.008774161338806152,0.03198040194883776,0.025564365086037908
3,45,5.801346508768379,-7.234521368535104,0.0,-1.0,0.005065553027628261,-0.05362597734503716,0.006168134647844631,-0.04651892811827629,0.05362597734503716,0.04651892811827629,0.007107049226760864,0.038088090485650185,0.03318174617396814
3,45,6.927439200878453,4.36962141425056,0.0,-1.0,0.0010443441239889953,-0.07163912417413942,-0.00035252425393497017,-0.06495601298334353,0.07163912417413942,0.06495601298334353,0.0066831111907958984,0.050661892814457085,0.045931513670038705
3,45,8.753135230073667,-5.3782523307311605,0.0,-1.0,0.01613751826992018,-0.052949802655722744,0.01581330252995474,-0.04530920245125497,0.052949802655722744,0.04530920245125497,0.0076406002044677734,0.03914141730438482,0.033933643804288705
3,45,-0.24211937285644503,-6.973541147453356,0.0,1.0,-0.021774249987337957,0.0030780306312414435,-0.020041662173006902,0.004406752273735645,0.0030780306312414435,0.004406752273735645,-0.0013287216424942017,0.015549794774818534,0.014510129018361795
3,45,2.829255763606538,-10.623321981963377,0.0,-1.0,0.0016847309388838827,-0.024116677123054764,0.001003628663035494,-0.017978501397117874,0.024116677123054764,0.017978501397117874,0.00613817572593689,0.01709462538042448,0.012732513164718028
3,45,-4.387627465654505,5.7437205540738105,0.0,1.0,-0.0028954483667505415,0.06568770513281952,0.0006570108136045305,0.05880444154486786,0.06568770513281952,0.05880444154486786,0.00688326358795166,0.04649332332099289,0.041583614613288335
3,45,8.935948500839405,7.232764009999318,0.0,-1.0,-0.022154998990704382,-0.02590234800462482,-0.02025152838509258,-0.021319257460877872,0.02590234800462482,0.021319257460877872,0.004583090543746948,0.02410161418277626,0.020792247841628465
3,45,8.958730370477397,1.8779111714610952,0.0,-1.0,0.00041823364077670823,-0.04582270912927139,-0.00038791172922985305,-0.03566172652047622,0.04582270912927139,0.03566172652047622,0.010160982608795166,0.03240289795160372,0.02521814043432734
3,45,-8.051333671993929,-1.063547654553421,0.0,1.0,0.004588013777246889,0.07644776959960231,0.0040000027806667655,0.06793902774398097,0.07644776959960231,0.06793902774398097,0.008508741855621338,0.05415399960840421,0.04812333900012944
3,45,10.188565625822253,-6.678067905319162,0.0,-1.0,0.016459136099275483,-0.017670255001066004,0.018205891192611588,-0.013697098787305628,0.017670255001066004,0.013697098787305628,0.003973156213760376,0.017075436640642185,0.016110012248698347
3,45,-4.257340716120824,-5.7796101221259875,0.0,1.0,-0.010113147112085372,0.06685968159979433,-0.008815203818037062,0.058643389933763446,0.06685968159979433,0.058643389933763446,0.008216291666030884,0.047814708867337866,0.041933012062556174
3,45,-6.333301700804829,4.831075768055991,0.0,1.0,-0.016683086973356916,0.07927074864201655,-0.013729721528219892,0.0707521124153625,0.07927074864201655,0.0707521124153625,0.008518636226654053,0.05728078640009388,0.050962567951774944
3,45,-9.001917583708618,-0.13111271856323192,0.0,1.0,0.003419762634746302,0.056797311077242285,0.002599439275525082,0.051782712707643896,0.056797311077242285,0.051782712707643896,0.005014598369598389,0.04023449590887797,0.03666201317378471
3,45,0.17808098017487062,-5.841737201803099,0.0,-1.0,-0.007567940516888957,-0.006090779447351154,-0.008033236725747447,-0.007654902183805164,0.006090779447351154,0.007654902183805164,-0.00156412273645401,0.006869181826951618,0.007846350098470073
3,45,-3.8852161500054576,5.961098536982984,0.0,1.0,0.006906440349226356,0.0609942501379388,0.0077482665497115855,0.04641224201454097,0.0609942501379388,0.04641224201454097,0.014582008123397827,0.043405054245945075,0.033272600163961503
3,45,6.821069783363367,2.304849200689315,0.0,-1.0,-0.00531393305847461,-0.06069153929691773,-0.006221144622955869,-0.04881811524372559,0.06069153929691773,0.04881811524372559,0.011873424053192139,0.04307958232608145,0.03479878601596186
3,45,-7.578645487795022,-1.0550950785906057,0.0,1.0,0.0011369339623566602,0.03545589021284856,0.0006397455432530378,0.025748320136859792,0.03545589021284856,0.025748320136859792,0.00970757007598877,0.025083986621152653,0.018212430703098522
3,45,8.196072696013868,-3.9640516580716065,0.0,-1.0,0.008459777999929724,-0.05485874594317869,0.009336024020127592,-0.04467207373248533,0.05485874594317869,0.04467207373248533,0.01018667221069336,0.0392495213363572,0.03227038515469722
3,45,4.017697230892981,-2.257397179656561,0.0,-1.0,-0.0045023672003600065,-0.0659935710329334,-0.004836119683489508,-0.05725541089957159,0.0659935710329334,0.05725541089957159,0.008738160133361816,0.04677297685675835,0.04062985436149025
3,45,-0.6120457252151397,-3.187505774642637,0.0,1.0,-0.016398543979813787,0.01646037115609489,-0.018595906462361547,0.01593793644463859,0.01646037115609489,0.01593793644463859,0.0005224347114562988,0.01642948665135779,0.017317989999856204
3,45,8.69213746277094,-1.0865447570613238,0.0,-1.0,0.001653310188660266,-0.053393479503322794,0.0008500826522799751,-0.049030598319698526,0.053393479503322794,0.049030598319698526,0.004362881183624268,0.03777298696192611,0.03467507903454101
3,45,2.367653034383995,9.229424676427517,0.0,-1.0,0.0028959350238348947,-0.009880012519401599,-0.002019883548209478,-0.004859617598098803,0.009880012519401599,0.004859617598098803,0.005020394921302795,0.00728014721849105,0.0037212775190839298
3,45,6.234081267019835,7.7880070527569245,0.0,-1.0,-0.012420026854351854,-0.030519404994236277,-0.010882521317080354,-0.02049873171924238,0.030519404994236277,0.02049873171924238,0.010020673274993896,0.023299046635699875,0.016410778048498827
3,45,-8.891158471322498,2.5913279777753893,0.0,1.0,-0.007988876442065987,0.04009203905225606,-0.007534382643750462,0.033042895737894484,0.04009203905225606,0.033042895737894484,0.007049143314361572,0.028906692496498295,0.02396455591668468
3,45,2.54769003885057,5.452733840806303,0.0,-1.0,0.0157701897257079,-0.03303194550392177,0.019272804521869552,-0.027717595375747944,0.03303194550392177,0.027717595375747944,0.005314350128173828,0.025882506715529708,0.023871594914792342
3,45,-1.85239067353616,8.774667245024528,0.0,1.0,0.01169349848380033,0.024960603242477036,0.009946352234982886,0.022880281930526353,0.024960603242477036,0.022880281930526353,0.0020803213119506836,0.019490633917589695,0.017641389174363788
3,45,5.108916476988265,-4.487734125672061,0.0,-1.0,-0.014311884071361802,-0.06678147108522609,-0.011480834807884477,-0.05614514143434718,0.06678147108522609,0.05614514143434718,0.010636329650878906,0.04829386558342057,0.040522132684304636
3,45,5.886865568661399,7.4969880938076905,0.0,-1.0,-0.006446625549286378,-0.03633496639371597,-0.007503997046440614,-0.02874491092801773,0.03633496639371597,0.02874491092801773,0.007590055465698242,0.02609395297578714,0.021006902150634475
3,45,10.509159260577146,-7.590015079329797,0.0,-1.0,0.025685236155586696,-0.0216876898120395,0.024246790976794816,-0.01892340520129121,0.0216876898120395,0.01892340520129121,0.002764284610748291,0.023770646244386164,0.02174858773673171
3,45,-1.3330899945745323,-0.006375201377792905,0.0,1.0,0.009022156091359413,0.04376252969507502,0.008334618376520431,0.03405945976976679,0.04376252969507502,0.03405945976976679,0.009703069925308228,0.03159555590466147,0.02479428022035117
3,45,-8.630134226863678,8.243707942995982,0.0,1.0,-0.030545753134613635,0.04213860010789261,-0.029850824443822505,0.03902258848832474,0.04213860010789261,0.03902258848832474,0.003116011619567871,0.036801526147794784,0.03474071194078387
3,45,10.580823528864084,8.39188028665091,0.0,-1.0,-0.025290375074102374,-0.02316472062500846,-0.022799042483522387,-0.020469815820778725,0.02316472062500846,0.020469815820778725,0.0026949048042297363,0.024250848985380605,0.021665752905242662
3,45,2.7446124164817842,9.247701144285998,0.0,-1.0,-0.010910360179757606,-0.009481512821066587,-0.012619389258241187,-0.006752424753058164,0.009481512821066587,0.006752424753058164,0.002729088068008423,0.010220935491139999,0.010120381052527758
3,45,1.4242998570229801,6.430172094805165,0.0,-1.0,0.019512783277163645,-0.014045624301485073,0.020620490896830698,-0.013686051831296932,0.014045624301485073,0.013686051831296932,0.00035957247018814087,0.0170004157778571,0.017500180849854434
3,45,0.15471104407484404,0.24201196555209137,0.0,-1.0,-0.0033998875867476287,-0.004613228427536496,-0.0031327484164287867,-0.004594371008045682,0.004613228427536496,0.004594371008045682,1.885741949081421e-05,0.004052228530521907,0.0039320705487190695
3,45,9.969975052528557,-8.72454063402769,0.0,-1.0,0.016882999808790086,-0.01118813583192202,0.01681362559020698,-0.011619524448483909,0.01118813583192202,0.011619524448483909,-0.00043138861656188965,0.014321488503943007,0.014451839915674721
3,45,-0.7651817958550868,-0.013274372250821287,0.0,1.0,0.0019385188571374723,0.008879286205197873,0.0018831056296091386,0.0019211144799247404,0.008879286205197873,0.0019211144799247404,0.006958171725273132,0.006426491222793929,0.0019022049912196814
3,45,-6.387613927874501,8.115345678616588,0.0,1.0,-0.016634243009038596,0.04326691009818695,-0.016414152858205466,0.03777398445426605,0.04326691009818695,0.03777398445426605,0.0054929256439208984,0.03277745833593829,0.02912300049448604
3,45,-6.138175548105446,2.5554803155221872,0.0,1.0,-0.0039429876750171,0.07768117904691296,-0.0017310574447572044,0.06740724563626843,0.07768117904691296,0.06740724563626843,0.010273933410644531,0.05499960331640532,0.04767983496272444
3,45,4.229730607728868,6.297145214137554,0.0,-1.0,0.008773027822106691,-0.022253893909849276,0.00667250053557715,-0.015075557527937045,0.022253893909849276,0.015075557527937045,0.0071783363819122314,0.016914517600544875,0.011657501837345268
3,45,10.328551731878036,8.72569312746121,0.0,-1.0,-0.018944247434719494,-0.01217342520804765,-0.018136256649031332,-0.010346006403878949,0.01217342520804765,0.010346006403878949,0.0018274188041687012,0.015922889062035917,0.014764207627716385
3,45,1.683385152490585,-1.2361648643170877,0.0,-1.0,0.0030684613151930433,-0.016237506806211027,0.0033505179448507887,-0.01342734152014688,0.016237506806211027,0.01342734152014688,0.002810165286064148,0.011684863758824611,0.009785690338382558
3,45,-6.134495676063965,-7.155569112076593,0.0,1.0,0.009459774699932366,0.04536491925692471,0.009870972243076592,0.042173269343136865,0.04536491925692471,0.042173269343136865,0.003191649913787842,0.03276784427270719,0.03062695495892757
3,45,10.575132363786402,3.3745307090290364,0.0,-1.0,-0.011309088050834042,-0.02329455484827697,-0.010985306540019018,-0.02114500274141967,0.02329455484827697,0.02114500274141967,0.0021495521068573,0.01831026703957238,0.016849155775777464
3,45,-1.7876586894778423,-0.9017044128212088,0.0,1.0,0.005502866693881593,0.021979232215625644,0.004132552185205064,0.0187689409491843,0.021979232215625644,0.0187689409491843,0.003210291266441345,0.016021363715973548,0.013589538842753464
3,45,3.4778551650629836,1.982856256612294,0.0,-1.0,-0.002847700997658964,-0.046983440672326626,-0.0033430602992260416,-0.037079085861611905,0.046983440672326626,0.037079085861611905,0.009904354810714722,0.033283277320466084,0.026325222320970523
3,45,10.415805268637012,-7.820593557819983,0.0,-1.0,0.03551808274768724,-0.027184084816647636,0.0333437874954982,-0.024479404850674735,0.027184084816647636,0.024479404850674735,0.0027046799659729004,0.0316267977306449,0.029249354064561663
3,45,-5.243151813854815,-0.8180470103451452,0.0,1.0,0.006844568588079686,0.09290658682499209,0.006247537848779733,0.08409249037418642,0.09290658682499209,0.08409249037418642,0.008814096450805664,0.06587291550640036,0.05962624701632903
3,45,4.97361032895936,-4.24973508300862,0.0,-1.0,0.0007585786784794213,-0.022952865211007145,0.0015365906561519982,-0.020015250293252018,0.022952865211007145,0.020015250293252018,0.002937614917755127,0.016238988007356025,0.014194565071640953
3,45,-5.833759473990548,-10.189504441619395,0.0,1.0,0.012766418176566735,0.02332975764130707,0.010012013035689965,0.01968019504403229,0.02332975764130707,0.01968019504403229,0.0036495625972747803,0.01880503954610438,0.015613303333983794
3,45,6.47931903615514,-7.809795061124037,0.0,-1.0,0.009367775183581062,-0.021325119681856353,0.009192164998911567,-0.020569362588426787,0.021325119681856353,0.020569362588426787,0.0007557570934295654,0.016469911070428014,0.0159310165190641
3,45,-0.41897556508943445,2.451848235178529,0.0,1.0,0.00018339576372144312,0.013589943434794305,0.0035795454884433517,0.011181081320841668,0.013589943434794305,0.011181081320841668,0.0024088621139526367,0.009610416134774286,0.008301497618114145
3,45,-1.9100303003738404,-5.580353909761209,0.0,1.0,-0.025937038729289416,0.047052357287169666,-0.025844428012469653,0.04427984723544237,0.047052357287169666,0.04427984723544237,0.002772510051727295,0.037991145707415346,0.036253546933271506
3,45,-8.082102917145942,10.22207657085806,0.0,1.0,0.0012120094405330614,0.02345642831335082,0.00017367417680396596,0.02012637641439452,0.02345642831335082,0.02012637641439452,0.003330051898956299,0.016608326166464026,0.014232027091977878
3,45,-4.97921618046493,-0.14293184832482808,0.0,1.0,0.008294767797094666,0.027614621924222982,0.008215050775659167,0.02339351038819698,0.027614621924222982,0.02339351038819698,0.004221111536026001,0.020388360856448164,0.01753201910119508
3,45,-9.135568640981706,-0.4672196223933085,0.0,1.0,0.006787200993064229,0.06411049091069798,0.007247014505925958,0.055712673299003646,0.06411049091069798,0.055712673299003646,0.008397817611694336,0.04558629806274546,0.03972669873882434
3,45,-10.339716877204491,5.831280515967997,0.0,1.0,-0.029180110851575444,0.03326096640249582,-0.028821253549813117,0.03229304657598825,0.03326096640249582,0.03229304657598825,0.0009679198265075684,0.031287143967915855,0.030606416919835306
3,45,8.131908757516452,9.816105954757301,0.0,-1.0,-0.022294118324586887,-0.03477629858833026,-0.019095170567104358,-0.03125700194221209,0.03477629858833026,0.03125700194221209,0.003519296646118164,0.029209747134949508,0.025900055110001784
3,45,3.5865911744877863,3.0838431690120434,0.0,-1.0,0.003353424190536254,-0.06012237186686714,0.001862473606124633,-0.05639299865023811,0.06012237186686714,0.05639299865023811,0.0037293732166290283,0.04257901509370274,0.039897613366586655
3,45,8.893942403951922,-7.419909428135528,0.0,-1.0,0.021250774450795845,-0.05094050389622817,0.017449059821860985,-0.03901748877858291,0.05094050389622817,0.03901748877858291,0.011923015117645264,0.039029029913387775,0.03022279040106759
3,45,2.8032102541054122,-3.72118561474793,0.0,-1.0,-0.016242923906102283,-0.05259046696930764,-0.017402107587113483,-0.04596058272629616,0.05259046696930764,0.04596058272629616,0.006629884243011475,0.038920366089422044,0.034750600807857884
3,45,0.3658515406548464,-2.0829390832931445,0.0,-1.0,-0.005159548791290547,-0.0050965822711425135,-0.006185858817936207,-0.002962475217862637,0.0050965822711425135,0.002962475217862637,0.0021341070532798767,0.005128162174513981,0.004849799415021687
3,45,-4.182882223970347,2.7618610257467946,0.0,1.0,0.0015826015496523127,0.09300431168564377,0.0010110377097398981,0.08070233023651657,0.09300431168564377,0.08070233023651657,0.012301981449127197,0.06577350005809839,0.05706964299368927
3,45,2.69715963309822,8.792490157098683,0.0,-1.0,-0.001843746540963448,-0.014523550112026912,-0.006230991123139656,-0.011827855546253901,0.014523550112026912,0.011827855546253901,0.0026956945657730103,0.010352123191980271,0.009453132211063546
3,45,-5.177672598939889,10.003841567796204,0.0,1.0,-0.023571489895651776,0.03507834676903643,-0.023033781493971783,0.027917236129464285,0.03507834676903643,0.027917236129464285,0.0071611106395721436,0.02988398858878766,0.025592256280174898
3,45,3.2302857182389637,-8.947735654279484,0.0,-1.0,-0.008208670358342496,-0.03866741594687062,-0.006106578449887601,-0.03461579021826344,0.03866741594687062,0.03461579021826344,0.004051625728607178,0.027951308780272122,0.024855011896994284
3,45,-9.509730748923133,6.286265114350481,0.0,1.0,-0.029917080520053548,0.042098764472764394,-0.028407350281586093,0.03424263387278881,0.042098764472764394,0.03424263387278881,0.007856130599975586,0.03651943097158455,0.03146057472906839
3,45,-7.664365312683911,-10.252665652387543,0.0,1.0,0.02096975524600586,0.029835073963719816,0.018324571891389696,0.02647626282365939,0.029835073963719816,0.02647626282365939,0.003358811140060425,0.02578625868072007,0.022768206210747013
3,45,-6.202246568952585,6.067295773989638,0.0,1.0,-0.011321020762126308,0.06824283889994287,-0.009627697507541041,0.0633425026343789,0.06824283889994287,0.0633425026343789,0.004900336265563965,0.04891446908747989,0.0453043331221364
3,45,-10.052153356968587,0.7621332622264596,0.0,1.0,0.0007517865017254242,0.03428433052808866,0.001402952344735373,0.03019908777982816,0.03428433052808866,0.03019908777982816,0.004085242748260498,0.024248510291391186,0.02137701075940419
3,45,-0.4108381419315972,7.14060283385836,0.0,1.0,0.030208722657854348,0.014321695115508126,0.028420568413431435,0.010880555059851693,0.014321695115508126,0.010880555059851693,0.003441140055656433,0.02363977448708777,0.021518773052302504
3,45,8.052069806485068,-5.638614552423638,0.0,-1.0,0.017550475509894574,-0.05614059043835651,0.014795660587084973,-0.04904072357129108,0.05614059043835651,0.04904072357129108,0.00709986686706543,0.04159197690294785,0.03622087892779525
3,45,0.2515885298921887,-0.24728671910405708,0.0,-1.0,0.0015435277947245286,0.0005573172790507841,0.002387304184681003,-0.002513901449968381,-0.0005573172790507841,0.002513901449968381,-0.003071218729019165,0.0011604052315065923,0.002451420177198164
3,45,2.412524813597889,-7.033981548964681,0.0,-1.0,-0.02601567148395173,-0.03320670984427823,-0.023309262983280343,-0.02434549592177762,0.03320670984427823,0.02434549592177762,0.00886121392250061,0.029828683690727824,0.023833011900523757
3,45,0.3153483167457036,-0.17986048391154164,0.0,-1.0,-0.017339410071651358,-0.01611385763594022,-0.015909867172519583,-0.01485447295912614,0.01611385763594022,0.01485447295912614,0.0012593846768140793,0.016737854545075863,0.015391218930621219
3,45,4.354903200624168,0.7413374569137101,0.0,-1.0,-0.012752150529657334,-0.032004232250273934,-0.011367012625221938,-0.02384420736891102,0.032004232250273934,0.02384420736891102,0.008160024881362915,0.02436070837496843,0.018678265458462483
3,45,2.4727308488022786,10.412194160037384,0.0,-1.0,-0.0021855701264323624,-0.008410843933851664,-0.005767794376272145,-0.006549942220480387,0.008410843933851664,0.006549942220480387,0.0018609017133712769,0.006144876420936507,0.006171271953924415
3,45,-2.509797756083046,-8.205220481096223,0.0,1.0,-0.0071800035091817704,0.020510081033635053,-0.0036754888149679033,0.018108252267765912,0.020510081033635053,0.018108252267765912,0.0024018287658691406,0.015365804150745559,0.013065565778449922
3,45,-9.515067227573088,-5.536064160525126,0.0,1.0,0.02440226452823523,0.04306594561926924,0.023191519569864306,0.03963283728949629,0.04306594561926924,0.03963283728949629,0.0034331083297729492,0.03500104417148025,0.03247005059724335
3,45,7.458365935340655,3.7342010756252506,0.0,-1.0,0.0015898044596992095,-0.066516784286624,-2.348465811390088e-05,-0.0559012566567717,0.066516784286624,0.0559012566567717,0.010615527629852295,0.04704790149439903,0.0395281611470571
3,45,-4.930418056602152,-7.451512903613665,0.0,1.0,0.003091808062045995,0.03520714085180621,0.003080729048698369,0.03127061169226031,0.03520714085180621,0.03127061169226031,0.0039365291595458984,0.024991018827285275,0.022218708863023757
3,45,6.580272594430575,-10.565533541368222,0.0,-1.0,0.013743243256274684,-0.02186156180833304,0.014027058222953304,-0.019533374581083895,0.02186156180833304,0.019533374581083895,0.0023281872272491455,0.018259307488246994,0.017004574162781266
3,45,8.923009564802094,8.39755492084965,0.0,-1.0,-0.027521109423750058,-0.03553195629826,-0.025746133393757954,-0.03301339183559826,0.03553195629826,0.03301339183559826,0.002518564462661743,0.03177995738115049,0.02960360979019218
3,45,1.2339608087165104,2.712395770758956,0.0,-1.0,0.015458576221274334,-0.020867565845019587,0.01278703643779655,-0.01971910354948736,0.020867565845019587,0.01971910354948736,0.0011484622955322266,0.01836331782501703,0.01661853401562457
3,45,7.692941551805529,-3.5159082574766423,0.0,-1.0,0.003589937063764981,-0.07729589042539403,0.005483781519245556,-0.07151900825376317,0.07729589042539403,0.07151900825376317,0.005776882171630859,0.05471536495709553,0.0507200177511437
3,45,8.365138637146181,8.811641094576412,0.0,-1.0,-0.020388363099478793,-0.016770738973190702,-0.017947970128439975,-0.014726389064361967,0.016770738973190702,0.014726389064361967,0.0020443499088287354,0.018667391831521163,0.016416396781972792
3,45,-9.03650623991106,-9.777723429802304,0.0,1.0,0.021767025382772788,0.016476928214939568,0.02150143546755682,0.014573126058491204,0.016476928214939568,0.014573126058491204,0.0019038021564483643,0.019304048246605508,0.018366923126672385
3,45,6.473988505533459,3.580524965567653,0.0,-1.0,-0.004641322147499544,-0.03359687160437014,-0.005319632318269235,-0.026084302176879903,0.03359687160437014,0.026084302176879903,0.007512569427490234,0.02398219811524167,0.018824044571456425
3,45,4.652218589996796,-6.283238625632806,0.0,-1.0,0.0041876294976032485,-0.027468226157146614,0.004856393611983131,-0.02283488889785401,0.027468226157146614,0.02283488889785401,0.0046333372592926025,0.019647387727498918,0.016507827081294602
3,45,3.296450058218431,-9.8165195085733,0.0,-1.0,0.004833989261697064,-0.029030881137062925,0.00726910722167326,-0.022060684174706358,0.029030881137062925,0.022060684174706358,0.006970196962356567,0.020810568370139226,0.016424276331947197
3,45,4.242601289780724,6.95168900482965,0.0,-1.0,0.007599582403729377,-0.04920148524386825,0.00386792930943769,-0.040387627211641686,0.04920148524386825,0.040387627211641686,0.008813858032226562,0.035203265494224104,0.02868903369694897
3,45,8.918651897744716,-6.356861734372746,0.0,-1.0,0.01747034470895905,-0.0243075312044449,0.01654206849048514,-0.020278465833885206,0.0243075312044449,0.020278465833885206,0.004029065370559692,0.02116682566547138,0.018504812975547076
3,45,-3.0606678751645156,5.720563170381119,0.0,1.0,0.0066536642694127734,0.028499620454482344,0.0065188683652532275,0.022622125642470625,0.028499620454482344,0.022622125642470625,0.005877494812011719,0.02069419742656874,0.01664716512423701
3,45,-4.523667065069282,-7.441180189487687,0.0,1.0,-0.002969483995815897,0.022294430308869462,-0.002832266652962351,0.01810386615329085,0.022294430308869462,0.01810386615329085,0.004190564155578613,0.015903764617197464,0.012957077295627908
3,45,0.18071253468466253,-3.9424202179038135,0.0,-1.0,-0.00221668941346298,-0.010868957545256795,-0.002361945932780607,-0.0099823002699973,0.010868957545256795,0.0099823002699973,0.0008866572752594948,0.007843722014335842,0.007253451153408528
3,45,-5.766510446885358,-5.3960904431421755,0.0,1.0,0.0014003900325526564,0.067775909901168,0.0005289291477431624,0.06154418468525613,0.067775909901168,0.06154418468525613,0.006231725215911865,0.04793503444858736,0.04351991747818605
3,45,6.649766024461293,-4.2375223435545655,0.0,-1.0,-0.0038832233255351803,-0.0837117454329323,-0.005915100962444665,-0.07398611514957659,0.0837117454329323,0.07398611514957659,0.009725630283355713,0.05925679601034823,0.05248301465389694
3,45,1.99566007446119,4.976700946035079,0.0,-1.0,0.009221969927055748,-0.04904028550583173,0.010627872133953484,-0.042695683993876465,0.04904028550583173,0.042695683993876465,0.006344601511955261,0.03528451736830908,0.031111678657705245
3,45,9.133495845101994,3.03821452529076,0.0,-1.0,-0.0041965655113836466,-0.053881976253127906,-0.007027286017992133,-0.04872212136421189,0.053881976253127906,0.04872212136421189,0.005159854888916016,0.038215693942632877,0.03480824513680387
3,45,5.866866486319513,4.645789006258939,0.0,-1.0,0.001494542274385606,-0.07732256271967725,-0.002965114500612105,-0.06912686445841626,0.07732256271967725,0.06912686445841626,0.008195698261260986,0.05468552076257639,0.048925020663531625
3,45,-8.971602817428645,-1.5069565746723494,0.0,1.0,0.005060243263835348,0.04593011164065075,0.004937948036933579,0.04142578863497448,0.04593011164065075,0.04142578863497448,0.0045043230056762695,0.03267400508976388,0.029499824532063214
3,45,4.6147775149627215,-4.884463842179598,0.0,-1.0,-0.009944908538047748,-0.07437349116669428,-0.008248388984386401,-0.06442487990723383,0.07437349116669428,0.06442487990723383,0.00994861125946045,0.053058069104295946,0.04592712200812963
3,45,-9.282718340542958,-4.131142489293719,0.0,1.0,0.006497503521596077,0.033047867996207514,0.006830533298407677,0.027133895141593256,0.033047867996207514,0.027133895141593256,0.005913972854614258,0.023815741969419203,0.019785151638231562
3,45,1.0885548667309237,0.9585934312037736,0.0,-1.0,-0.005920701913310334,-0.02682984172007681,-0.005508419379366681,-0.022034312771769773,0.02682984172007681,0.022034312771769773,0.004795528948307037,0.019428009649352283,0.016060099990086597
3,45,4.723747477610678,6.36967612818534,0.0,-1.0,-0.0006503759361217998,-0.019100080637556693,-0.0003912894464443706,-0.016858752278906486,0.019100080637556693,0.016858752278906486,0.0022413283586502075,0.013513624036864694,0.011924148519547074
3,45,8.998689320127887,7.828867594466956,0.0,-1.0,-0.025438846009699374,-0.029814434088875297,-0.022835980090228587,-0.02384887341420794,0.029814434088875297,0.02384887341420794,0.005965560674667358,0.027713131962528947,0.023347920140862986
3,45,-8.12923052062471,7.73351858731364,0.0,1.0,-0.005864424631752893,0.01736702221275649,-0.004724742845454141,0.011716919120562885,0.01736702221275649,0.011716919120562885,0.0056501030921936035,0.012961576617061045,0.008933347318712126
3,45,2.826401602373439,7.032250031467683,0.0,-1.0,0.015984807190840028,-0.027464509905000878,0.012757305083219789,-0.021805972755571557,0.027464509905000878,0.021805972755571557,0.005658537149429321,0.02247012867397762,0.01786406002009446
3,45,-3.7989247981208445,-8.831404821085801,0.0,1.0,0.011809978315014513,0.03558336359613273,0.01326787812389818,0.027576314035585858,0.03558336359613273,0.027576314035585858,0.008007049560546875,0.02651085959202094,0.021638965845204635
3,45,-9.631159274889416,2.2241830367577755,0.0,1.0,-0.005615538152892029,0.04192953383122655,-0.0051555514140314215,0.03469025170003148,0.04192953383122655,0.03469025170003148,0.007239282131195068,0.02991337557055838,0.02479912572445104
3,45,6.630696141048297,-1.1676099452063085,0.0,-1.0,-0.002393125168059663,-0.08908822282433804,-0.0019387291586144724,-0.07440831407189663,0.08908822282433804,0.07440831407189663,0.014679908752441406,0.06301761061032427,0.05263247986639273
3,45,-9.37780909486928,-10.456028981315749,0.0,1.0,0.019746534060400646,0.02094051411820952,0.017770324367743652,0.01907089522553984,0.02094051411820952,0.01907089522553984,0.0018696188926696777,0.020352281677167,0.01843208442958015
3,45,-2.5359706143099956,-8.241304090954785,0.0,1.0,-0.0005241860910848023,0.00920231692595444,0.0004907767013117431,0.00904306821627579,0.00920231692595444,0.00904306821627579,0.0001592487096786499,0.006517568866678523,0.006403824815482066
3,45,8.891218545625868,4.816922199783546,0.0,-1.0,-0.007333938409203697,-0.013692137424988426,-0.00944422223102491,-0.011204448168320336,0.013692137424988426,0.011204448168320336,0.002487689256668091,0.010983198073757068,0.01036178054934484
3,45,4.482418313171065,-5.419894119138506,0.0,-1.0,-0.006178364912744427,-0.05906611300271841,-0.0062262795965632445,-0.04825862861436697,0.05906611300271841,0.04825862861436697,0.01080748438835144,0.041993915620271306,0.034406843747675976
3,45,9.885974042070533,-4.522956424201574,0.0,-1.0,0.009491146933052301,-0.038388003744778465,0.010523195769402742,-0.03387479964703066,0.038388003744778465,0.03387479964703066,0.004513204097747803,0.02796176587426046,0.025082261663650313
3,45,0.886151299358497,-6.719526853407574,0.0,-1.0,-0.010795989255787938,-0.010469240427888764,-0.011937090377690404,-0.006425769359744919,0.010469240427888764,0.006425769359744919,0.004043471068143845,0.010633869924633015,0.009586048157342666
3,45,-5.243501609703802,7.654797922419846,0.0,1.0,-0.004600390272961982,0.07257239709907903,-0.0039938236054052195,0.06004922281319036,0.07257239709907903,0.06004922281319036,0.012523174285888672,0.05141943412451161,0.04255502195663441
3,45,-2.924155287896535,-6.218505397934354,0.0,1.0,-0.013115550084185579,0.038896666380311806,-0.012186291320395448,0.02970825276031669,0.038896666380311806,0.02970825276031669,0.009188413619995117,0.02902557759556267,0.022705571763516653
3,45,-8.303383365482244,-1.5136791729771986,0.0,1.0,0.008343386502087,0.03412834652419894,0.007994026915252092,0.027962633452375818,0.03412834652419894,0.027962633452375818,0.00616571307182312,0.024843068799959168,0.02056469469641723
3,45,-6.225632978811896,3.982085806522141,0.0,1.0,0.0019390625489923638,0.030231393070381363,0.002803653998491494,0.024400538892906387,0.030231393070381363,0.024400538892906387,0.005830854177474976,0.021420750343356405,0.017367307995303914
3,45,6.082826760377859,-2.6868376723283403,0.0,-1.0,0.0019781401244646293,-0.059650677096045435,0.0011359711972719413,-0.04853715265909475,0.059650677096045435,0.04853715265909475,0.011113524436950684,0.042202584733453806,0.034330348227285
3,45,-1.2419349702777787,5.621012887953196,0.0,1.0,0.025905142226473665,0.030693625710096317,0.02513262132670102,0.018828367493238407,0.030693625710096317,0.018828367493238407,0.01186525821685791,0.028400484617390902,0.02220536058265868
3,45,3.577395586236303,-8.52515886042988,0.0,-1.0,0.004507476706095054,-0.021624617069918972,0.003851736206598594,-0.015946082562167507,0.021624617069918972,0.015946082562167507,0.005678534507751465,0.015619561608390623,0.011599858207855068
3,45,9.041288172015804,10.57942518841594,0.0,-1.0,-0.013305541032182275,-0.012972977603414981,-0.011865569182859956,-0.010205295527914493,0.012972977603414981,0.010205295527914493,0.0027676820755004883,0.01314031145098534,0.0110666116956661
3,45,1.5800962488653862,5.013553079808281,0.0,-1.0,0.01325578762531461,-0.012730954878303238,0.016037789716722387,-0.006835392408343979,0.012730954878303238,0.006835392408343979,0.005895562469959259,0.012996020884886977,0.01232747517486555
3,45,-0.16079256416866627,9.697859971740492,0.0,1.0,0.007853820671406941,0.007686258472455132,0.0013139841454898882,0.0063383441343432545,0.007686258472455132,0.0063383441343432545,0.0013479143381118774,0.007770491247147997,0.0045771803929909914
3,45,-6.3704980631610555,-2.6541547309316744,0.0,1.0,0.00835022208206957,0.0951674442636461,0.01050343428664511,0.08516697696323106,0.0951674442636461,0.08516697696323106,0.010000467300415039,0.06755208603919671,0.06067839853221821
3,45,-0.04655997866180783,-8.679691426787725,0.0,1.0,-0.024137669046188137,0.0010879251642441357,-0.02193530722405984,0.0010359052105164135,0.0010879251642441357,0.0010359052105164135,5.201995372772217e-05,0.01708523702127519,0.015527891077333504
3,45,-0.08854702922802815,-8.396641366340614,0.0,1.0,-0.005598972372860445,-0.003168746268373601,-0.0038645666168637405,-0.0025336960311947987,-0.003168746268373601,-0.0025336960311947987,-0.0006350502371788025,0.004549145224401291,0.0032676054470108483
3,45,-3.34575859564833,2.023752317588249,0.0,1.0,0.0012730760401735638,0.03418486697240164,-0.0009677419537057544,0.029789888687565824,0.03418486697240164,0.029789888687565824,0.004394978284835815,0.02418910759541224,0.021075744263329404
3,45,-4.342681726196149,-2.024259966913654,0.0,1.0,0.0008383317617236194,0.08531580449289533,-6.278429650678069e-05,0.07490716458505842,0.08531580449289533,0.07490716458505842,0.010408639907836914,0.06033029627149469,0.05296738264272135
3,45,9.199439539771607,-3.3818045348844894,0.0,-1.0,0.004958814882404149,-0.060619257846658225,0.006758405768043339,-0.049858831325356956,0.060619257846658225,0.049858831325356956,0.01076042652130127,0.04300746601996907,0.035577936348641113
3,45,4.874347593540335,8.376071587445747,0.0,-1.0,-0.008788781350534583,-0.012680571006539965,-0.0069259797391110905,-0.0065373586881195545,0.012680571006539965,0.0065373586881195545,0.00614321231842041,0.010909618661516232,0.006734473029261812
3,45,-1.9772385673690618,-5.9415223050291575,0.0,1.0,-0.011289582131926018,0.016710572286315506,-0.011852309583250481,0.013023533268638199,0.016710572286315506,0.013023533268638199,0.003687039017677307,0.014260047174705965,0.012451699909179815
3,45,9.892332388392159,8.290563961636664,0.0,-1.0,-0.03369749455512173,-0.028837776546328076,-0.031594878312057324,-0.025318688516466625,0.028837776546328076,0.025318688516466625,0.00351908802986145,0.03136190759048633,0.02862928853244147
3,45,7.8613540725796085,1.50600181908308,0.0,-1.0,-0.005311525429432303,-0.07627129978763392,-0.006332287567500979,-0.0641222042523556,0.07627129978763392,0.0641222042523556,0.01214909553527832,0.05406257242160528,0.0455617983842733
3,45,-7.359027669685703,-6.447492976219121,0.0,1.0,0.009689107036932224,0.03728071794607002,0.009334898984773868,0.02929312930204231,0.03728071794607002,0.02929312930204231,0.00798758864402771,0.02723720548943629,0.021739684488995027
3,45,0.6084942694029198,-3.982638357954615,0.0,-1.0,-0.006593848303453623,-0.0154333583098956,-0.006372461751596628,-0.014649175388843621,0.0154333583098956,0.014649175388843621,0.0007841829210519791,0.011867337194387413,0.011296163250162942
3,45,-9.429361835586196,-10.354015382810442,0.0,1.0,0.01436679182698028,0.010133250068330157,0.01305065794040458,0.00843380243649422,0.010133250068330157,0.00843380243649422,0.0016994476318359375,0.012431561936198937,0.010987463224404007
3,45,7.435609113821659,1.5168468213076878,0.0,-1.0,-0.0066822217775947615,-0.0816972484817633,-0.0048472010529107615,-0.06784393694306701,0.0816972484817633,0.06784393694306701,0.013853311538696289,0.0579615928756963,0.048095192784633846
3,45,-9.922843490528003,-5.091195369831692,0.0,1.0,0.02097394713910944,0.04849232445979279,0.020177524776781863,0.037520539868117986,0.04849232445979279,0.037520539868117986,0.010971784591674805,0.03735914874637787,0.03012410511627422
3,45,-6.238811399129179,2.37278566696345,0.0,1.0,0.001102177492853601,0.08621883425862054,0.0001628716211285186,0.07701486382633904,0.08621883425862054,0.07701486382633904,0.009203970432281494,0.06097090361861644,0.054457854242315286
3,45,3.5310277474378395,-6.353071666421681,0.0,-1.0,-0.0011118215708543627,-0.04122272490214712,-0.002897360661487755,-0.032687488781923124,0.04122272490214712,0.032687488781923124,0.008535236120223999,0.0291594684070502,0.023204165807792863
3,45,6.018393241255808,-0.36057622681972745,0.0,-1.0,-0.010579349941268797,-0.09380546252290317,-0.0072606378259810166,-0.07516893784562656,0.09380546252290317,0.07516893784562656,0.01863652467727661,0.06675098293027458,0.053399841191148385
3,45,7.878551202352952,-7.265901256526649,0.0,-1.0,0.010154786598205984,-0.043293878162126265,0.010186477642775,-0.03885339173100444,0.043293878162126265,0.03885339173100444,0.004440486431121826,0.031444232994081264,0.028402027883318814
3,45,1.1366791619644427,-7.209345555307053,0.0,-1.0,-0.020013266197351526,-0.01891156467593416,-0.019396179309991907,-0.014864021865494098,0.01891156467593416,0.014864021865494098,0.0040475428104400635,0.019470209325763477,0.017279336182898418
3,45,7.547670242448881,1.0522079767852723,0.0,-1.0,-0.005184723353606649,-0.029413277541906535,-0.004545727568340488,-0.025965923702032268,0.029413277541906535,0.025965923702032268,0.0034473538398742676,0.021118975496110807,0.018639914603148424
3,45,5.57818805751403,-0.995262757531334,0.0,-1.0,0.0007074119351523425,-0.0502623150339806,0.0032844690434353854,-0.046845568179198493,0.0502623150339806,0.046845568179198493,0.0034167468547821045,0.03554434374285948,0.03320613644290178
3,45,-9.469661012131406,-9.066388678779866,0.0,1.0,0.018755949262366154,0.01906409764456163,0.016730846065864422,0.014710067750686506,0.01906409764456163,0.014710067750686506,0.004354029893875122,0.018910651122235767,0.015752893437547245
3,45,3.1937321477095963,-3.563491616041661,0.0,-1.0,-0.012184131501360107,-0.03087608530347008,-0.008813719807310272,-0.023814991257831042,0.03087608530347008,0.023814991257831042,0.007061094045639038,0.023471106749678387,0.017955994339667495
3,45,-8.466523985172676,2.8235090340247506,0.0,1.0,-0.0054059474574360625,0.0664275374662413,-0.0062912477957043425,0.058273502851678316,0.0664275374662413,0.058273502851678316,0.008154034614562988,0.047126648521518336,0.04144502945729147
3,45,6.349489820958265,7.283259477499907,0.0,-1.0,-0.008620725242457355,-0.04483176603683481,-0.008628131119570698,-0.04057790174850473,0.04483176603683481,0.04057790174850473,0.004253864288330078,0.03228160582814489,0.029334371963004487
3,45,-8.372597459418344,-4.967660284717643,0.0,1.0,0.013581806340962638,0.030470027632485963,0.01426108508720993,0.024579568810235597,0.030470027632485963,0.024579568810235597,0.005890458822250366,0.023589065765814796,0.020093951213757687
3,45,5.081553042874157,6.621072126369555,0.0,-1.0,-0.004267384358982135,-0.010896107106247277,-0.004693073281387378,-0.007120599894562096,0.010896107106247277,0.007120599894562096,0.0037755072116851807,0.008274530782409894,0.00603025205455418
3,45,-8.956363229739233,-7.69423228471747,0.0,1.0,0.020515220823744827,0.04408247049635361,0.019542227151850753,0.03603268440550278,0.04408247049635361,0.03603268440550278,0.00804978609085083,0.03438123391116802,0.028984935634921598
3,45,-10.49175702325733,7.371518981695722,0.0,1.0,-0.016757050170211944,0.007403174018159486,-0.015796163691787872,0.004075595711961366,0.007403174018159486,0.004075595711961366,0.00332757830619812,0.01295387424576431,0.011535364488933917
3,45,-9.496316952111247,-7.5715228996169035,0.0,1.0,0.02604603864311433,0.03187456389990778,0.02455679400882876,0.031080808845433905,0.03187456389990778,0.031080808845433905,0.000793755054473877,0.029106562428496338,0.028009398516198544
3,45,10.53558967579755,-2.5511372080537082,0.0,-1.0,0.008866086882684438,-0.03295284139628657,0.009983634856674879,-0.029797311897232615,0.03295284139628657,0.029797311897232615,0.003155529499053955,0.024129828560312306,0.022221079645827
3,45,-1.0076221072186922,4.260742166622789,0.0,1.0,0.0012705750689784023,0.02199866808601389,0.0027337647900858852,0.019763210784874058,0.02199866808601389,0.019763210784874058,0.0022354573011398315,0.015581331113940737,0.01410776329640662
3,45,-8.814238520024047,-2.616953538177265,0.0,1.0,0.013146934539536087,0.07439005790649,0.01331391741753563,0.062037412509303724,0.07439005790649,0.062037412509303724,0.01235264539718628,0.053416863456767015,0.04486591661746405
3,45,9.563520898596344,2.251727516396322,0.0,-1.0,-0.007736643978028887,-0.053396275968723095,-0.006122395132302635,-0.049731842012576855,0.053396275968723095,0.049731842012576855,0.0036644339561462402,0.03815113332111384,0.03543119975473557
3,45,-8.371536948220907,4.634817454180988,0.0,1.0,-0.01862815021231879,0.06397547474439647,-0.017187776962966812,0.05514325848157908,0.06397547474439647,0.05514325848157908,0.008832216262817383,0.04711618272474768,0.04084237158206497
3,45,-2.6658911699965824,-3.1906691488800814,0.0,1.0,0.004160023696466196,0.05510054118320262,0.0005915830207307224,0.043762694665639756,0.05510054118320262,0.043762694665639756,0.011337846517562866,0.03907285141781291,0.03094772540000663
3,45,3.163144396751383,-7.312444982364601,0.0,-1.0,0.004380649908794998,-0.02769888845336896,0.0018270975196501005,-0.022495090040092286,0.02769888845336896,0.022495090040092286,0.005203798413276672,0.019829504723714128,0.015958812005568753
3,45,8.997376367222266,0.017920497165041738,0.0,-1.0,-0.004491976229323393,-0.03080914519750927,-0.0045480842234923895,-0.02374250791990612,0.03080914519750927,0.02374250791990612,0.007066637277603149,0.02201569074825969,0.017093737924029156
3,45,-9.132076664715228,-2.6271978917980325,0.0,1.0,0.01789199522068978,0.0742147833616863,0.016535598396568305,0.060563650778068134,0.0742147833616863,0.060563650778068134,0.013651132583618164,0.053981281766919985,0.044392464506379826
3,45,-1.7327167483438863,3.166738249388885,0.0,1.0,0.010667796346557748,0.03385905270170603,0.011780093523872506,0.02722648624967966,0.03385905270170603,0.02722648624967966,0.006632566452026367,0.025102164535638526,0.02097679857527333
3,45,-0.620327655556359,-9.841278562639227,0.0,1.0,0.00041396070676399943,-0.000780560562244792,0.0033110742683942485,-0.0011319448443569136,-0.000780560562244792,-0.0011319448443569136,0.0003513842821121216,0.0006247552553106119,0.002474319294421064
3,45,3.9724084725615256,8.418969477965646,0.0,-1.0,-0.005745757010691244,-0.043259375079669204,-0.006167266157381612,-0.03808438061098024,0.043259375079669204,0.03808438061098024,0.005174994468688965,0.0308576348405821,0.027280535353782852
3,45,-2.529157276766659,0.651287999066648,0.0,1.0,-0.0008837826058239392,0.07261306327174999,0.0020519389331369944,0.058427485640753285,0.07261306327174999,0.058427485640753285,0.014185577630996704,0.05134899234357732,0.04133994153168189
3,45,6.467287693819252,6.770174339954789,0.0,-1.0,-0.014789866380904196,-0.04858301951340088,-0.013581993155692099,-0.04145886375358948,0.04858301951340088,0.04145886375358948,0.007124155759811401,0.03590995636731192,0.03084888913575303
3,45,-4.316488934199061,9.103203622753231,0.0,1.0,-0.0026388223239469377,0.026734516838063216,-0.003915255791811928,0.024352447011937117,0.026734516838063216,0.024352447011937117,0.0023820698261260986,0.01899602292352331,0.017440913155344274
3,45,-7.909110846269829,-5.910062968363927,0.0,1.0,0.007103125804045915,0.025094969235022357,0.0089056373172791,0.015654755793173603,0.025094969235022357,0.015654755793173603,0.009440213441848755,0.01844196135305057,0.012735418229701303
3,45,8.510739079659675,-8.923891209042525,0.0,-1.0,0.017367540030663105,-0.037606419924262446,0.015100499718372913,-0.02919647276735632,0.037606419924262446,0.02919647276735632,0.008409947156906128,0.029290563892119325,0.023242838830482386
3,45,-4.5448800213924825,-0.632826372693323,0.0,1.0,-0.0018954264563658006,0.0145029875515863,-0.0003691754867472417,0.01270554988373962,0.0145029875515863,0.01270554988373962,0.0017974376678466797,0.010342371328011739,0.008987972195890766
3,45,10.168566855971513,1.831550048112284,0.0,-1.0,-0.0007206501154487467,-0.01235208942419258,-0.00041037068648985386,-0.008904705781995925,0.01235208942419258,0.008904705781995925,0.0034473836421966553,0.00874909851733727,0.006303260630984643
3,45,-4.255944009095098,10.39218642676298,0.0,1.0,-0.023559702524033804,0.03043439774169593,-0.02226220626482131,0.025581655784985113,0.03043439774169593,0.025581655784985113,0.004852741956710815,0.027214997234252213,0.023979438488827377
3,45,-1.908769086408748,2.231385412236948,0.0,1.0,0.011547212455066774,0.0803980941980359,0.014130619320663545,0.07149146153621644,0.0803980941980359,0.07149146153621644,0.008906632661819458,0.0574334034606983,0.05153010515693629
3,45,-4.662954542608264,-5.421505137096516,0.0,1.0,-0.004314551633554584,0.06328597027246763,-0.00240411100979436,0.05080454904024412,0.06328597027246763,0.05080454904024412,0.01248142123222351,0.04485381471584254,0.03596444044420811
3,45,7.744647120017394,-4.954272594161609,0.0,-1.0,0.00884267282761153,-0.021328569421962262,0.010058831098447407,-0.01973483062763548,0.021328569421962262,0.01973483062763548,0.0015937387943267822,0.016326370330291468,0.01566275235979539
3,45,-8.313565555880675,2.3022040524102714,0.0,1.0,-0.005008036532394927,0.05974523459151193,-0.006595153623216193,0.04325984154417917,0.05974523459151193,0.04325984154417917,0.016485393047332764,0.04239441877361096,0.030942769282510184
3,45,10.331633600347477,-1.997021898428546,0.0,-1.0,0.002335413636239127,-0.02170564823667298,0.0015639316267984666,-0.018735966020028694,0.02170564823667298,0.018735966020028694,0.002969682216644287,0.015436795688006572,0.013294403048594743
3,45,-8.072674104205134,6.992261224873477,0.0,1.0,-0.02092785321667017,0.047524365488828324,-0.018340393235228673,0.036715420786679887,0.047524365488828324,0.036715420786679887,0.010808944702148438,0.03671879869613267,0.02902061463482284
3,45,-4.507121933950005,-7.167298822015031,0.0,1.0,-0.006698773160147137,0.053063670703342614,-0.010173545136618084,0.04135168583052462,0.053063670703342614,0.04135168583052462,0.011711984872817993,0.03781948380374783,0.03011198218046444
3,45,-2.0877041248208545,2.067144375721883,0.0,1.0,0.008863592023125852,0.05942533557345292,0.008124252284041608,0.04351792876650712,0.05942533557345292,0.04351792876650712,0.0159074068069458,0.04248490185683562,0.031303463061629004
3,45,9.948380648304205,-0.6520624242539768,0.0,-1.0,5.325945964433122e-05,-0.04831976714857383,-0.0016802540893258913,-0.04412574592359825,0.04831976714857383,0.04412574592359825,0.004194021224975586,0.03416725577115052,0.031224227029012612
3,45,-1.7194753484010157,3.0250544548457743,0.0,1.0,0.014023715387651937,0.04977055854423651,0.017133245002100485,0.032242263027268736,0.04977055854423651,0.032242263027268736,0.017528295516967773,0.03656345915719094,0.025817742052913744
3,45,-6.639554290724327,1.2523648023872624,0.0,1.0,0.0011780600810129722,0.04857418228675625,0.0002804495209534248,0.036488386884229396,0.04857418228675625,0.036488386884229396,0.012085795402526855,0.034357233666154646,0.025801947885256714
3,45,-2.6116632991036557,-4.224624920854922,0.0,1.0,-0.017975110914059948,0.05312848979138096,-0.020475771631547283,0.04338175946377476,0.05312848979138096,0.04338175946377476,0.009746730327606201,0.039659431664394965,0.033920747913924944
3,45,-2.6489728196841664,-2.621884656687037,0.0,1.0,-0.0020298657566536135,0.0706393654779407,-0.004901967719219989,0.06016054110088076,0.0706393654779407,0.06016054110088076,0.010478824377059937,0.049970192665808856,0.04268090904064157
3,45,6.214327786540931,5.162119990850222,0.0,-1.0,0.013755836884737138,-0.0699622472010965,0.00898927579379094,-0.05751190979112336,0.0699622472010965,0.05751190979112336,0.012450337409973145,0.05041794859882159,0.041160823893109495
3,45,-2.595994584086453,6.210490519640704,0.0,1.0,0.022476924378946772,0.0521410474435437,0.023196263034418574,0.04005423876205566,0.0521410474435437,0.04005423876205566,0.012086808681488037,0.04014910309114493,0.032729258023744566
3,45,-1.7508022027464332,-7.3139591216569535,0.0,1.0,-0.020966102815095256,0.014634978773164942,-0.017919560409013102,0.011753392221498682,0.014634978773164942,0.011753392221498682,0.0028815865516662598,0.01807982398896811,0.01515342987519089
3,45,-8.019202540029298,0.16917358760930945,0.0,1.0,0.008662233653509833,0.08636174681588404,0.008081259730303504,0.07183430674477809,0.08636174681588404,0.07183430674477809,0.014527440071105957,0.06137338839007855,0.05111494098759919
3,45,-8.77172758767045,-8.742537522942406,0.0,1.0,0.025083290188967988,0.03402140284573152,0.023158424309849546,0.03182190204655244,0.03402140284573152,0.03182190204655244,0.002199500799179077,0.029888353068507525,0.027829355601373604
3,45,-10.375203374560027,6.741573959636632,0.0,1.0,-0.029520809185927983,0.033508198032672076,-0.02841092553106534,0.029045240650469928,0.033508198032672076,0.029045240650469928,0.0044629573822021484,0.0315775039417996,0.0287298337445194
3,45,-4.892620433650622,-2.1004262394852233,0.0,1.0,0.0044225075814722965,0.09040745584643634,0.003530242812991042,0.08352055637515338,0.09040745584643634,0.08352055637515338,0.006886899471282959,0.06400416645005821,0.05911068410843275
3,45,-0.9943701268537879,8.709687888627734,0.0,1.0,0.01942759482336992,0.013133211674924261,0.01628641514254564,0.011891527714963324,0.013133211674924261,0.011891527714963324,0.0012416839599609375,0.016581807644515067,0.014259308356141977
3,45,-8.494044439077825,9.324898900408453,0.0,1.0,-0.031743496207603646,0.03721688915719279,-0.030429068503984642,0.03506277729501017,0.03721688915719279,0.03506277729501017,0.002154111862182617,0.034588628116918145,0.03282778214911625
3,45,2.956300678664592,7.034289670293475,0.0,-1.0,0.025961868086942175,-0.02784782546326467,0.027297354856618383,-0.022935061629265036,0.02784782546326467,0.022935061629265036,0.004912763833999634,0.026921366770617707,0.02521073812987566
3,45,-2.8769427811056687,-9.01524450159447,0.0,1.0,-0.003966095652810253,0.03101172498542354,-0.0030008282329951896,0.030318880594554398,0.03101172498542354,0.030318880594554398,0.0006928443908691406,0.02210720472265527,0.0215434385671228
3,45,5.23573498653503,-10.012179329586942,0.0,-1.0,0.015707371713689716,-0.03846612459194981,0.015511376740507038,-0.032871573028686873,0.03846612459194981,0.032871573028686873,0.0055945515632629395,0.029379961430160403,0.02570158673862605
3,45,-0.8745955133311281,0.037410805150365434,0.0,1.0,0.007326404546990307,0.030315977780173142,0.008288639114841135,0.023822915999243577,0.030315977780173142,0.023822915999243577,0.006493061780929565,0.022053737918481208,0.017835818807712334
3,45,4.9890384998153845,6.285848149065686,0.0,-1.0,0.013413369724476792,-0.04549820960982953,0.011101044783318498,-0.030157613172375308,0.04549820960982953,0.030157613172375308,0.015340596437454224,0.03354106114202035,0.02272349915325397
3,45,-2.5381747980847464,-9.224961236171307,0.0,1.0,0.006119208469376608,0.006168937080746312,0.006800474657998129,0.00553960143888535,0.006168937080746312,0.00553960143888535,0.0006293356418609619,0.006144123086246614,0.006202162513018157
3,45,-4.054429224849666,8.59807751591116,0.0,1.0,-0.0008157189038235091,0.003726076811182172,-0.0005574147251087569,0.003475066750871808,0.003726076811182172,0.003475066750871808,0.00025101006031036377,0.0026971323412918143,0.002488654264736548
3,45,2.793759632733101,-7.219194639790134,0.0,-1.0,-0.015052143917717004,-0.026723811776674072,-0.011835579262413048,-0.016353497655427734,0.026723811776674072,0.016353497655427734,0.010370314121246338,0.021687890081734194,0.014274414559675333
3,45,-4.503651966119993,-0.09462669197488083,0.0,1.0,0.010493376835322537,0.07093765302580662,0.009969780764615693,0.06228711172026463,0.07093765302580662,0.06228711172026463,0.008650541305541992,0.05070631900571079,0.04460426445390188
3,45,5.606088977413872,-6.22357048238445,0.0,-1.0,-0.003831457602359617,-0.05680878778911813,-0.003187958406783903,-0.051210332121622404,0.05680878778911813,0.051210332121622404,0.0055984556674957275,0.04026113782189803,0.036281270614535094
3,45,-0.31993699384630325,8.333366743149558,0.0,1.0,0.009152697941793353,0.004170901911106403,0.007695125958455951,0.0022110117839243965,0.004170901911106403,0.0022110117839243965,0.001959890127182007,0.007112253593825917,0.005661428115994901
3,45,-5.321310108133698,-5.857362623010337,0.0,1.0,-0.0004905226928562864,0.059395161459045,-0.00045689077204177225,0.05001204926689107,0.059395161459045,0.05001204926689107,0.00938311219215393,0.042000153673875,0.03536533487082737
3,45,-10.161764620917355,-0.010129724330226964,0.0,1.0,0.003246052342778764,0.04758140929808752,0.004643484170860372,0.044220005355979364,0.04758140929808752,0.044220005355979364,0.0033614039421081543,0.0337233403342862,0.031440187808980044
3,45,1.1266381207225873,7.488309022948723,0.0,-1.0,0.023757060493862142,-0.015304062076708105,0.022363488997852315,-0.015834155985018042,0.015304062076708105,0.015834155985018042,-0.0005300939083099365,0.019982645462460175,0.0193758372195235
3,45,6.699731564845791,-6.179079326077968,0.0,-1.0,-0.0029302999824729614,-0.062031057669617196,-0.0025042012781348877,-0.050961700274445076,0.062031057669617196,0.050961700274445076,0.01106935739517212,0.04391149492785833,0.03607884365458369
3,45,8.659593333655632,6.870127469265412,0.0,-1.0,-0.03410199400005756,-0.04313928232502151,-0.03225406933544098,-0.03599351988147903,0.04313928232502151,0.03599351988147903,0.0071457624435424805,0.03888408205357222,0.03417497960609384
3,45,-8.247473116640371,2.906836846765515,0.0,1.0,-0.003041511616470847,0.015741094376901688,-0.002279252028825316,0.008504852082590164,0.015741094376901688,0.008504852082590164,0.0072362422943115234,0.011336508393144096,0.0062260540777302345
3,45,-10.426019470267628,8.91237702305423,0.0,1.0,-0.02606853638536232,0.01103760181702973,-0.024550756260221178,0.009986473906415716,0.01103760181702973,0.009986473906415716,0.0010511279106140137,0.020017457919854074,0.018741255214530208
3,45,-9.804395658952021,3.6798505040697993,0.0,1.0,-0.014778433546175716,0.03995636438192063,-0.01608645468180394,0.032416376817833714,0.03995636438192063,0.032416376817833714,0.007539987564086914,0.03012401992347259,0.025589016298262806
3,45,-5.564706604062703,-10.280761201021337,0.0,1.0,0.006953694794475163,0.018858947283988847,0.006326892350017155,0.015935071236854448,0.018858947283988847,0.015935071236854448,0.0029238760471343994,0.014212912508613097,0.012123449635568492
3,45,-8.593474879707475,9.17280507003387,0.0,1.0,-0.024475453251294653,0.026176776399164048,-0.023670341649345915,0.023693766107110825,0.026176776399164048,0.023693766107110825,0.0024830102920532227,0.025340396943498555,0.02368205677443614
3,45,5.77931576426797,-2.1953933426737358,0.0,-1.0,-0.003981827003304121,-0.07041760299121141,-0.0027366598969141218,-0.057642628883469105,0.07041760299121141,0.057642628883469105,0.01277497410774231,0.04987230572829027,0.04080540388226003
3,45,-5.870737765979587,-3.1588519282700434,0.0,1.0,0.0007880021792510544,0.07721207166792132,0.00025130333124194493,0.06914851690412738,0.07721207166792132,0.06914851690412738,0.008063554763793945,0.05460002270460482,0.04889570811126823
3,45,-7.836258661058901,6.170340813101394,0.0,1.0,-0.016541547320047777,0.056881887746092374,-0.015978860846916597,0.04851983292126327,0.056881887746092374,0.04851983292126327,0.008362054824829102,0.041887778296899644,0.03612131075052806
3,45,1.375804165421794,-10.119602160487704,0.0,-1.0,-0.007633352366728519,-0.015079637315796673,-0.0041089744246432525,-0.01404388740353471,0.015079637315796673,0.01404388740353471,0.0010357499122619629,0.01195122441280824,0.01034684599831111
3,45,-1.8790860860822711,6.593079921998189,0.0,1.0,0.007012963523421983,0.01754947410265939,0.00525220506385396,0.014365215164823697,0.01754947410265939,0.014365215164823697,0.0031842589378356934,0.01336348941445983,0.010815384060782444
3,45,-0.004085769005699902,3.5244504397772936,0.0,1.0,0.0092734899244949,0.008309963973210356,0.00937671771866528,0.008186299236462614,0.008309963973210356,0.008186299236462614,0.0001236647367477417,0.008804916712149027,0.008801656956631513
3,45,0.8935610999106949,-10.624039803899569,0.0,-1.0,-7.691994523684187e-05,-0.008898017673911025,0.0031697450556786855,-0.008980894207180908,0.008898017673911025,0.008980894207180908,-8.28765332698822e-05,0.006292083724935969,0.00673437987043258
3,45,9.216419368770179,-1.9772219949492147,0.0,-1.0,0.0021204483581934545,-0.06591997728196142,0.0020189695878182028,-0.05691669568863866,0.06591997728196142,0.05691669568863866,0.009003281593322754,0.046636572055062504,0.04027149417584127
3,45,10.095786306741491,-10.37006069937914,0.0,-1.0,0.013776487545459917,-0.010963185603304948,0.013082136274665049,-0.009825064713641252,0.010963185603304948,0.009825064713641252,0.0011381208896636963,0.012449559182210532,0.011568798255137513
3,45,0.5668302348378766,-7.280201545789232,0.0,-1.0,-0.018090107849340592,-0.0045532768279147595,-0.018254601767759476,-0.0034133827000689954,0.0045532768279147595,0.0034133827000689954,0.0011398941278457642,0.013190609005508419,0.013131672916209453
3,45,7.404202604385226,4.770697708637336,0.0,-1.0,-0.006678318806027726,-0.04698611112401341,-0.007960878513788537,-0.03884694786832188,0.04698611112401341,0.03884694786832188,0.008139163255691528,0.033558118098554635,0.028039801580926157
3,45,-9.907034166704051,4.747082530258904,0.0,1.0,-0.010244689019533048,0.025100768159159126,-0.010124847361954103,0.019237876485117378,0.025100768159159126,0.019237876485117378,0.005862891674041748,0.019170318402243577,0.015372189592889834
3,45,-0.34574703431424325,-1.8003943288270108,0.0,1.0,0.004971016818200127,-0.0077359125447448995,0.003557906174574868,-0.010319535477178982,-0.0077359125447448995,-0.010319535477178982,0.002583622932434082,0.0065021285402078145,0.007718533177095036
3,45,-6.8403035343617855,-5.274218403828241,0.0,1.0,0.008104192453466566,0.0669263574466259,0.008033981907211454,0.05899524420352287,0.0669263574466259,0.05899524420352287,0.007931113243103027,0.04766977688429201,0.0421009721023084
3,45,-4.362043627694911,2.7193834433388613,0.0,1.0,-0.009302399560930812,0.08070356113593458,-0.008053056404116236,0.07451117498557447,0.08070356113593458,0.07451117498557447,0.006192386150360107,0.05744388312785242,0.05299418324296911
3,45,8.307153902480593,3.7452820574579277,0.0,-1.0,0.005218735760222061,-0.059455067824442875,0.0034749329594474868,-0.04677817315967847,0.059455067824442875,0.04677817315967847,0.012676894664764404,0.04220272676583898,0.03316830296555371
3,45,8.062568313868837,-8.49320536989381,0.0,-1.0,0.023037059764024093,-0.036360969240464835,0.022027461389657332,-0.033815493280687,0.036360969240464835,0.033815493280687,0.002545475959777832,0.030437035061559852,0.028536788896869884
3,45,4.0683844872164485,-1.6371551910142728,0.0,-1.0,-0.0006854574855295059,-0.07188587144372438,-0.002288621264311397,-0.06610320762155031,0.07188587144372438,0.06610320762155031,0.005782663822174072,0.05083329797085832,0.04677003231316633
3,45,5.600852969750175,-9.508336958389936,0.0,-1.0,0.007846697160123678,-0.01741354626491093,0.008557422944425436,-0.015195359409594766,0.01741354626491093,0.015195359409594766,0.002218186855316162,0.013505596059465245,0.012331432095189493
3,45,3.9082451508113394,5.265687459317014,0.0,-1.0,0.020422941258673374,-0.07117666425482577,0.018816625884298985,-0.05480428161398715,0.07117666425482577,0.05480428161398715,0.016372382640838623,0.052360357447688494,0.040973007534808085
3,45,-5.8017699833391845,8.830965149598722,0.0,1.0,-0.006676706650587241,0.043560051993410176,-0.007020327427717368,0.040581607893983906,0.043560051993410176,0.040581607893983906,0.0029784440994262695,0.031161326523164848,0.02912174356433194
3,45,-5.102353735152769,6.75403702981777,0.0,1.0,0.0010888556524751708,0.06017110766446382,0.0005809495731828734,0.05305884303128511,0.06017110766446382,0.05305884303128511,0.007112264633178711,0.04255436407820251,0.037520516562443096
3,45,-10.545755419967826,-6.382650219730227,0.0,1.0,0.019114805602368903,0.02240600777084978,0.019642676443693233,0.0177362818759218,0.02240600777084978,0.0177362818759218,0.0046697258949279785,0.02082552493268458,0.018713770767188706
3,45,0.03806820503826458,-9.36171480044527,0.0,-1.0,-0.009536106905998487,0.009270170500219332,-0.006404121241630811,0.011407671758622395,-0.009270170500219332,-0.011407671758622395,0.002137501258403063,0.00940407879661184,0.009250614677684342
3,45,-5.2391119481701,4.34792254578092,0.0,1.0,0.004091730917940045,0.04106741849452311,0.0018164502635096558,0.036804613509476725,0.04106741849452311,0.036804613509476725,0.004262804985046387,0.029182829915115543,0.026056468171470983
3,45,-0.28642119234694086,8.290930735234362,0.0,1.0,0.003933593408557812,0.005387874813781585,-0.0009765478210717049,0.0016215765197142018,0.005387874813781585,0.0016215765197142018,0.003766298294067383,0.0047171152261117925,0.0013384984228844495
3,45,8.001317950366563,-9.840201175796286,0.0,-1.0,0.01844901719754946,-0.023654976124660887,0.01804717758363497,-0.02037314438332788,0.023654976124660887,0.02037314438332788,0.003281831741333008,0.021212309292174582,0.019245332301615122
3,45,7.91193789047264,-9.408122735127417,0.0,-1.0,0.019068993399599943,-0.033665937511870025,0.017169460425833616,-0.029916507332274078,0.033665937511870025,0.029916507332274078,0.0037494301795959473,0.027358927773462938,0.02439044671870808
3,45,2.183522020407505,8.261644752232542,0.0,-1.0,0.013098426672547292,-0.019101153032146462,0.010317393156617116,-0.015349487678371437,0.019101153032146462,0.015349487678371437,0.0037516653537750244,0.016377161360467452,0.013077755417820872
3,45,-3.1853479101561266,10.352792280179568,0.0,1.0,-0.0003950483255386883,0.03215107869065431,-0.0002931243829727703,0.023140495528346572,0.03215107869065431,0.023140495528346572,0.00901058316230774,0.022735961868284315,0.016364114018200326
3,45,-5.19753999328045,4.128007017061664,0.0,1.0,0.005554560759101115,0.08490043915976964,0.004650369473729335,0.07770448960532628,0.08490043915976964,0.07770448960532628,0.007195949554443359,0.06016202171947138,0.055043681022740716
3,45,-5.961866473852972,-0.7306404982205397,0.0,1.0,0.005312244499341325,0.0712859547875368,0.004917878283426837,0.06359415419320696,0.0712859547875368,0.06359415419320696,0.007691800594329834,0.050546549296621245,0.04510211732479964
3,45,5.309261771663923,6.966197804139686,0.0,-1.0,-0.008537984782160682,-0.0624482639475068,-0.008939869099558753,-0.05759283978178109,0.0624482639475068,0.05759283978178109,0.004855424165725708,0.04456839044770343,0.041211991298936
3,45,7.420719955403666,9.65285360235826,0.0,-1.0,-0.01436620037231251,-0.024900522395082447,-0.01374899427566334,-0.02033838288397405,0.024900522395082447,0.02033838288397405,0.0045621395111083984,0.02032761334595671,0.017359214583721118
3,45,-7.718511811729348,2.41982155017417,0.0,1.0,-0.006447648992733656,0.07595302949462623,-0.00623864158053845,0.06673892627273292,0.07595302949462623,0.06673892627273292,0.00921410322189331,0.05390006895610182,0.04739728330193464
3,45,-0.10748370412553143,6.371462841073942,0.0,1.0,0.014277767506503405,0.010656066763604977,0.013454463449382129,0.00541582756062875,0.010656066763604977,0.00541582756062875,0.005240239202976227,0.012597745906315365,0.01025557835709975
3,45,-7.53760888888393,7.124702622144458,0.0,1.0,-0.01968325585277584,0.05784519410219213,-0.018404117824154166,0.05149521327104589,0.05784519410219213,0.05149521327104589,0.00634998083114624,0.04320588525702325,0.03866825922326896
3,45,-8.427539476140367,-0.33267078481362944,0.0,1.0,0.0005333871019504364,0.013755560571699132,0.00017979011381635032,0.008701682741193761,0.013755560571699132,0.008701682741193761,0.005053877830505371,0.009733959842792933,0.006154332092656987
3,45,10.013236301853158,3.3095891681863385,0.0,-1.0,-0.014153764749992123,-0.04017632168898416,-0.011781797911155453,-0.03541000646719766,0.04017632168898416,0.03541000646719766,0.004766315221786499,0.030120307776107292,0.026388248521134246
3,45,-10.247598400197125,7.189266093257839,0.0,1.0,-0.024174144210479715,0.032219505082277555,-0.023383834234624663,0.025985127459673185,0.032219505082277555,0.025985127459673185,0.00623437762260437,0.028482325713115313,0.024718723193238215
3,45,-9.088165164588972,-8.653307258131342,0.0,1.0,0.026092762643040078,0.0371370568236683,0.026656049819231885,0.024148906703886808,0.0371370568236683,0.024148906703886808,0.012988150119781494,0.03209356050573383,0.025433390326089062
3,45,-2.8267303944873143,-8.096904558977535,0.0,1.0,-0.002241009585874476,0.025867649990315933,-0.001148545854108729,0.017852971035237808,0.025867649990315933,0.017852971035237808,0.008014678955078125,0.01835970370111502,0.012650053999173887
3,45,-10.19042041948238,9.841080157194199,0.0,1.0,-0.026827247024324395,0.01622447550167766,-0.025722290997204043,0.010720552800795702,0.01622447550167766,0.010720552800795702,0.005503922700881958,0.022169063897790775,0.019704904294356427
3,45,0.43913970535940905,9.50462414243173,0.0,-1.0,0.0035002958017583685,-0.0010936012648895283,0.0009700637298818426,-0.0020591266610577603,0.0010936012648895283,0.0020591266610577603,-0.000965525396168232,0.0025930710004139143,0.0016095071056555098
3,45,-9.214060748531203,-3.7535405591667628,0.0,1.0,0.016327019755294214,0.05383515704445907,0.01625196865995754,0.041598561890650476,0.05383515704445907,0.041598561890650476,0.012236595153808594,0.03977936467624476,0.03157979446334729
3,45,-5.232096755378204,5.625636285400493,0.0,1.0,-0.0014445961973848093,0.007015564708934052,-0.0017020621857824075,0.004995205669627412,0.007015564708934052,0.004995205669627412,0.0020203590393066406,0.005064830024726377,0.00373156102496986
3,45,0.7537354673857433,-4.991184936375259,0.0,-1.0,-0.016245884298937502,-0.007539605075346456,-0.017728646695273104,-0.006575276428686605,0.007539605075346456,0.006575276428686605,0.0009643286466598511,0.012664406842538146,0.013370474444825427
3,45,-1.08242929147959,-1.0715431674093523,0.0,1.0,0.0017577704801961455,0.017256773181188678,0.0004540641620561156,0.008970848388898944,0.017256773181188678,0.008970848388898944,0.008285924792289734,0.012265520325042103,0.006351468140511866
3,45,-9.607310725394775,-1.590815128955029,0.0,1.0,0.004978753766174716,0.023635227032710038,0.004906193376648528,0.016783047267008744,0.023635227032710038,0.016783047267008744,0.006852179765701294,0.017079402008734767,0.012364089311706697
3,45,-4.193059181175355,3.8364429870343812,0.0,1.0,-0.012000025574178882,0.0731587841045439,-0.008247607711763569,0.061556054545599204,0.0731587841045439,0.061556054545599204,0.011602729558944702,0.05242236309742348,0.043915662833366904
3,45,4.521591079413659,9.672200356363163,0.0,-1.0,-0.010258319808429922,-0.030059836489901737,-0.009711223675197805,-0.02699717102740784,0.030059836489901737,0.02699717102740784,0.0030626654624938965,0.022459150641683377,0.0202873742602737
3,45,6.52030381259118,-0.3257058615497783,0.0,-1.0,-0.004193116317881589,-0.08924996671807894,-0.0041570154609217695,-0.07970541534555087,0.08924996671807894,0.07970541534555087,0.009544551372528076,0.06317886823785894,0.05643684086192776
3,45,8.714006743867575,-10.063197146894415,0.0,-1.0,0.022923660209633406,-0.026075430978370895,0.02115842767641693,-0.020329364408088912,0.026075430978370895,0.020329364408088912,0.005746066570281982,0.024550176151247004,0.02074803748520614
